producer-1  | NFD version 22.12-33-ge277f8b9 starting
producer-1  | Built with GNU C++ version 11.4.0, with GNU libstdc++ version 20230528, with Boost version 1.74.0, with libpcap version 1.10.1 (with TPACKET_V3), with WebSocket++ version 0.8.1, with ndn-cxx version 0.8.1-43-g49e1e87b
producer-1  | 1788176274.463749  INFO: [nfd.FaceTable] Added face id=255 remote=null:// local=null://
producer-1  | 1788176274.463802  INFO: [nfd.FaceTable] Added face id=254 remote=contentstore:// local=contentstore://
producer-1  | 1788176274.463841  INFO: [nfd.CsPolicy] setLimit 10
producer-1  | 1788176274.463879  INFO: [nfd.StrategyChoice] setDefaultStrategy /localhost/nfd/strategy/best-route/v=5
producer-1  | 1788176274.463935  INFO: [nfd.FaceTable] Added face id=1 remote=internal:// local=internal://
producer-1  | 1788176274.464305  WARN: [nfd.CommandAuthenticator] 'certfile any' is intended for demo purposes only and SHOULD NOT be used in production environments
producer-1  | 1788176274.464494  INFO: [nfd.StrategyChoice] changeStrategy(/ndn/broadcast) /localhost/nfd/strategy/best-route/v=5 -> /localhost/nfd/strategy/multicast/v=4
producer-1  | 1788176274.464552  INFO: [nfd.StrategyChoice] changeStrategy(/localhost) /localhost/nfd/strategy/best-route/v=5 -> /localhost/nfd/strategy/multicast/v=4
producer-1  | 1788176274.464572  INFO: [nfd.StrategyChoice] changeStrategy(/localhost/nfd) /localhost/nfd/strategy/multicast/v=4 -> /localhost/nfd/strategy/best-route/v=5
producer-1  | 1788176274.464601  INFO: [nfd.CsPolicy] setLimit 65536
producer-1  | 1788176274.464606  INFO: [nfd.CsPolicy] setLimit 65536
producer-1  | 1788176274.464622  INFO: [nfd.EthernetFactory] enabling multicast on 01:00:5e:00:17:aa
producer-1  | 1788176274.464651  INFO: [nfd.TcpChannel] [tcp4://0.0.0.0:6363] Creating channel
producer-1  | 1788176274.464772  INFO: [nfd.TcpChannel] [tcp6://[::]:6363] Creating channel
producer-1  | 1788176274.464833  INFO: [nfd.UdpChannel] [udp4://0.0.0.0:6363] Creating channel
producer-1  | 1788176274.464877  INFO: [nfd.UdpChannel] [udp6://[::]:6363] Creating channel
producer-1  | 1788176274.464895  INFO: [nfd.UdpFactory] enabling multicast on 224.0.23.170:56363
producer-1  | 1788176274.464906  INFO: [nfd.UdpFactory] enabling multicast on [ff02::1234]:56363
producer-1  | 1788176274.464939  INFO: [nfd.UnixStreamChannel] [unix:///run/nfd.sock] Creating channel
producer-1  | 1788176274.465409  INFO: [nfd.WebSocketChannel] [ws://0.0.0.0:9696] Creating channel
producer-1  | 1788176274.465534  INFO: [nfd.WebSocketChannel] [ws://[::]:9696] Creating channel
producer-1  | 1788176274.465606  WARN: [nfd.CommandAuthenticator] 'certfile any' is intended for demo purposes only and SHOULD NOT be used in production environments
producer-1  | 1788176274.465643  INFO: [nfd.CommandAuthenticator] authorize module=faces signer=any
producer-1  | 1788176274.465648  INFO: [nfd.CommandAuthenticator] authorize module=fib signer=any
producer-1  | 1788176274.465651  INFO: [nfd.CommandAuthenticator] authorize module=cs signer=any
producer-1  | 1788176274.465653  INFO: [nfd.CommandAuthenticator] authorize module=strategy-choice signer=any
producer-1  | 1788176274.466509  INFO: [nfd.EthernetChannel] [dev://eth0] Creating channel
producer-1  | 1788176274.475114  INFO: [nfd.RibManager] Start monitoring face create/destroy events
producer-1  | 1788176274.519032  INFO: [nfd.FaceTable] Added face id=256 remote=ether://[01:00:5e:00:17:aa] local=dev://eth0
producer-1  | 1788176274.522578  INFO: [nfd.FaceTable] Added face id=257 remote=fd://28 local=unix:///run/nfd.sock
producer-1  | 1788176274.522872  INFO: [nfd.FaceTable] Added face id=258 remote=udp4://224.0.23.170:56363 local=udp4://172.21.0.2:58269
producer-1  | 1788176277.451889  INFO: [nfd.FaceTable] Added face id=259 remote=fd://31 local=unix:///run/nfd.sock
producer-1  | 1788176277.457682  INFO: [nfd.FaceTable] Added face id=260 remote=udp4://172.21.0.3:6363 local=udp4://172.21.0.2:6363
producer-1  | 1788176277.458510  INFO: [nfd.Transport] [id=259,local=unix:///run/nfd.sock,remote=fd://31] setState UP -> CLOSING
producer-1  | 1788176277.458572  INFO: [nfd.Transport] [id=259,local=unix:///run/nfd.sock,remote=fd://31] setState CLOSING -> CLOSED
producer-1  | 1788176277.458730  INFO: [nfd.FaceTable] Removed face id=259 remote=fd://31 local=unix:///run/nfd.sock
producer-1  | face-created id=260 local=udp4://172.21.0.2:6363 remote=udp4://172.21.0.3:6363 persistency=persistent reliability=off congestion-marking=on congestion-marking-interval=100ms default-congestion-threshold=65536B mtu=8800
producer-1  | 1788176277.467184  INFO: [nfd.FaceTable] Added face id=261 remote=fd://31 local=unix:///run/nfd.sock
producer-1  | 1788176277.476270  INFO: [nfd.RibManager] Adding route /gateway nexthop=260 origin=static cost=0
producer-1  | 1788176277.479604  INFO: [nfd.Transport] [id=261,local=unix:///run/nfd.sock,remote=fd://31] setState UP -> CLOSING
producer-1  | 1788176277.480309  INFO: [nfd.Transport] [id=261,local=unix:///run/nfd.sock,remote=fd://31] setState CLOSING -> CLOSEDroute-add-accepted prefix=/gateway nexthop=260 origin=static cost=0 flags=child-inherit expires=never
producer-1  | 
producer-1  | 1788176277.480959  INFO: [nfd.FaceTable] Removed face id=261 remote=fd://31 local=unix:///run/nfd.sock
producer-1  | 1788176277.500911  INFO: [nfd.FaceTable] Added face id=262 remote=fd://31 local=unix:///run/nfd.sock
producer-1  | 1788176277.501507  INFO: [nfd.RibManager] Adding route /producer/setup nexthop=262 origin=app cost=0
producer-1  | [11:38:02.493292] [Producer] Received I_2 for session session-12345
producer-1  | [11:38:02.495792] [Producer] Generated the session key for session session-12345
producer-1  | [11:38:02.498234] [Producer] Transmitting D_2 with producer public key for session session-12345
producer-1  | [11:38:02.508411] [Producer] Starting pipeline fetch for 500 chunks (Window: 20)
producer-1  | [11:38:02.508691] [Producer] Expressing Interest for chunk 1
producer-1  | [11:38:02.508790] [Producer] Expressing Interest for chunk 2
producer-1  | [11:38:02.508827] [Producer] Expressing Interest for chunk 3
producer-1  | [11:38:02.508855] [Producer] Expressing Interest for chunk 4
producer-1  | [11:38:02.508884] [Producer] Expressing Interest for chunk 5
producer-1  | [11:38:02.508961] [Producer] Expressing Interest for chunk 6
producer-1  | [11:38:02.509022] [Producer] Expressing Interest for chunk 7
producer-1  | [11:38:02.509063] [Producer] Expressing Interest for chunk 8
producer-1  | [11:38:02.509144] [Producer] Expressing Interest for chunk 9
producer-1  | [11:38:02.509250] [Producer] Expressing Interest for chunk 10
producer-1  | [11:38:02.509276] [Producer] Expressing Interest for chunk 11
producer-1  | [11:38:02.509299] [Producer] Expressing Interest for chunk 12
producer-1  | [11:38:02.509355] [Producer] Expressing Interest for chunk 13
producer-1  | [11:38:02.509383] [Producer] Expressing Interest for chunk 14
producer-1  | [11:38:02.509405] [Producer] Expressing Interest for chunk 15
producer-1  | [11:38:02.509427] [Producer] Expressing Interest for chunk 16
producer-1  | [11:38:02.509448] [Producer] Expressing Interest for chunk 17
producer-1  | [11:38:02.509469] [Producer] Expressing Interest for chunk 18
producer-1  | [11:38:02.509491] [Producer] Expressing Interest for chunk 19
producer-1  | [11:38:02.509512] [Producer] Expressing Interest for chunk 20
producer-1  | [11:38:02.517509] [Producer] Received Data for chunk 1: This is chunk 1 for session session-12345
producer-1  | [11:38:02.517606] [Producer] Expressing Interest for chunk 21
producer-1  | [11:38:02.519936] [Producer] Received Data for chunk 2: This is chunk 2 for session session-12345
producer-1  | [11:38:02.520006] [Producer] Expressing Interest for chunk 22
producer-1  | [11:38:02.521554] [Producer] Received Data for chunk 3: This is chunk 3 for session session-12345
producer-1  | [11:38:02.521622] [Producer] Expressing Interest for chunk 23
producer-1  | [11:38:02.521847] [Producer] Received Data for chunk 4: This is chunk 4 for session session-12345
producer-1  | [11:38:02.521912] [Producer] Expressing Interest for chunk 24
producer-1  | [11:38:02.521986] [Producer] Received Data for chunk 5: This is chunk 5 for session session-12345
producer-1  | [11:38:02.522006] [Producer] Expressing Interest for chunk 25
producer-1  | [11:38:02.522036] [Producer] Received Data for chunk 6: This is chunk 6 for session session-12345
producer-1  | [11:38:02.522049] [Producer] Expressing Interest for chunk 26
producer-1  | [11:38:02.522077] [Producer] Received Data for chunk 7: This is chunk 7 for session session-12345
producer-1  | [11:38:02.522089] [Producer] Expressing Interest for chunk 27
producer-1  | [11:38:02.522120] [Producer] Received Data for chunk 8: This is chunk 8 for session session-12345
producer-1  | [11:38:02.522157] [Producer] Expressing Interest for chunk 28
producer-1  | [11:38:02.522192] [Producer] Received Data for chunk 9: This is chunk 9 for session session-12345
producer-1  | [11:38:02.522207] [Producer] Expressing Interest for chunk 29
producer-1  | [11:38:02.522274] [Producer] Received Data for chunk 10: This is chunk 10 for session session-12345
producer-1  | [11:38:02.522295] [Producer] Expressing Interest for chunk 30
producer-1  | [11:38:02.522332] [Producer] Received Data for chunk 11: This is chunk 11 for session session-12345
producer-1  | [11:38:02.522346] [Producer] Expressing Interest for chunk 31
producer-1  | [11:38:02.522374] [Producer] Received Data for chunk 12: This is chunk 12 for session session-12345
producer-1  | [11:38:02.522406] [Producer] Expressing Interest for chunk 32
producer-1  | [11:38:02.522440] [Producer] Received Data for chunk 13: This is chunk 13 for session session-12345
producer-1  | [11:38:02.522454] [Producer] Expressing Interest for chunk 33
producer-1  | [11:38:02.522482] [Producer] Received Data for chunk 14: This is chunk 14 for session session-12345
producer-1  | [11:38:02.522494] [Producer] Expressing Interest for chunk 34
producer-1  | [11:38:02.522542] [Producer] Received Data for chunk 15: This is chunk 15 for session session-12345
producer-1  | [11:38:02.522560] [Producer] Expressing Interest for chunk 35
producer-1  | [11:38:02.522589] [Producer] Received Data for chunk 16: This is chunk 16 for session session-12345
producer-1  | [11:38:02.522603] [Producer] Expressing Interest for chunk 36
producer-1  | [11:38:02.523173] [Producer] Received Data for chunk 17: This is chunk 17 for session session-12345
producer-1  | [11:38:02.523226] [Producer] Expressing Interest for chunk 37
producer-1  | [11:38:02.523917] [Producer] Received Data for chunk 18: This is chunk 18 for session session-12345
producer-1  | [11:38:02.523971] [Producer] Expressing Interest for chunk 38
producer-1  | [11:38:02.524771] [Producer] Received Data for chunk 19: This is chunk 19 for session session-12345
producer-1  | [11:38:02.524823] [Producer] Expressing Interest for chunk 39
producer-1  | [11:38:02.525298] [Producer] Received Data for chunk 20: This is chunk 20 for session session-12345
producer-1  | [11:38:02.525334] [Producer] Expressing Interest for chunk 40
producer-1  | [11:38:02.525825] [Producer] Received Data for chunk 21: This is chunk 21 for session session-12345
producer-1  | [11:38:02.525886] [Producer] Expressing Interest for chunk 41
producer-1  | [11:38:02.526363] [Producer] Received Data for chunk 22: This is chunk 22 for session session-12345
producer-1  | [11:38:02.526409] [Producer] Expressing Interest for chunk 42
producer-1  | [11:38:02.528875] [Producer] Received Data for chunk 23: This is chunk 23 for session session-12345
producer-1  | [11:38:02.528940] [Producer] Expressing Interest for chunk 43
producer-1  | [11:38:02.528991] [Producer] Received Data for chunk 24: This is chunk 24 for session session-12345
producer-1  | [11:38:02.529024] [Producer] Expressing Interest for chunk 44
producer-1  | [11:38:02.529952] [Producer] Received Data for chunk 25: This is chunk 25 for session session-12345
producer-1  | [11:38:02.530043] [Producer] Expressing Interest for chunk 45
producer-1  | [11:38:02.530156] [Producer] Received Data for chunk 26: This is chunk 26 for session session-12345
producer-1  | [11:38:02.530230] [Producer] Expressing Interest for chunk 46
producer-1  | [11:38:02.530300] [Producer] Received Data for chunk 27: This is chunk 27 for session session-12345
producer-1  | [11:38:02.530341] [Producer] Expressing Interest for chunk 47
producer-1  | [11:38:02.530524] [Producer] Received Data for chunk 28: This is chunk 28 for session session-12345
producer-1  | [11:38:02.530608] [Producer] Expressing Interest for chunk 48
producer-1  | [11:38:02.530725] [Producer] Received Data for chunk 29: This is chunk 29 for session session-12345
producer-1  | [11:38:02.530810] [Producer] Expressing Interest for chunk 49
producer-1  | [11:38:02.530930] [Producer] Received Data for chunk 30: This is chunk 30 for session session-12345
producer-1  | [11:38:02.530979] [Producer] Expressing Interest for chunk 50
producer-1  | [11:38:02.531919] [Producer] Received Data for chunk 31: This is chunk 31 for session session-12345
producer-1  | [11:38:02.532022] [Producer] Expressing Interest for chunk 51
producer-1  | [11:38:02.532178] [Producer] Received Data for chunk 32: This is chunk 32 for session session-12345
producer-1  | [11:38:02.532270] [Producer] Expressing Interest for chunk 52
producer-1  | [11:38:02.533095] [Producer] Received Data for chunk 33: This is chunk 33 for session session-12345
producer-1  | [11:38:02.533241] [Producer] Expressing Interest for chunk 53
producer-1  | [11:38:02.533331] [Producer] Received Data for chunk 34: This is chunk 34 for session session-12345
producer-1  | [11:38:02.533371] [Producer] Expressing Interest for chunk 54
producer-1  | [11:38:02.533581] [Producer] Received Data for chunk 35: This is chunk 35 for session session-12345
producer-1  | [11:38:02.533626] [Producer] Expressing Interest for chunk 55
producer-1  | [11:38:02.533749] [Producer] Received Data for chunk 36: This is chunk 36 for session session-12345
producer-1  | [11:38:02.533798] [Producer] Expressing Interest for chunk 56
producer-1  | [11:38:02.533948] [Producer] Received Data for chunk 37: This is chunk 37 for session session-12345
producer-1  | [11:38:02.533999] [Producer] Expressing Interest for chunk 57
producer-1  | [11:38:02.534140] [Producer] Received Data for chunk 38: This is chunk 38 for session session-12345
producer-1  | [11:38:02.534228] [Producer] Expressing Interest for chunk 58
producer-1  | [11:38:02.534591] [Producer] Received Data for chunk 39: This is chunk 39 for session session-12345
producer-1  | [11:38:02.534697] [Producer] Expressing Interest for chunk 59
producer-1  | [11:38:02.534928] [Producer] Received Data for chunk 40: This is chunk 40 for session session-12345
producer-1  | [11:38:02.535024] [Producer] Expressing Interest for chunk 60
producer-1  | [11:38:02.535393] [Producer] Received Data for chunk 41: This is chunk 41 for session session-12345
producer-1  | [11:38:02.535450] [Producer] Expressing Interest for chunk 61
producer-1  | [11:38:02.535620] [Producer] Received Data for chunk 42: This is chunk 42 for session session-12345
producer-1  | [11:38:02.535682] [Producer] Expressing Interest for chunk 62
producer-1  | [11:38:02.535826] [Producer] Received Data for chunk 43: This is chunk 43 for session session-12345
producer-1  | [11:38:02.535919] [Producer] Expressing Interest for chunk 63
producer-1  | [11:38:02.536063] [Producer] Received Data for chunk 44: This is chunk 44 for session session-12345
producer-1  | [11:38:02.536155] [Producer] Expressing Interest for chunk 64
producer-1  | [11:38:02.536325] [Producer] Received Data for chunk 45: This is chunk 45 for session session-12345
producer-1  | [11:38:02.536440] [Producer] Expressing Interest for chunk 65
producer-1  | [11:38:02.536611] [Producer] Received Data for chunk 46: This is chunk 46 for session session-12345
producer-1  | [11:38:02.536663] [Producer] Expressing Interest for chunk 66
producer-1  | [11:38:02.536794] [Producer] Received Data for chunk 47: This is chunk 47 for session session-12345
producer-1  | [11:38:02.536905] [Producer] Expressing Interest for chunk 67
producer-1  | [11:38:02.536957] [Producer] Received Data for chunk 48: This is chunk 48 for session session-12345
producer-1  | [11:38:02.536995] [Producer] Expressing Interest for chunk 68
producer-1  | [11:38:02.537640] [Producer] Received Data for chunk 49: This is chunk 49 for session session-12345
producer-1  | [11:38:02.537690] [Producer] Expressing Interest for chunk 69
producer-1  | [11:38:02.537758] [Producer] Received Data for chunk 50: This is chunk 50 for session session-12345
producer-1  | [11:38:02.537780] [Producer] Expressing Interest for chunk 70
producer-1  | [11:38:02.537988] [Producer] Received Data for chunk 51: This is chunk 51 for session session-12345
producer-1  | [11:38:02.538080] [Producer] Expressing Interest for chunk 71
producer-1  | [11:38:02.538246] [Producer] Received Data for chunk 52: This is chunk 52 for session session-12345
producer-1  | [11:38:02.538322] [Producer] Expressing Interest for chunk 72
producer-1  | [11:38:02.539447] [Producer] Received Data for chunk 53: This is chunk 53 for session session-12345
producer-1  | [11:38:02.539486] [Producer] Expressing Interest for chunk 73
producer-1  | [11:38:02.540979] [Producer] Received Data for chunk 54: This is chunk 54 for session session-12345
producer-1  | [11:38:02.541031] [Producer] Expressing Interest for chunk 74
producer-1  | [11:38:02.541874] [Producer] Received Data for chunk 55: This is chunk 55 for session session-12345
producer-1  | [11:38:02.541926] [Producer] Expressing Interest for chunk 75
producer-1  | [11:38:02.541986] [Producer] Received Data for chunk 56: This is chunk 56 for session session-12345
producer-1  | [11:38:02.542002] [Producer] Expressing Interest for chunk 76
producer-1  | [11:38:02.542343] [Producer] Received Data for chunk 57: This is chunk 57 for session session-12345
producer-1  | [11:38:02.542452] [Producer] Expressing Interest for chunk 77
producer-1  | [11:38:02.542611] [Producer] Received Data for chunk 58: This is chunk 58 for session session-12345
producer-1  | [11:38:02.542703] [Producer] Expressing Interest for chunk 78
producer-1  | [11:38:02.542788] [Producer] Received Data for chunk 59: This is chunk 59 for session session-12345
producer-1  | [11:38:02.542870] [Producer] Expressing Interest for chunk 79
producer-1  | [11:38:02.543022] [Producer] Received Data for chunk 60: This is chunk 60 for session session-12345
producer-1  | [11:38:02.543117] [Producer] Expressing Interest for chunk 80
producer-1  | [11:38:02.543575] [Producer] Received Data for chunk 61: This is chunk 61 for session session-12345
producer-1  | [11:38:02.543832] [Producer] Expressing Interest for chunk 81
producer-1  | [11:38:02.543941] [Producer] Received Data for chunk 62: This is chunk 62 for session session-12345
producer-1  | [11:38:02.543996] [Producer] Expressing Interest for chunk 82
producer-1  | [11:38:02.544175] [Producer] Received Data for chunk 63: This is chunk 63 for session session-12345
producer-1  | [11:38:02.544222] [Producer] Expressing Interest for chunk 83
producer-1  | [11:38:02.544291] [Producer] Received Data for chunk 64: This is chunk 64 for session session-12345
producer-1  | [11:38:02.544329] [Producer] Expressing Interest for chunk 84
producer-1  | [11:38:02.544442] [Producer] Received Data for chunk 65: This is chunk 65 for session session-12345
producer-1  | [11:38:02.544487] [Producer] Expressing Interest for chunk 85
producer-1  | [11:38:02.544799] [Producer] Received Data for chunk 66: This is chunk 66 for session session-12345
producer-1  | [11:38:02.544864] [Producer] Expressing Interest for chunk 86
producer-1  | [11:38:02.544956] [Producer] Received Data for chunk 67: This is chunk 67 for session session-12345
producer-1  | [11:38:02.545011] [Producer] Expressing Interest for chunk 87
producer-1  | [11:38:02.545048] [Producer] Received Data for chunk 68: This is chunk 68 for session session-12345
producer-1  | [11:38:02.545080] [Producer] Expressing Interest for chunk 88
producer-1  | [11:38:02.545527] [Producer] Received Data for chunk 69: This is chunk 69 for session session-12345
producer-1  | [11:38:02.545656] [Producer] Expressing Interest for chunk 89
producer-1  | [11:38:02.545737] [Producer] Received Data for chunk 70: This is chunk 70 for session session-12345
producer-1  | [11:38:02.545772] [Producer] Expressing Interest for chunk 90
producer-1  | [11:38:02.545807] [Producer] Received Data for chunk 71: This is chunk 71 for session session-12345
producer-1  | [11:38:02.545820] [Producer] Expressing Interest for chunk 91
producer-1  | [11:38:02.545845] [Producer] Received Data for chunk 72: This is chunk 72 for session session-12345
producer-1  | [11:38:02.545856] [Producer] Expressing Interest for chunk 92
producer-1  | [11:38:02.545926] [Producer] Received Data for chunk 73: This is chunk 73 for session session-12345
producer-1  | [11:38:02.546032] [Producer] Expressing Interest for chunk 93
producer-1  | [11:38:02.546162] [Producer] Received Data for chunk 74: This is chunk 74 for session session-12345
producer-1  | [11:38:02.546216] [Producer] Expressing Interest for chunk 94
producer-1  | [11:38:02.546373] [Producer] Received Data for chunk 75: This is chunk 75 for session session-12345
producer-1  | [11:38:02.546428] [Producer] Expressing Interest for chunk 95
producer-1  | [11:38:02.546473] [Producer] Received Data for chunk 76: This is chunk 76 for session session-12345
producer-1  | [11:38:02.546506] [Producer] Expressing Interest for chunk 96
producer-1  | [11:38:02.546539] [Producer] Received Data for chunk 77: This is chunk 77 for session session-12345
producer-1  | [11:38:02.546571] [Producer] Expressing Interest for chunk 97
producer-1  | [11:38:02.546726] [Producer] Received Data for chunk 78: This is chunk 78 for session session-12345
producer-1  | [11:38:02.547023] [Producer] Expressing Interest for chunk 98
producer-1  | [11:38:02.547517] [Producer] Received Data for chunk 79: This is chunk 79 for session session-12345
producer-1  | [11:38:02.547570] [Producer] Expressing Interest for chunk 99
producer-1  | [11:38:02.548119] [Producer] Received Data for chunk 80: This is chunk 80 for session session-12345
producer-1  | [11:38:02.548236] [Producer] Expressing Interest for chunk 100
producer-1  | [11:38:02.548300] [Producer] Received Data for chunk 81: This is chunk 81 for session session-12345
producer-1  | [11:38:02.548341] [Producer] Expressing Interest for chunk 101
producer-1  | [11:38:02.550025] [Producer] Received Data for chunk 82: This is chunk 82 for session session-12345
producer-1  | [11:38:02.550087] [Producer] Expressing Interest for chunk 102
producer-1  | [11:38:02.550820] [Producer] Received Data for chunk 83: This is chunk 83 for session session-12345
producer-1  | [11:38:02.550880] [Producer] Expressing Interest for chunk 103
producer-1  | [11:38:02.551092] [Producer] Received Data for chunk 84: This is chunk 84 for session session-12345
producer-1  | [11:38:02.551204] [Producer] Expressing Interest for chunk 104
producer-1  | [11:38:02.555172] [Producer] Received Data for chunk 85: This is chunk 85 for session session-12345
producer-1  | [11:38:02.555227] [Producer] Expressing Interest for chunk 105
producer-1  | [11:38:02.556232] [Producer] Received Data for chunk 86: This is chunk 86 for session session-12345
producer-1  | [11:38:02.556293] [Producer] Expressing Interest for chunk 106
producer-1  | [11:38:02.556947] [Producer] Received Data for chunk 87: This is chunk 87 for session session-12345
producer-1  | [11:38:02.557001] [Producer] Expressing Interest for chunk 107
producer-1  | [11:38:02.557851] [Producer] Received Data for chunk 88: This is chunk 88 for session session-12345
producer-1  | [11:38:02.557908] [Producer] Expressing Interest for chunk 108
producer-1  | [11:38:02.558268] [Producer] Received Data for chunk 89: This is chunk 89 for session session-12345
producer-1  | [11:38:02.558314] [Producer] Expressing Interest for chunk 109
producer-1  | [11:38:02.558380] [Producer] Received Data for chunk 90: This is chunk 90 for session session-12345
producer-1  | [11:38:02.558398] [Producer] Expressing Interest for chunk 110
producer-1  | [11:38:02.558427] [Producer] Received Data for chunk 91: This is chunk 91 for session session-12345
producer-1  | [11:38:02.558439] [Producer] Expressing Interest for chunk 111
producer-1  | [11:38:02.558871] [Producer] Received Data for chunk 92: This is chunk 92 for session session-12345
producer-1  | [11:38:02.558966] [Producer] Expressing Interest for chunk 112
producer-1  | [11:38:02.559084] [Producer] Received Data for chunk 93: This is chunk 93 for session session-12345
producer-1  | [11:38:02.559129] [Producer] Expressing Interest for chunk 113
producer-1  | [11:38:02.559197] [Producer] Received Data for chunk 94: This is chunk 94 for session session-12345
producer-1  | [11:38:02.559235] [Producer] Expressing Interest for chunk 114
producer-1  | [11:38:02.559339] [Producer] Received Data for chunk 95: This is chunk 95 for session session-12345
producer-1  | [11:38:02.559388] [Producer] Expressing Interest for chunk 115
producer-1  | [11:38:02.559490] [Producer] Received Data for chunk 96: This is chunk 96 for session session-12345
producer-1  | [11:38:02.559527] [Producer] Expressing Interest for chunk 116
producer-1  | [11:38:02.559591] [Producer] Received Data for chunk 97: This is chunk 97 for session session-12345
producer-1  | [11:38:02.559626] [Producer] Expressing Interest for chunk 117
producer-1  | [11:38:02.559685] [Producer] Received Data for chunk 98: This is chunk 98 for session session-12345
producer-1  | [11:38:02.559719] [Producer] Expressing Interest for chunk 118
producer-1  | [11:38:02.559844] [Producer] Received Data for chunk 99: This is chunk 99 for session session-12345
producer-1  | [11:38:02.559896] [Producer] Expressing Interest for chunk 119
producer-1  | [11:38:02.559970] [Producer] Received Data for chunk 100: This is chunk 100 for session session-12345
producer-1  | [11:38:02.560006] [Producer] Expressing Interest for chunk 120
producer-1  | [11:38:02.560067] [Producer] Received Data for chunk 101: This is chunk 101 for session session-12345
producer-1  | [11:38:02.560185] [Producer] Expressing Interest for chunk 121
producer-1  | [11:38:02.560261] [Producer] Received Data for chunk 102: This is chunk 102 for session session-12345
producer-1  | [11:38:02.560283] [Producer] Expressing Interest for chunk 122
producer-1  | [11:38:02.560360] [Producer] Received Data for chunk 103: This is chunk 103 for session session-12345
producer-1  | [11:38:02.560379] [Producer] Expressing Interest for chunk 123
producer-1  | [11:38:02.560407] [Producer] Received Data for chunk 104: This is chunk 104 for session session-12345
producer-1  | [11:38:02.560419] [Producer] Expressing Interest for chunk 124
producer-1  | [11:38:02.562179] [Producer] Received Data for chunk 105: This is chunk 105 for session session-12345
producer-1  | [11:38:02.562234] [Producer] Expressing Interest for chunk 125
producer-1  | [11:38:02.562507] [Producer] Received Data for chunk 106: This is chunk 106 for session session-12345
producer-1  | [11:38:02.562605] [Producer] Expressing Interest for chunk 126
producer-1  | [11:38:02.562696] [Producer] Received Data for chunk 107: This is chunk 107 for session session-12345
producer-1  | [11:38:02.562737] [Producer] Expressing Interest for chunk 127
producer-1  | [11:38:02.562834] [Producer] Received Data for chunk 108: This is chunk 108 for session session-12345
producer-1  | [11:38:02.562875] [Producer] Expressing Interest for chunk 128
producer-1  | [11:38:02.563364] [Producer] Received Data for chunk 109: This is chunk 109 for session session-12345
producer-1  | [11:38:02.563417] [Producer] Expressing Interest for chunk 129
producer-1  | [11:38:02.563490] [Producer] Received Data for chunk 110: This is chunk 110 for session session-12345
producer-1  | [11:38:02.563509] [Producer] Expressing Interest for chunk 130
producer-1  | [11:38:02.563537] [Producer] Received Data for chunk 111: This is chunk 111 for session session-12345
producer-1  | [11:38:02.563549] [Producer] Expressing Interest for chunk 131
producer-1  | [11:38:02.565035] [Producer] Received Data for chunk 112: This is chunk 112 for session session-12345
producer-1  | [11:38:02.565141] [Producer] Expressing Interest for chunk 132
producer-1  | [11:38:02.565309] [Producer] Received Data for chunk 113: This is chunk 113 for session session-12345
producer-1  | [11:38:02.565363] [Producer] Expressing Interest for chunk 133
producer-1  | [11:38:02.565570] [Producer] Received Data for chunk 114: This is chunk 114 for session session-12345
producer-1  | [11:38:02.565632] [Producer] Expressing Interest for chunk 134
producer-1  | [11:38:02.565681] [Producer] Received Data for chunk 115: This is chunk 115 for session session-12345
producer-1  | [11:38:02.565712] [Producer] Expressing Interest for chunk 135
producer-1  | [11:38:02.565745] [Producer] Received Data for chunk 116: This is chunk 116 for session session-12345
producer-1  | [11:38:02.565758] [Producer] Expressing Interest for chunk 136
producer-1  | [11:38:02.566008] [Producer] Received Data for chunk 117: This is chunk 117 for session session-12345
producer-1  | [11:38:02.566046] [Producer] Expressing Interest for chunk 137
producer-1  | [11:38:02.566344] [Producer] Received Data for chunk 118: This is chunk 118 for session session-12345
producer-1  | [11:38:02.566494] [Producer] Expressing Interest for chunk 138
producer-1  | [11:38:02.567115] [Producer] Received Data for chunk 119: This is chunk 119 for session session-12345
producer-1  | [11:38:02.567220] [Producer] Expressing Interest for chunk 139
producer-1  | [11:38:02.567392] [Producer] Received Data for chunk 120: This is chunk 120 for session session-12345
producer-1  | [11:38:02.567446] [Producer] Expressing Interest for chunk 140
producer-1  | [11:38:02.567615] [Producer] Received Data for chunk 121: This is chunk 121 for session session-12345
producer-1  | [11:38:02.567687] [Producer] Expressing Interest for chunk 141
producer-1  | [11:38:02.567762] [Producer] Received Data for chunk 122: This is chunk 122 for session session-12345
producer-1  | [11:38:02.567786] [Producer] Expressing Interest for chunk 142
producer-1  | [11:38:02.567815] [Producer] Received Data for chunk 123: This is chunk 123 for session session-12345
producer-1  | [11:38:02.567827] [Producer] Expressing Interest for chunk 143
producer-1  | [11:38:02.567852] [Producer] Received Data for chunk 124: This is chunk 124 for session session-12345
producer-1  | [11:38:02.567864] [Producer] Expressing Interest for chunk 144
producer-1  | [11:38:02.567888] [Producer] Received Data for chunk 125: This is chunk 125 for session session-12345
producer-1  | [11:38:02.567899] [Producer] Expressing Interest for chunk 145
producer-1  | [11:38:02.567923] [Producer] Received Data for chunk 126: This is chunk 126 for session session-12345
producer-1  | [11:38:02.567933] [Producer] Expressing Interest for chunk 146
producer-1  | [11:38:02.567958] [Producer] Received Data for chunk 127: This is chunk 127 for session session-12345
producer-1  | [11:38:02.567974] [Producer] Expressing Interest for chunk 147
producer-1  | [11:38:02.568091] [Producer] Received Data for chunk 128: This is chunk 128 for session session-12345
producer-1  | [11:38:02.568109] [Producer] Expressing Interest for chunk 148
producer-1  | [11:38:02.568136] [Producer] Received Data for chunk 129: This is chunk 129 for session session-12345
producer-1  | [11:38:02.568148] [Producer] Expressing Interest for chunk 149
producer-1  | [11:38:02.568172] [Producer] Received Data for chunk 130: This is chunk 130 for session session-12345
producer-1  | [11:38:02.568202] [Producer] Expressing Interest for chunk 150
producer-1  | [11:38:02.568234] [Producer] Received Data for chunk 131: This is chunk 131 for session session-12345
producer-1  | [11:38:02.568247] [Producer] Expressing Interest for chunk 151
producer-1  | [11:38:02.569090] [Producer] Received Data for chunk 132: This is chunk 132 for session session-12345
producer-1  | [11:38:02.569266] [Producer] Expressing Interest for chunk 152
producer-1  | [11:38:02.570148] [Producer] Received Data for chunk 133: This is chunk 133 for session session-12345
producer-1  | [11:38:02.570239] [Producer] Expressing Interest for chunk 153
producer-1  | [11:38:02.570910] [Producer] Received Data for chunk 134: This is chunk 134 for session session-12345
producer-1  | [11:38:02.570962] [Producer] Expressing Interest for chunk 154
producer-1  | [11:38:02.571153] [Producer] Received Data for chunk 135: This is chunk 135 for session session-12345
producer-1  | [11:38:02.571200] [Producer] Expressing Interest for chunk 155
producer-1  | [11:38:02.571668] [Producer] Received Data for chunk 136: This is chunk 136 for session session-12345
producer-1  | [11:38:02.571771] [Producer] Expressing Interest for chunk 156
producer-1  | [11:38:02.571881] [Producer] Received Data for chunk 137: This is chunk 137 for session session-12345
producer-1  | [11:38:02.571969] [Producer] Expressing Interest for chunk 157
producer-1  | [11:38:02.572158] [Producer] Received Data for chunk 138: This is chunk 138 for session session-12345
producer-1  | [11:38:02.572241] [Producer] Expressing Interest for chunk 158
producer-1  | [11:38:02.573065] [Producer] Received Data for chunk 139: This is chunk 139 for session session-12345
producer-1  | [11:38:02.573116] [Producer] Expressing Interest for chunk 159
producer-1  | [11:38:02.573312] [Producer] Received Data for chunk 140: This is chunk 140 for session session-12345
producer-1  | [11:38:02.573353] [Producer] Expressing Interest for chunk 160
producer-1  | [11:38:02.573400] [Producer] Received Data for chunk 141: This is chunk 141 for session session-12345
producer-1  | [11:38:02.573431] [Producer] Expressing Interest for chunk 161
producer-1  | [11:38:02.573618] [Producer] Received Data for chunk 142: This is chunk 142 for session session-12345
producer-1  | [11:38:02.573671] [Producer] Expressing Interest for chunk 162
producer-1  | [11:38:02.573824] [Producer] Received Data for chunk 143: This is chunk 143 for session session-12345
producer-1  | [11:38:02.573987] [Producer] Expressing Interest for chunk 163
producer-1  | [11:38:02.574095] [Producer] Received Data for chunk 144: This is chunk 144 for session session-12345
producer-1  | [11:38:02.574152] [Producer] Expressing Interest for chunk 164
producer-1  | [11:38:02.574421] [Producer] Received Data for chunk 145: This is chunk 145 for session session-12345
producer-1  | [11:38:02.574529] [Producer] Expressing Interest for chunk 165
producer-1  | [11:38:02.574612] [Producer] Received Data for chunk 146: This is chunk 146 for session session-12345
producer-1  | [11:38:02.574698] [Producer] Expressing Interest for chunk 166
producer-1  | [11:38:02.574818] [Producer] Received Data for chunk 147: This is chunk 147 for session session-12345
producer-1  | [11:38:02.574871] [Producer] Expressing Interest for chunk 167
producer-1  | [11:38:02.574947] [Producer] Received Data for chunk 148: This is chunk 148 for session session-12345
producer-1  | [11:38:02.574984] [Producer] Expressing Interest for chunk 168
producer-1  | [11:38:02.575049] [Producer] Received Data for chunk 149: This is chunk 149 for session session-12345
producer-1  | [11:38:02.575085] [Producer] Expressing Interest for chunk 169
producer-1  | [11:38:02.575192] [Producer] Received Data for chunk 150: This is chunk 150 for session session-12345
producer-1  | [11:38:02.575233] [Producer] Expressing Interest for chunk 170
producer-1  | [11:38:02.575377] [Producer] Received Data for chunk 151: This is chunk 151 for session session-12345
producer-1  | [11:38:02.575425] [Producer] Expressing Interest for chunk 171
producer-1  | [11:38:02.575493] [Producer] Received Data for chunk 152: This is chunk 152 for session session-12345
producer-1  | [11:38:02.575527] [Producer] Expressing Interest for chunk 172
producer-1  | [11:38:02.576336] [Producer] Received Data for chunk 153: This is chunk 153 for session session-12345
producer-1  | [11:38:02.576431] [Producer] Expressing Interest for chunk 173
producer-1  | [11:38:02.576702] [Producer] Received Data for chunk 154: This is chunk 154 for session session-12345
producer-1  | [11:38:02.576738] [Producer] Expressing Interest for chunk 174
producer-1  | [11:38:02.577718] [Producer] Received Data for chunk 155: This is chunk 155 for session session-12345
producer-1  | [11:38:02.577860] [Producer] Expressing Interest for chunk 175
producer-1  | [11:38:02.578058] [Producer] Received Data for chunk 156: This is chunk 156 for session session-12345
producer-1  | [11:38:02.578111] [Producer] Expressing Interest for chunk 176
producer-1  | [11:38:02.579320] [Producer] Received Data for chunk 157: This is chunk 157 for session session-12345
producer-1  | [11:38:02.579449] [Producer] Expressing Interest for chunk 177
producer-1  | [11:38:02.581329] [Producer] Received Data for chunk 158: This is chunk 158 for session session-12345
producer-1  | [11:38:02.581389] [Producer] Expressing Interest for chunk 178
producer-1  | [11:38:02.582311] [Producer] Received Data for chunk 159: This is chunk 159 for session session-12345
producer-1  | [11:38:02.582365] [Producer] Expressing Interest for chunk 179
producer-1  | [11:38:02.582410] [Producer] Received Data for chunk 160: This is chunk 160 for session session-12345
producer-1  | [11:38:02.582423] [Producer] Expressing Interest for chunk 180
producer-1  | [11:38:02.582449] [Producer] Received Data for chunk 161: This is chunk 161 for session session-12345
producer-1  | [11:38:02.582460] [Producer] Expressing Interest for chunk 181
producer-1  | [11:38:02.582521] [Producer] Received Data for chunk 162: This is chunk 162 for session session-12345
producer-1  | [11:38:02.582553] [Producer] Expressing Interest for chunk 182
producer-1  | [11:38:02.582952] [Producer] Received Data for chunk 163: This is chunk 163 for session session-12345
producer-1  | [11:38:02.583278] [Producer] Expressing Interest for chunk 183
producer-1  | [11:38:02.583970] [Producer] Received Data for chunk 164: This is chunk 164 for session session-12345
producer-1  | [11:38:02.584024] [Producer] Expressing Interest for chunk 184
producer-1  | [11:38:02.584067] [Producer] Received Data for chunk 165: This is chunk 165 for session session-12345
producer-1  | [11:38:02.584080] [Producer] Expressing Interest for chunk 185
producer-1  | [11:38:02.584119] [Producer] Received Data for chunk 166: This is chunk 166 for session session-12345
producer-1  | [11:38:02.584190] [Producer] Expressing Interest for chunk 186
producer-1  | [11:38:02.584687] [Producer] Received Data for chunk 167: This is chunk 167 for session session-12345
producer-1  | [11:38:02.584806] [Producer] Expressing Interest for chunk 187
producer-1  | [11:38:02.585058] [Producer] Received Data for chunk 168: This is chunk 168 for session session-12345
producer-1  | [11:38:02.585116] [Producer] Expressing Interest for chunk 188
producer-1  | [11:38:02.585212] [Producer] Received Data for chunk 169: This is chunk 169 for session session-12345
producer-1  | [11:38:02.585254] [Producer] Expressing Interest for chunk 189
producer-1  | [11:38:02.585324] [Producer] Received Data for chunk 170: This is chunk 170 for session session-12345
producer-1  | [11:38:02.585361] [Producer] Expressing Interest for chunk 190
producer-1  | [11:38:02.585481] [Producer] Received Data for chunk 171: This is chunk 171 for session session-12345
producer-1  | [11:38:02.585579] [Producer] Expressing Interest for chunk 191
producer-1  | [11:38:02.585662] [Producer] Received Data for chunk 172: This is chunk 172 for session session-12345
producer-1  | [11:38:02.585787] [Producer] Expressing Interest for chunk 192
producer-1  | [11:38:02.585959] [Producer] Received Data for chunk 173: This is chunk 173 for session session-12345
producer-1  | [11:38:02.586061] [Producer] Expressing Interest for chunk 193
producer-1  | [11:38:02.586294] [Producer] Received Data for chunk 174: This is chunk 174 for session session-12345
producer-1  | [11:38:02.586347] [Producer] Expressing Interest for chunk 194
producer-1  | [11:38:02.586462] [Producer] Received Data for chunk 175: This is chunk 175 for session session-12345
producer-1  | [11:38:02.586499] [Producer] Expressing Interest for chunk 195
producer-1  | [11:38:02.586547] [Producer] Received Data for chunk 176: This is chunk 176 for session session-12345
producer-1  | [11:38:02.586564] [Producer] Expressing Interest for chunk 196
producer-1  | [11:38:02.586609] [Producer] Received Data for chunk 177: This is chunk 177 for session session-12345
producer-1  | [11:38:02.586625] [Producer] Expressing Interest for chunk 197
producer-1  | [11:38:02.586670] [Producer] Received Data for chunk 178: This is chunk 178 for session session-12345
producer-1  | [11:38:02.586701] [Producer] Expressing Interest for chunk 198
producer-1  | [11:38:02.586748] [Producer] Received Data for chunk 179: This is chunk 179 for session session-12345
producer-1  | [11:38:02.586779] [Producer] Expressing Interest for chunk 199
producer-1  | [11:38:02.586841] [Producer] Received Data for chunk 180: This is chunk 180 for session session-12345
producer-1  | [11:38:02.586872] [Producer] Expressing Interest for chunk 200
producer-1  | [11:38:02.587205] [Producer] Received Data for chunk 181: This is chunk 181 for session session-12345
producer-1  | [11:38:02.587261] [Producer] Expressing Interest for chunk 201
producer-1  | [11:38:02.587794] [Producer] Received Data for chunk 182: This is chunk 182 for session session-12345
producer-1  | [11:38:02.587902] [Producer] Expressing Interest for chunk 202
producer-1  | [11:38:02.588245] [Producer] Received Data for chunk 183: This is chunk 183 for session session-12345
producer-1  | [11:38:02.588430] [Producer] Expressing Interest for chunk 203
producer-1  | [11:38:02.588576] [Producer] Received Data for chunk 184: This is chunk 184 for session session-12345
producer-1  | [11:38:02.588670] [Producer] Expressing Interest for chunk 204
producer-1  | [11:38:02.589701] [Producer] Received Data for chunk 185: This is chunk 185 for session session-12345
producer-1  | [11:38:02.589810] [Producer] Expressing Interest for chunk 205
producer-1  | [11:38:02.590421] [Producer] Received Data for chunk 186: This is chunk 186 for session session-12345
producer-1  | [11:38:02.590462] [Producer] Expressing Interest for chunk 206
producer-1  | [11:38:02.590959] [Producer] Received Data for chunk 187: This is chunk 187 for session session-12345
producer-1  | [11:38:02.591329] [Producer] Expressing Interest for chunk 207
producer-1  | [11:38:02.592585] [Producer] Received Data for chunk 188: This is chunk 188 for session session-12345
producer-1  | [11:38:02.592638] [Producer] Expressing Interest for chunk 208
producer-1  | [11:38:02.592818] [Producer] Received Data for chunk 189: This is chunk 189 for session session-12345
producer-1  | [11:38:02.592880] [Producer] Expressing Interest for chunk 209
producer-1  | [11:38:02.593662] [Producer] Received Data for chunk 190: This is chunk 190 for session session-12345
producer-1  | [11:38:02.593715] [Producer] Expressing Interest for chunk 210
producer-1  | [11:38:02.593757] [Producer] Received Data for chunk 191: This is chunk 191 for session session-12345
producer-1  | [11:38:02.593769] [Producer] Expressing Interest for chunk 211
producer-1  | [11:38:02.593808] [Producer] Received Data for chunk 192: This is chunk 192 for session session-12345
producer-1  | [11:38:02.593820] [Producer] Expressing Interest for chunk 212
producer-1  | [11:38:02.593856] [Producer] Received Data for chunk 193: This is chunk 193 for session session-12345
producer-1  | [11:38:02.593889] [Producer] Expressing Interest for chunk 213
producer-1  | [11:38:02.593921] [Producer] Received Data for chunk 194: This is chunk 194 for session session-12345
producer-1  | [11:38:02.593934] [Producer] Expressing Interest for chunk 214
producer-1  | [11:38:02.593968] [Producer] Received Data for chunk 195: This is chunk 195 for session session-12345
producer-1  | [11:38:02.593979] [Producer] Expressing Interest for chunk 215
producer-1  | [11:38:02.594139] [Producer] Received Data for chunk 196: This is chunk 196 for session session-12345
producer-1  | [11:38:02.594244] [Producer] Expressing Interest for chunk 216
producer-1  | [11:38:02.594355] [Producer] Received Data for chunk 197: This is chunk 197 for session session-12345
producer-1  | [11:38:02.594401] [Producer] Expressing Interest for chunk 217
producer-1  | [11:38:02.594467] [Producer] Received Data for chunk 198: This is chunk 198 for session session-12345
producer-1  | [11:38:02.594501] [Producer] Expressing Interest for chunk 218
producer-1  | [11:38:02.594563] [Producer] Received Data for chunk 199: This is chunk 199 for session session-12345
producer-1  | [11:38:02.594597] [Producer] Expressing Interest for chunk 219
producer-1  | [11:38:02.594722] [Producer] Received Data for chunk 200: This is chunk 200 for session session-12345
producer-1  | [11:38:02.594773] [Producer] Expressing Interest for chunk 220
producer-1  | [11:38:02.594847] [Producer] Received Data for chunk 201: This is chunk 201 for session session-12345
producer-1  | [11:38:02.594884] [Producer] Expressing Interest for chunk 221
producer-1  | [11:38:02.594946] [Producer] Received Data for chunk 202: This is chunk 202 for session session-12345
producer-1  | [11:38:02.595025] [Producer] Expressing Interest for chunk 222
producer-1  | [11:38:02.595089] [Producer] Received Data for chunk 203: This is chunk 203 for session session-12345
producer-1  | [11:38:02.595105] [Producer] Expressing Interest for chunk 223
producer-1  | [11:38:02.595134] [Producer] Received Data for chunk 204: This is chunk 204 for session session-12345
producer-1  | [11:38:02.595145] [Producer] Expressing Interest for chunk 224
producer-1  | [11:38:02.595170] [Producer] Received Data for chunk 205: This is chunk 205 for session session-12345
producer-1  | [11:38:02.595180] [Producer] Expressing Interest for chunk 225
producer-1  | [11:38:02.595204] [Producer] Received Data for chunk 206: This is chunk 206 for session session-12345
producer-1  | [11:38:02.595214] [Producer] Expressing Interest for chunk 226
producer-1  | [11:38:02.595262] [Producer] Received Data for chunk 207: This is chunk 207 for session session-12345
producer-1  | [11:38:02.595273] [Producer] Expressing Interest for chunk 227
producer-1  | [11:38:02.596318] [Producer] Received Data for chunk 208: This is chunk 208 for session session-12345
producer-1  | [11:38:02.596404] [Producer] Expressing Interest for chunk 228
producer-1  | [11:38:02.596924] [Producer] Received Data for chunk 209: This is chunk 209 for session session-12345
producer-1  | [11:38:02.597035] [Producer] Expressing Interest for chunk 229
producer-1  | [11:38:02.598134] [Producer] Received Data for chunk 210: This is chunk 210 for session session-12345
producer-1  | [11:38:02.598187] [Producer] Expressing Interest for chunk 230
producer-1  | [11:38:02.599615] [Producer] Received Data for chunk 211: This is chunk 211 for session session-12345
producer-1  | [11:38:02.599672] [Producer] Expressing Interest for chunk 231
producer-1  | [11:38:02.600390] [Producer] Received Data for chunk 212: This is chunk 212 for session session-12345
producer-1  | [11:38:02.600446] [Producer] Expressing Interest for chunk 232
producer-1  | [11:38:02.600520] [Producer] Received Data for chunk 213: This is chunk 213 for session session-12345
producer-1  | [11:38:02.600539] [Producer] Expressing Interest for chunk 233
producer-1  | [11:38:02.600719] [Producer] Received Data for chunk 214: This is chunk 214 for session session-12345
producer-1  | [11:38:02.600827] [Producer] Expressing Interest for chunk 234
producer-1  | [11:38:02.601273] [Producer] Received Data for chunk 215: This is chunk 215 for session session-12345
producer-1  | [11:38:02.601379] [Producer] Expressing Interest for chunk 235
producer-1  | [11:38:02.602724] [Producer] Received Data for chunk 216: This is chunk 216 for session session-12345
producer-1  | [11:38:02.602781] [Producer] Expressing Interest for chunk 236
producer-1  | [11:38:02.603040] [Producer] Received Data for chunk 217: This is chunk 217 for session session-12345
producer-1  | [11:38:02.603163] [Producer] Expressing Interest for chunk 237
producer-1  | [11:38:02.603347] [Producer] Received Data for chunk 218: This is chunk 218 for session session-12345
producer-1  | [11:38:02.603391] [Producer] Expressing Interest for chunk 238
producer-1  | [11:38:02.603452] [Producer] Received Data for chunk 219: This is chunk 219 for session session-12345
producer-1  | [11:38:02.603485] [Producer] Expressing Interest for chunk 239
producer-1  | [11:38:02.603543] [Producer] Received Data for chunk 220: This is chunk 220 for session session-12345
producer-1  | [11:38:02.603624] [Producer] Expressing Interest for chunk 240
producer-1  | [11:38:02.603702] [Producer] Received Data for chunk 221: This is chunk 221 for session session-12345
producer-1  | [11:38:02.603797] [Producer] Expressing Interest for chunk 241
producer-1  | [11:38:02.603857] [Producer] Received Data for chunk 222: This is chunk 222 for session session-12345
producer-1  | [11:38:02.603894] [Producer] Expressing Interest for chunk 242
producer-1  | [11:38:02.603928] [Producer] Received Data for chunk 223: This is chunk 223 for session session-12345
producer-1  | [11:38:02.603941] [Producer] Expressing Interest for chunk 243
producer-1  | [11:38:02.603967] [Producer] Received Data for chunk 224: This is chunk 224 for session session-12345
producer-1  | [11:38:02.603977] [Producer] Expressing Interest for chunk 244
producer-1  | [11:38:02.604001] [Producer] Received Data for chunk 225: This is chunk 225 for session session-12345
producer-1  | [11:38:02.604011] [Producer] Expressing Interest for chunk 245
producer-1  | [11:38:02.604036] [Producer] Received Data for chunk 226: This is chunk 226 for session session-12345
producer-1  | [11:38:02.604069] [Producer] Expressing Interest for chunk 246
producer-1  | [11:38:02.604101] [Producer] Received Data for chunk 227: This is chunk 227 for session session-12345
producer-1  | [11:38:02.604132] [Producer] Expressing Interest for chunk 247
producer-1  | [11:38:02.604178] [Producer] Received Data for chunk 228: This is chunk 228 for session session-12345
producer-1  | [11:38:02.604208] [Producer] Expressing Interest for chunk 248
producer-1  | [11:38:02.604239] [Producer] Received Data for chunk 229: This is chunk 229 for session session-12345
producer-1  | [11:38:02.604251] [Producer] Expressing Interest for chunk 249
producer-1  | [11:38:02.604296] [Producer] Received Data for chunk 230: This is chunk 230 for session session-12345
producer-1  | [11:38:02.604313] [Producer] Expressing Interest for chunk 250
producer-1  | [11:38:02.604340] [Producer] Received Data for chunk 231: This is chunk 231 for session session-12345
producer-1  | [11:38:02.604370] [Producer] Expressing Interest for chunk 251
producer-1  | [11:38:02.604445] [Producer] Received Data for chunk 232: This is chunk 232 for session session-12345
producer-1  | [11:38:02.604465] [Producer] Expressing Interest for chunk 252
producer-1  | [11:38:02.605404] [Producer] Received Data for chunk 233: This is chunk 233 for session session-12345
producer-1  | [11:38:02.605458] [Producer] Expressing Interest for chunk 253
producer-1  | [11:38:02.605879] [Producer] Received Data for chunk 234: This is chunk 234 for session session-12345
producer-1  | [11:38:02.606074] [Producer] Expressing Interest for chunk 254
producer-1  | [11:38:02.606559] [Producer] Received Data for chunk 235: This is chunk 235 for session session-12345
producer-1  | [11:38:02.606612] [Producer] Expressing Interest for chunk 255
producer-1  | [11:38:02.606668] [Producer] Received Data for chunk 236: This is chunk 236 for session session-12345
producer-1  | [11:38:02.606767] [Producer] Expressing Interest for chunk 256
producer-1  | [11:38:02.606892] [Producer] Received Data for chunk 237: This is chunk 237 for session session-12345
producer-1  | [11:38:02.607001] [Producer] Expressing Interest for chunk 257
producer-1  | [11:38:02.608010] [Producer] Received Data for chunk 238: This is chunk 238 for session session-12345
producer-1  | [11:38:02.608062] [Producer] Expressing Interest for chunk 258
producer-1  | [11:38:02.609292] [Producer] Received Data for chunk 239: This is chunk 239 for session session-12345
producer-1  | [11:38:02.609360] [Producer] Expressing Interest for chunk 259
producer-1  | [11:38:02.609713] [Producer] Received Data for chunk 240: This is chunk 240 for session session-12345
producer-1  | [11:38:02.609837] [Producer] Expressing Interest for chunk 260
producer-1  | [11:38:02.609926] [Producer] Received Data for chunk 241: This is chunk 241 for session session-12345
producer-1  | [11:38:02.610011] [Producer] Expressing Interest for chunk 261
producer-1  | [11:38:02.610154] [Producer] Received Data for chunk 242: This is chunk 242 for session session-12345
producer-1  | [11:38:02.610206] [Producer] Expressing Interest for chunk 262
producer-1  | [11:38:02.610246] [Producer] Received Data for chunk 243: This is chunk 243 for session session-12345
producer-1  | [11:38:02.610277] [Producer] Expressing Interest for chunk 263
producer-1  | [11:38:02.610499] [Producer] Received Data for chunk 244: This is chunk 244 for session session-12345
producer-1  | [11:38:02.610634] [Producer] Expressing Interest for chunk 264
producer-1  | [11:38:02.610807] [Producer] Received Data for chunk 245: This is chunk 245 for session session-12345
producer-1  | [11:38:02.610935] [Producer] Expressing Interest for chunk 265
producer-1  | [11:38:02.612474] [Producer] Received Data for chunk 246: This is chunk 246 for session session-12345
producer-1  | [11:38:02.612528] [Producer] Expressing Interest for chunk 266
producer-1  | [11:38:02.612591] [Producer] Received Data for chunk 247: This is chunk 247 for session session-12345
producer-1  | [11:38:02.612626] [Producer] Expressing Interest for chunk 267
producer-1  | [11:38:02.612660] [Producer] Received Data for chunk 248: This is chunk 248 for session session-12345
producer-1  | [11:38:02.612673] [Producer] Expressing Interest for chunk 268
producer-1  | [11:38:02.612699] [Producer] Received Data for chunk 249: This is chunk 249 for session session-12345
producer-1  | [11:38:02.612710] [Producer] Expressing Interest for chunk 269
producer-1  | [11:38:02.612735] [Producer] Received Data for chunk 250: This is chunk 250 for session session-12345
producer-1  | [11:38:02.612765] [Producer] Expressing Interest for chunk 270
producer-1  | [11:38:02.612811] [Producer] Received Data for chunk 251: This is chunk 251 for session session-12345
producer-1  | [11:38:02.612825] [Producer] Expressing Interest for chunk 271
producer-1  | [11:38:02.612852] [Producer] Received Data for chunk 252: This is chunk 252 for session session-12345
producer-1  | [11:38:02.612886] [Producer] Expressing Interest for chunk 272
producer-1  | [11:38:02.612917] [Producer] Received Data for chunk 253: This is chunk 253 for session session-12345
producer-1  | [11:38:02.612935] [Producer] Expressing Interest for chunk 273
producer-1  | [11:38:02.613000] [Producer] Received Data for chunk 254: This is chunk 254 for session session-12345
producer-1  | [11:38:02.613045] [Producer] Expressing Interest for chunk 274
producer-1  | [11:38:02.613265] [Producer] Received Data for chunk 255: This is chunk 255 for session session-12345
producer-1  | [11:38:02.613379] [Producer] Expressing Interest for chunk 275
producer-1  | [11:38:02.613840] [Producer] Received Data for chunk 256: This is chunk 256 for session session-12345
producer-1  | [11:38:02.613944] [Producer] Expressing Interest for chunk 276
producer-1  | [11:38:02.615167] [Producer] Received Data for chunk 257: This is chunk 257 for session session-12345
producer-1  | [11:38:02.615232] [Producer] Expressing Interest for chunk 277
producer-1  | [11:38:02.615376] [Producer] Received Data for chunk 258: This is chunk 258 for session session-12345
producer-1  | [11:38:02.615427] [Producer] Expressing Interest for chunk 278
producer-1  | [11:38:02.615534] [Producer] Received Data for chunk 259: This is chunk 259 for session session-12345
producer-1  | [11:38:02.615582] [Producer] Expressing Interest for chunk 279
producer-1  | [11:38:02.616997] [Producer] Received Data for chunk 260: This is chunk 260 for session session-12345
producer-1  | [11:38:02.617051] [Producer] Expressing Interest for chunk 280
producer-1  | [11:38:02.618161] [Producer] Received Data for chunk 261: This is chunk 261 for session session-12345
producer-1  | [11:38:02.618215] [Producer] Expressing Interest for chunk 281
producer-1  | [11:38:02.618271] [Producer] Received Data for chunk 262: This is chunk 262 for session session-12345
producer-1  | [11:38:02.618305] [Producer] Expressing Interest for chunk 282
producer-1  | [11:38:02.618554] [Producer] Received Data for chunk 263: This is chunk 263 for session session-12345
producer-1  | [11:38:02.618607] [Producer] Expressing Interest for chunk 283
producer-1  | [11:38:02.618652] [Producer] Received Data for chunk 264: This is chunk 264 for session session-12345
producer-1  | [11:38:02.618666] [Producer] Expressing Interest for chunk 284
producer-1  | [11:38:02.618732] [Producer] Received Data for chunk 265: This is chunk 265 for session session-12345
producer-1  | [11:38:02.618752] [Producer] Expressing Interest for chunk 285
producer-1  | [11:38:02.618780] [Producer] Received Data for chunk 266: This is chunk 266 for session session-12345
producer-1  | [11:38:02.618791] [Producer] Expressing Interest for chunk 286
producer-1  | [11:38:02.618815] [Producer] Received Data for chunk 267: This is chunk 267 for session session-12345
producer-1  | [11:38:02.618826] [Producer] Expressing Interest for chunk 287
producer-1  | [11:38:02.619247] [Producer] Received Data for chunk 268: This is chunk 268 for session session-12345
producer-1  | [11:38:02.619376] [Producer] Expressing Interest for chunk 288
producer-1  | [11:38:02.619528] [Producer] Received Data for chunk 269: This is chunk 269 for session session-12345
producer-1  | [11:38:02.619654] [Producer] Expressing Interest for chunk 289
producer-1  | [11:38:02.620139] [Producer] Received Data for chunk 270: This is chunk 270 for session session-12345
producer-1  | [11:38:02.620187] [Producer] Expressing Interest for chunk 290
producer-1  | [11:38:02.620307] [Producer] Received Data for chunk 271: This is chunk 271 for session session-12345
producer-1  | [11:38:02.620367] [Producer] Expressing Interest for chunk 291
producer-1  | [11:38:02.621509] [Producer] Received Data for chunk 272: This is chunk 272 for session session-12345
producer-1  | [11:38:02.621640] [Producer] Expressing Interest for chunk 292
producer-1  | [11:38:02.621769] [Producer] Received Data for chunk 273: This is chunk 273 for session session-12345
producer-1  | [11:38:02.621992] [Producer] Expressing Interest for chunk 293
producer-1  | [11:38:02.622407] [Producer] Received Data for chunk 274: This is chunk 274 for session session-12345
producer-1  | [11:38:02.622609] [Producer] Expressing Interest for chunk 294
producer-1  | [11:38:02.622731] [Producer] Received Data for chunk 275: This is chunk 275 for session session-12345
producer-1  | [11:38:02.622761] [Producer] Expressing Interest for chunk 295
producer-1  | [11:38:02.622807] [Producer] Received Data for chunk 276: This is chunk 276 for session session-12345
producer-1  | [11:38:02.622943] [Producer] Expressing Interest for chunk 296
producer-1  | [11:38:02.623578] [Producer] Received Data for chunk 277: This is chunk 277 for session session-12345
producer-1  | [11:38:02.623646] [Producer] Expressing Interest for chunk 297
producer-1  | [11:38:02.624186] [Producer] Received Data for chunk 278: This is chunk 278 for session session-12345
producer-1  | [11:38:02.624285] [Producer] Expressing Interest for chunk 298
producer-1  | [11:38:02.624371] [Producer] Received Data for chunk 279: This is chunk 279 for session session-12345
producer-1  | [11:38:02.624456] [Producer] Expressing Interest for chunk 299
producer-1  | [11:38:02.624580] [Producer] Received Data for chunk 280: This is chunk 280 for session session-12345
producer-1  | [11:38:02.624752] [Producer] Expressing Interest for chunk 300
producer-1  | [11:38:02.624816] [Producer] Received Data for chunk 281: This is chunk 281 for session session-12345
producer-1  | [11:38:02.624831] [Producer] Expressing Interest for chunk 301
producer-1  | [11:38:02.624861] [Producer] Received Data for chunk 282: This is chunk 282 for session session-12345
producer-1  | [11:38:02.624893] [Producer] Expressing Interest for chunk 302
producer-1  | [11:38:02.624923] [Producer] Received Data for chunk 283: This is chunk 283 for session session-12345
producer-1  | [11:38:02.624953] [Producer] Expressing Interest for chunk 303
producer-1  | [11:38:02.625039] [Producer] Received Data for chunk 284: This is chunk 284 for session session-12345
producer-1  | [11:38:02.625056] [Producer] Expressing Interest for chunk 304
producer-1  | [11:38:02.625083] [Producer] Received Data for chunk 285: This is chunk 285 for session session-12345
producer-1  | [11:38:02.625094] [Producer] Expressing Interest for chunk 305
producer-1  | [11:38:02.625122] [Producer] Received Data for chunk 286: This is chunk 286 for session session-12345
producer-1  | [11:38:02.625175] [Producer] Expressing Interest for chunk 306
producer-1  | [11:38:02.625209] [Producer] Received Data for chunk 287: This is chunk 287 for session session-12345
producer-1  | [11:38:02.625227] [Producer] Expressing Interest for chunk 307
producer-1  | [11:38:02.625271] [Producer] Received Data for chunk 288: This is chunk 288 for session session-12345
producer-1  | [11:38:02.625288] [Producer] Expressing Interest for chunk 308
producer-1  | [11:38:02.625314] [Producer] Received Data for chunk 289: This is chunk 289 for session session-12345
producer-1  | [11:38:02.625344] [Producer] Expressing Interest for chunk 309
producer-1  | [11:38:02.625376] [Producer] Received Data for chunk 290: This is chunk 290 for session session-12345
producer-1  | [11:38:02.625389] [Producer] Expressing Interest for chunk 310
producer-1  | [11:38:02.625734] [Producer] Received Data for chunk 291: This is chunk 291 for session session-12345
producer-1  | [11:38:02.625790] [Producer] Expressing Interest for chunk 311
producer-1  | [11:38:02.626350] [Producer] Received Data for chunk 292: This is chunk 292 for session session-12345
producer-1  | [11:38:02.626389] [Producer] Expressing Interest for chunk 312
producer-1  | [11:38:02.627862] [Producer] Received Data for chunk 293: This is chunk 293 for session session-12345
producer-1  | [11:38:02.627919] [Producer] Expressing Interest for chunk 313
producer-1  | [11:38:02.628358] [Producer] Received Data for chunk 294: This is chunk 294 for session session-12345
producer-1  | [11:38:02.628460] [Producer] Expressing Interest for chunk 314
producer-1  | [11:38:02.628545] [Producer] Received Data for chunk 295: This is chunk 295 for session session-12345
producer-1  | [11:38:02.628627] [Producer] Expressing Interest for chunk 315
producer-1  | [11:38:02.628750] [Producer] Received Data for chunk 296: This is chunk 296 for session session-12345
producer-1  | [11:38:02.628834] [Producer] Expressing Interest for chunk 316
producer-1  | [11:38:02.629456] [Producer] Received Data for chunk 297: This is chunk 297 for session session-12345
producer-1  | [11:38:02.629629] [Producer] Expressing Interest for chunk 317
producer-1  | [11:38:02.629849] [Producer] Received Data for chunk 298: This is chunk 298 for session session-12345
producer-1  | [11:38:02.629949] [Producer] Expressing Interest for chunk 318
producer-1  | [11:38:02.630078] [Producer] Received Data for chunk 299: This is chunk 299 for session session-12345
producer-1  | [11:38:02.630128] [Producer] Expressing Interest for chunk 319
producer-1  | [11:38:02.630235] [Producer] Received Data for chunk 300: This is chunk 300 for session session-12345
producer-1  | [11:38:02.630291] [Producer] Expressing Interest for chunk 320
producer-1  | [11:38:02.630386] [Producer] Received Data for chunk 301: This is chunk 301 for session session-12345
producer-1  | [11:38:02.630405] [Producer] Expressing Interest for chunk 321
producer-1  | [11:38:02.630435] [Producer] Received Data for chunk 302: This is chunk 302 for session session-12345
producer-1  | [11:38:02.630452] [Producer] Expressing Interest for chunk 322
producer-1  | [11:38:02.630855] [Producer] Received Data for chunk 303: This is chunk 303 for session session-12345
producer-1  | [11:38:02.630905] [Producer] Expressing Interest for chunk 323
producer-1  | [11:38:02.632338] [Producer] Received Data for chunk 304: This is chunk 304 for session session-12345
producer-1  | [11:38:02.632389] [Producer] Expressing Interest for chunk 324
producer-1  | [11:38:02.634294] [Producer] Received Data for chunk 305: This is chunk 305 for session session-12345
producer-1  | [11:38:02.634468] [Producer] Expressing Interest for chunk 325
producer-1  | [11:38:02.634628] [Producer] Received Data for chunk 306: This is chunk 306 for session session-12345
producer-1  | [11:38:02.634722] [Producer] Expressing Interest for chunk 326
producer-1  | [11:38:02.634832] [Producer] Received Data for chunk 307: This is chunk 307 for session session-12345
producer-1  | [11:38:02.634920] [Producer] Expressing Interest for chunk 327
producer-1  | [11:38:02.635006] [Producer] Received Data for chunk 308: This is chunk 308 for session session-12345
producer-1  | [11:38:02.635045] [Producer] Expressing Interest for chunk 328
producer-1  | [11:38:02.635136] [Producer] Received Data for chunk 309: This is chunk 309 for session session-12345
producer-1  | [11:38:02.635182] [Producer] Expressing Interest for chunk 329
producer-1  | [11:38:02.635304] [Producer] Received Data for chunk 310: This is chunk 310 for session session-12345
producer-1  | [11:38:02.635352] [Producer] Expressing Interest for chunk 330
producer-1  | [11:38:02.635418] [Producer] Received Data for chunk 311: This is chunk 311 for session session-12345
producer-1  | [11:38:02.635501] [Producer] Expressing Interest for chunk 331
producer-1  | [11:38:02.635610] [Producer] Received Data for chunk 312: This is chunk 312 for session session-12345
producer-1  | [11:38:02.635696] [Producer] Expressing Interest for chunk 332
producer-1  | [11:38:02.635782] [Producer] Received Data for chunk 313: This is chunk 313 for session session-12345
producer-1  | [11:38:02.635868] [Producer] Expressing Interest for chunk 333
producer-1  | [11:38:02.635997] [Producer] Received Data for chunk 314: This is chunk 314 for session session-12345
producer-1  | [11:38:02.636048] [Producer] Expressing Interest for chunk 334
producer-1  | [11:38:02.636166] [Producer] Received Data for chunk 315: This is chunk 315 for session session-12345
producer-1  | [11:38:02.636214] [Producer] Expressing Interest for chunk 335
producer-1  | [11:38:02.636284] [Producer] Received Data for chunk 316: This is chunk 316 for session session-12345
producer-1  | [11:38:02.636322] [Producer] Expressing Interest for chunk 336
producer-1  | [11:38:02.636386] [Producer] Received Data for chunk 317: This is chunk 317 for session session-12345
producer-1  | [11:38:02.636423] [Producer] Expressing Interest for chunk 337
producer-1  | [11:38:02.636485] [Producer] Received Data for chunk 318: This is chunk 318 for session session-12345
producer-1  | [11:38:02.636520] [Producer] Expressing Interest for chunk 338
producer-1  | [11:38:02.636682] [Producer] Received Data for chunk 319: This is chunk 319 for session session-12345
producer-1  | [11:38:02.636771] [Producer] Expressing Interest for chunk 339
producer-1  | [11:38:02.636836] [Producer] Received Data for chunk 320: This is chunk 320 for session session-12345
producer-1  | [11:38:02.636851] [Producer] Expressing Interest for chunk 340
producer-1  | [11:38:02.636878] [Producer] Received Data for chunk 321: This is chunk 321 for session session-12345
producer-1  | [11:38:02.636889] [Producer] Expressing Interest for chunk 341
producer-1  | [11:38:02.636914] [Producer] Received Data for chunk 322: This is chunk 322 for session session-12345
producer-1  | [11:38:02.636925] [Producer] Expressing Interest for chunk 342
producer-1  | [11:38:02.636949] [Producer] Received Data for chunk 323: This is chunk 323 for session session-12345
producer-1  | [11:38:02.636960] [Producer] Expressing Interest for chunk 343
producer-1  | [11:38:02.636983] [Producer] Received Data for chunk 324: This is chunk 324 for session session-12345
producer-1  | [11:38:02.636994] [Producer] Expressing Interest for chunk 344
producer-1  | [11:38:02.637131] [Producer] Received Data for chunk 325: This is chunk 325 for session session-12345
producer-1  | [11:38:02.637335] [Producer] Expressing Interest for chunk 345
producer-1  | [11:38:02.637549] [Producer] Received Data for chunk 326: This is chunk 326 for session session-12345
producer-1  | [11:38:02.637733] [Producer] Expressing Interest for chunk 346
producer-1  | [11:38:02.637995] [Producer] Received Data for chunk 327: This is chunk 327 for session session-12345
producer-1  | [11:38:02.638096] [Producer] Expressing Interest for chunk 347
producer-1  | [11:38:02.639102] [Producer] Received Data for chunk 328: This is chunk 328 for session session-12345
producer-1  | [11:38:02.639209] [Producer] Expressing Interest for chunk 348
producer-1  | [11:38:02.639450] [Producer] Received Data for chunk 329: This is chunk 329 for session session-12345
producer-1  | [11:38:02.639535] [Producer] Expressing Interest for chunk 349
producer-1  | [11:38:02.640822] [Producer] Received Data for chunk 330: This is chunk 330 for session session-12345
producer-1  | [11:38:02.640873] [Producer] Expressing Interest for chunk 350
producer-1  | [11:38:02.641334] [Producer] Received Data for chunk 331: This is chunk 331 for session session-12345
producer-1  | [11:38:02.641402] [Producer] Expressing Interest for chunk 351
producer-1  | [11:38:02.641498] [Producer] Received Data for chunk 332: This is chunk 332 for session session-12345
producer-1  | [11:38:02.641536] [Producer] Expressing Interest for chunk 352
producer-1  | [11:38:02.642359] [Producer] Received Data for chunk 333: This is chunk 333 for session session-12345
producer-1  | [11:38:02.642628] [Producer] Expressing Interest for chunk 353
producer-1  | [11:38:02.643037] [Producer] Received Data for chunk 334: This is chunk 334 for session session-12345
producer-1  | [11:38:02.643093] [Producer] Expressing Interest for chunk 354
producer-1  | [11:38:02.643869] [Producer] Received Data for chunk 335: This is chunk 335 for session session-12345
producer-1  | [11:38:02.643924] [Producer] Expressing Interest for chunk 355
producer-1  | [11:38:02.644165] [Producer] Received Data for chunk 336: This is chunk 336 for session session-12345
producer-1  | [11:38:02.644274] [Producer] Expressing Interest for chunk 356
producer-1  | [11:38:02.644429] [Producer] Received Data for chunk 337: This is chunk 337 for session session-12345
producer-1  | [11:38:02.644525] [Producer] Expressing Interest for chunk 357
producer-1  | [11:38:02.644928] [Producer] Received Data for chunk 338: This is chunk 338 for session session-12345
producer-1  | [11:38:02.644981] [Producer] Expressing Interest for chunk 358
producer-1  | [11:38:02.645169] [Producer] Received Data for chunk 339: This is chunk 339 for session session-12345
producer-1  | [11:38:02.645200] [Producer] Expressing Interest for chunk 359
producer-1  | [11:38:02.645235] [Producer] Received Data for chunk 340: This is chunk 340 for session session-12345
producer-1  | [11:38:02.645272] [Producer] Expressing Interest for chunk 360
producer-1  | [11:38:02.645335] [Producer] Received Data for chunk 341: This is chunk 341 for session session-12345
producer-1  | [11:38:02.645369] [Producer] Expressing Interest for chunk 361
producer-1  | [11:38:02.646031] [Producer] Received Data for chunk 342: This is chunk 342 for session session-12345
producer-1  | [11:38:02.646084] [Producer] Expressing Interest for chunk 362
producer-1  | [11:38:02.647475] [Producer] Received Data for chunk 343: This is chunk 343 for session session-12345
producer-1  | [11:38:02.647592] [Producer] Expressing Interest for chunk 363
producer-1  | [11:38:02.647738] [Producer] Received Data for chunk 344: This is chunk 344 for session session-12345
producer-1  | [11:38:02.647784] [Producer] Expressing Interest for chunk 364
producer-1  | [11:38:02.648036] [Producer] Received Data for chunk 345: This is chunk 345 for session session-12345
producer-1  | [11:38:02.648080] [Producer] Expressing Interest for chunk 365
producer-1  | [11:38:02.648314] [Producer] Received Data for chunk 346: This is chunk 346 for session session-12345
producer-1  | [11:38:02.648363] [Producer] Expressing Interest for chunk 366
producer-1  | [11:38:02.648402] [Producer] Received Data for chunk 347: This is chunk 347 for session session-12345
producer-1  | [11:38:02.648435] [Producer] Expressing Interest for chunk 367
producer-1  | [11:38:02.648502] [Producer] Received Data for chunk 348: This is chunk 348 for session session-12345
producer-1  | [11:38:02.648522] [Producer] Expressing Interest for chunk 368
producer-1  | [11:38:02.648548] [Producer] Received Data for chunk 349: This is chunk 349 for session session-12345
producer-1  | [11:38:02.648559] [Producer] Expressing Interest for chunk 369
producer-1  | [11:38:02.648583] [Producer] Received Data for chunk 350: This is chunk 350 for session session-12345
producer-1  | [11:38:02.648594] [Producer] Expressing Interest for chunk 370
producer-1  | [11:38:02.648618] [Producer] Received Data for chunk 351: This is chunk 351 for session session-12345
producer-1  | [11:38:02.648628] [Producer] Expressing Interest for chunk 371
producer-1  | [11:38:02.648652] [Producer] Received Data for chunk 352: This is chunk 352 for session session-12345
producer-1  | [11:38:02.648663] [Producer] Expressing Interest for chunk 372
producer-1  | [11:38:02.648687] [Producer] Received Data for chunk 353: This is chunk 353 for session session-12345
producer-1  | [11:38:02.648697] [Producer] Expressing Interest for chunk 373
producer-1  | [11:38:02.648722] [Producer] Received Data for chunk 354: This is chunk 354 for session session-12345
producer-1  | [11:38:02.648733] [Producer] Expressing Interest for chunk 374
producer-1  | [11:38:02.648794] [Producer] Received Data for chunk 355: This is chunk 355 for session session-12345
producer-1  | [11:38:02.648812] [Producer] Expressing Interest for chunk 375
producer-1  | [11:38:02.649068] [Producer] Received Data for chunk 356: This is chunk 356 for session session-12345
producer-1  | [11:38:02.649121] [Producer] Expressing Interest for chunk 376
producer-1  | [11:38:02.652573] [Producer] Received Data for chunk 357: This is chunk 357 for session session-12345
producer-1  | [11:38:02.652697] [Producer] Expressing Interest for chunk 377
producer-1  | [11:38:02.652794] [Producer] Received Data for chunk 358: This is chunk 358 for session session-12345
producer-1  | [11:38:02.652878] [Producer] Expressing Interest for chunk 378
producer-1  | [11:38:02.653012] [Producer] Received Data for chunk 359: This is chunk 359 for session session-12345
producer-1  | [11:38:02.653070] [Producer] Expressing Interest for chunk 379
producer-1  | [11:38:02.653112] [Producer] Received Data for chunk 360: This is chunk 360 for session session-12345
producer-1  | [11:38:02.653125] [Producer] Expressing Interest for chunk 380
producer-1  | [11:38:02.653189] [Producer] Received Data for chunk 361: This is chunk 361 for session session-12345
producer-1  | [11:38:02.653208] [Producer] Expressing Interest for chunk 381
producer-1  | [11:38:02.653239] [Producer] Received Data for chunk 362: This is chunk 362 for session session-12345
producer-1  | [11:38:02.653252] [Producer] Expressing Interest for chunk 382
producer-1  | [11:38:02.653277] [Producer] Received Data for chunk 363: This is chunk 363 for session session-12345
producer-1  | [11:38:02.653289] [Producer] Expressing Interest for chunk 383
producer-1  | [11:38:02.653313] [Producer] Received Data for chunk 364: This is chunk 364 for session session-12345
producer-1  | [11:38:02.653324] [Producer] Expressing Interest for chunk 384
producer-1  | [11:38:02.653355] [Producer] Received Data for chunk 365: This is chunk 365 for session session-12345
producer-1  | [11:38:02.653387] [Producer] Expressing Interest for chunk 385
producer-1  | [11:38:02.653421] [Producer] Received Data for chunk 366: This is chunk 366 for session session-12345
producer-1  | [11:38:02.653435] [Producer] Expressing Interest for chunk 386
producer-1  | [11:38:02.653462] [Producer] Received Data for chunk 367: This is chunk 367 for session session-12345
producer-1  | [11:38:02.653473] [Producer] Expressing Interest for chunk 387
producer-1  | [11:38:02.653497] [Producer] Received Data for chunk 368: This is chunk 368 for session session-12345
producer-1  | [11:38:02.653595] [Producer] Expressing Interest for chunk 388
producer-1  | [11:38:02.653792] [Producer] Received Data for chunk 369: This is chunk 369 for session session-12345
producer-1  | [11:38:02.653861] [Producer] Expressing Interest for chunk 389
producer-1  | [11:38:02.653989] [Producer] Received Data for chunk 370: This is chunk 370 for session session-12345
producer-1  | [11:38:02.654084] [Producer] Expressing Interest for chunk 390
producer-1  | [11:38:02.654207] [Producer] Received Data for chunk 371: This is chunk 371 for session session-12345
producer-1  | [11:38:02.654281] [Producer] Expressing Interest for chunk 391
producer-1  | [11:38:02.654416] [Producer] Received Data for chunk 372: This is chunk 372 for session session-12345
producer-1  | [11:38:02.654462] [Producer] Expressing Interest for chunk 392
producer-1  | [11:38:02.654499] [Producer] Received Data for chunk 373: This is chunk 373 for session session-12345
producer-1  | [11:38:02.654512] [Producer] Expressing Interest for chunk 393
producer-1  | [11:38:02.654536] [Producer] Received Data for chunk 374: This is chunk 374 for session session-12345
producer-1  | [11:38:02.654547] [Producer] Expressing Interest for chunk 394
producer-1  | [11:38:02.654571] [Producer] Received Data for chunk 375: This is chunk 375 for session session-12345
producer-1  | [11:38:02.654581] [Producer] Expressing Interest for chunk 395
producer-1  | [11:38:02.654610] [Producer] Received Data for chunk 376: This is chunk 376 for session session-12345
producer-1  | [11:38:02.654642] [Producer] Expressing Interest for chunk 396
producer-1  | [11:38:02.655545] [Producer] Received Data for chunk 377: This is chunk 377 for session session-12345
producer-1  | [11:38:02.655605] [Producer] Expressing Interest for chunk 397
producer-1  | [11:38:02.656444] [Producer] Received Data for chunk 378: This is chunk 378 for session session-12345
producer-1  | [11:38:02.656496] [Producer] Expressing Interest for chunk 398
producer-1  | [11:38:02.657236] [Producer] Received Data for chunk 379: This is chunk 379 for session session-12345
producer-1  | [11:38:02.657393] [Producer] Expressing Interest for chunk 399
producer-1  | [11:38:02.657505] [Producer] Received Data for chunk 380: This is chunk 380 for session session-12345
producer-1  | [11:38:02.657530] [Producer] Expressing Interest for chunk 400
producer-1  | [11:38:02.659574] [Producer] Received Data for chunk 381: This is chunk 381 for session session-12345
producer-1  | [11:38:02.659676] [Producer] Expressing Interest for chunk 401
producer-1  | [11:38:02.659891] [Producer] Received Data for chunk 382: This is chunk 382 for session session-12345
producer-1  | [11:38:02.659942] [Producer] Expressing Interest for chunk 402
producer-1  | [11:38:02.660412] [Producer] Received Data for chunk 383: This is chunk 383 for session session-12345
producer-1  | [11:38:02.660463] [Producer] Expressing Interest for chunk 403
producer-1  | [11:38:02.661121] [Producer] Received Data for chunk 384: This is chunk 384 for session session-12345
producer-1  | [11:38:02.661197] [Producer] Expressing Interest for chunk 404
producer-1  | [11:38:02.661284] [Producer] Received Data for chunk 385: This is chunk 385 for session session-12345
producer-1  | [11:38:02.661318] [Producer] Expressing Interest for chunk 405
producer-1  | [11:38:02.661428] [Producer] Received Data for chunk 386: This is chunk 386 for session session-12345
producer-1  | [11:38:02.661481] [Producer] Expressing Interest for chunk 406
producer-1  | [11:38:02.661552] [Producer] Received Data for chunk 387: This is chunk 387 for session session-12345
producer-1  | [11:38:02.661585] [Producer] Expressing Interest for chunk 407
producer-1  | [11:38:02.661627] [Producer] Received Data for chunk 388: This is chunk 388 for session session-12345
producer-1  | [11:38:02.661640] [Producer] Expressing Interest for chunk 408
producer-1  | [11:38:02.661964] [Producer] Received Data for chunk 389: This is chunk 389 for session session-12345
producer-1  | [11:38:02.662077] [Producer] Expressing Interest for chunk 409
gateway-1   | NFD version 22.12-33-ge277f8b9 starting
gateway-1   | Built with GNU C++ version 11.4.0, with GNU libstdc++ version 20230528, with Boost version 1.74.0, with libpcap version 1.10.1 (with TPACKET_V3), with WebSocket++ version 0.8.1, with ndn-cxx version 0.8.1-43-g49e1e87b
gateway-1   | 1788176274.476124  INFO: [nfd.FaceTable] Added face id=255 remote=null:// local=null://
gateway-1   | 1788176274.476204  INFO: [nfd.FaceTable] Added face id=254 remote=contentstore:// local=contentstore://
gateway-1   | 1788176274.476243  INFO: [nfd.CsPolicy] setLimit 10
gateway-1   | 1788176274.476278  INFO: [nfd.StrategyChoice] setDefaultStrategy /localhost/nfd/strategy/best-route/v=5
gateway-1   | 1788176274.476314  INFO: [nfd.FaceTable] Added face id=1 remote=internal:// local=internal://
gateway-1   | 1788176274.476690  WARN: [nfd.CommandAuthenticator] 'certfile any' is intended for demo purposes only and SHOULD NOT be used in production environments
gateway-1   | 1788176274.476923  INFO: [nfd.StrategyChoice] changeStrategy(/ndn/broadcast) /localhost/nfd/strategy/best-route/v=5 -> /localhost/nfd/strategy/multicast/v=4
gateway-1   | 1788176274.476969  INFO: [nfd.StrategyChoice] changeStrategy(/localhost) /localhost/nfd/strategy/best-route/v=5 -> /localhost/nfd/strategy/multicast/v=4
gateway-1   | 1788176274.476982  INFO: [nfd.StrategyChoice] changeStrategy(/localhost/nfd) /localhost/nfd/strategy/multicast/v=4 -> /localhost/nfd/strategy/best-route/v=5
gateway-1   | 1788176274.476992  INFO: [nfd.CsPolicy] setLimit 65536
gateway-1   | 1788176274.476996  INFO: [nfd.CsPolicy] setLimit 65536
gateway-1   | 1788176274.477014  INFO: [nfd.EthernetFactory] enabling multicast on 01:00:5e:00:17:aa
gateway-1   | 1788176274.477044  INFO: [nfd.TcpChannel] [tcp4://0.0.0.0:6363] Creating channel
gateway-1   | 1788176274.477145  INFO: [nfd.TcpChannel] [tcp6://[::]:6363] Creating channel
gateway-1   | 1788176274.477213  INFO: [nfd.UdpChannel] [udp4://0.0.0.0:6363] Creating channel
gateway-1   | 1788176274.477267  INFO: [nfd.UdpChannel] [udp6://[::]:6363] Creating channel
gateway-1   | 1788176274.477287  INFO: [nfd.UdpFactory] enabling multicast on 224.0.23.170:56363
gateway-1   | 1788176274.477297  INFO: [nfd.UdpFactory] enabling multicast on [ff02::1234]:56363
gateway-1   | 1788176274.477331  INFO: [nfd.UnixStreamChannel] [unix:///run/nfd.sock] Creating channel
gateway-1   | 1788176274.477782  INFO: [nfd.WebSocketChannel] [ws://0.0.0.0:9696] Creating channel
gateway-1   | 1788176274.477933  INFO: [nfd.WebSocketChannel] [ws://[::]:9696] Creating channel
gateway-1   | 1788176274.478028  WARN: [nfd.CommandAuthenticator] 'certfile any' is intended for demo purposes only and SHOULD NOT be used in production environments
gateway-1   | 1788176274.478058  INFO: [nfd.CommandAuthenticator] authorize module=faces signer=any
gateway-1   | 1788176274.478063  INFO: [nfd.CommandAuthenticator] authorize module=fib signer=any
gateway-1   | 1788176274.478066  INFO: [nfd.CommandAuthenticator] authorize module=cs signer=any
gateway-1   | 1788176274.478068  INFO: [nfd.CommandAuthenticator] authorize module=strategy-choice signer=any
gateway-1   | 1788176274.478556  INFO: [nfd.EthernetChannel] [dev://eth0] Creating channel
gateway-1   | 1788176274.486663  INFO: [nfd.RibManager] Start monitoring face create/destroy events
gateway-1   | 1788176274.534851  INFO: [nfd.FaceTable] Added face id=256 remote=ether://[01:00:5e:00:17:aa] local=dev://eth0
gateway-1   | 1788176274.537745  INFO: [nfd.EthernetChannel] [dev://eth1] Creating channel
gateway-1   | 1788176274.590863  INFO: [nfd.FaceTable] Added face id=257 remote=ether://[01:00:5e:00:17:aa] local=dev://eth1
gateway-1   | 1788176274.591260  INFO: [nfd.FaceTable] Added face id=258 remote=fd://34 local=unix:///run/nfd.sock
gateway-1   | 1788176274.591899  INFO: [nfd.FaceTable] Added face id=259 remote=udp4://224.0.23.170:56363 local=udp4://172.22.0.2:50343
gateway-1   | 1788176274.592200  INFO: [nfd.FaceTable] Added face id=260 remote=udp4://224.0.23.170:56363 local=udp4://172.23.0.3:51881
gateway-1   | 1788176277.470084  INFO: [nfd.FaceTable] Added face id=261 remote=fd://39 local=unix:///run/nfd.sock
gateway-1   | 1788176277.478387  INFO: [nfd.FaceTable] Added face id=262 remote=udp4://172.23.0.2:6363 local=udp4://172.23.0.3:6363
gateway-1   | 1788176277.479839  INFO: [nfd.Transport] [id=261,local=unix:///run/nfd.sock,remote=fd://39] setState UP -> CLOSING
gateway-1   | 1788176277.480017  INFO: [nfd.Transport] [id=261,local=unix:///run/nfd.sock,remote=fd://39] setState CLOSING -> CLOSED
gateway-1   | 1788176277.480448  INFO: [nfd.FaceTable] Removed face id=261 remote=fd://39 local=unix:///run/nfd.sock
gateway-1   | face-created id=262 local=udp4://172.23.0.3:6363 remote=udp4://172.23.0.2:6363 persistency=persistent reliability=off congestion-marking=on congestion-marking-interval=100ms default-congestion-threshold=65536B mtu=8800
gateway-1   | 1788176277.492611  INFO: [nfd.FaceTable] Added face id=263 remote=fd://39 local=unix:///run/nfd.sock
gateway-1   | 1788176277.503024  INFO: [nfd.RibManager] Adding route /local/consumer1 nexthop=262 origin=static cost=0
gateway-1   | 1788176277.504015  INFO: [nfd.Transport] [id=263,local=unix:///run/nfd.sock,remote=fd://39] setState UP -> CLOSING
gateway-1   | 1788176277.504075  INFO: [nfd.Transport] [id=263,local=unix:///run/nfd.sock,remote=fd://39] setState CLOSING -> CLOSED
gateway-1   | 1788176277.504253  INFO: [nfd.FaceTable] Removed face id=263 remote=fd://39 local=unix:///run/nfd.sock
gateway-1   | route-add-accepted prefix=/local/consumer1 nexthop=262 origin=static cost=0 flags=child-inherit expires=never
gateway-1   | 1788176277.512064  INFO: [nfd.FaceTable] Added face id=264 remote=fd://39 local=unix:///run/nfd.sock
gateway-1   | 1788176277.517977  INFO: [nfd.FaceTable] Added face id=265 remote=udp4://172.22.0.3:6363 local=udp4://172.22.0.2:6363
gateway-1   | 1788176277.518592  INFO: [nfd.Transport] [id=264,local=unix:///run/nfd.sock,remote=fd://39] setState UP -> CLOSING
gateway-1   | 1788176277.518682  INFO: [nfd.Transport] [id=264,local=unix:///run/nfd.sock,remote=fd://39] setState CLOSING -> CLOSED
gateway-1   | 1788176277.518898  INFO: [nfd.FaceTable] Removed face id=264 remote=fd://39 local=unix:///run/nfd.sock
gateway-1   | face-created id=265 local=udp4://172.22.0.2:6363 remote=udp4://172.22.0.3:6363 persistency=persistent reliability=off congestion-marking=on congestion-marking-interval=100ms default-congestion-threshold=65536B mtu=8800
gateway-1   | 1788176277.526595  INFO: [nfd.FaceTable] Added face id=266 remote=fd://39 local=unix:///run/nfd.sock
gateway-1   | 1788176277.534063  INFO: [nfd.RibManager] Adding route /producer nexthop=265 origin=static cost=0
gateway-1   | 1788176277.534656  INFO: [nfd.Transport] [id=266,local=unix:///run/nfd.sock,remote=fd://39] setState UP -> CLOSING
gateway-1   | 1788176277.534708  INFO: [nfd.Transport] [id=266,local=unix:///run/nfd.sock,remote=fd://39] setState CLOSING -> CLOSED
gateway-1   | 1788176277.534836  INFO: [nfd.FaceTable] Removed face id=266 remote=fd://39 local=unix:///run/nfd.sock
gateway-1   | route-add-accepted prefix=/producer nexthop=265 origin=static cost=0 flags=child-inherit expires=never
gateway-1   | 1788176277.544796  INFO: [nfd.FaceTable] Added face id=267 remote=fd://39 local=unix:///run/nfd.sock
gateway-1   | 1788176277.545248  INFO: [nfd.RibManager] Adding route /gateway/upload-request nexthop=267 origin=app cost=0
gateway-1   | 1788176277.545541  INFO: [nfd.RibManager] Adding route /gateway/fetch nexthop=267 origin=app cost=0
gateway-1   | [11:38:02.488393] [Gateway] Received I_1 for session session-12345 from Consumer /local/consumer1
gateway-1   | [11:38:02.498859] [Gateway] D_2 received from /producer
gateway-1   | [11:38:02.499776] [Gateway] Session established. Key secured.
gateway-1   | [11:38:02.499811] [Gateway] Sending Ack (D_1) back to Consumer
gateway-1   | [11:38:02.510345] [Gateway] Received I_3: 7CR93AjrzE6xgbq...
gateway-1   | [11:38:02.510464] [Gateway] Decrypted I_3 -> session: session-12345, chunk: 1
gateway-1   | [11:38:02.510495] [Gateway] Forwarding I_4 to Consumer: /local/consumer1/upload/7CR93AjrzE6xgbqB0QaY4bgVjP0it91fl6Irr--_Ep1J-thsE5ED4Qw4yw
gateway-1   | [11:38:02.510527] [Gateway] Received I_3: b16FejNv1WFMHFd...
gateway-1   | [11:38:02.510545] [Gateway] Decrypted I_3 -> session: session-12345, chunk: 2
gateway-1   | [11:38:02.510558] [Gateway] Forwarding I_4 to Consumer: /local/consumer1/upload/b16FejNv1WFMHFd4Ce1QngNfMfDY54nhq12v_Eq9lNIRHAV5rktQPNLz8A
gateway-1   | [11:38:02.510575] [Gateway] Received I_3: Klw7qUk_bfBUCHg...
gateway-1   | [11:38:02.510589] [Gateway] Decrypted I_3 -> session: session-12345, chunk: 3
gateway-1   | [11:38:02.510606] [Gateway] Forwarding I_4 to Consumer: /local/consumer1/upload/Klw7qUk_bfBUCHgyyxk9Ep_yZjeZh9DNG9Uca-hlKSVaRcAz8Zpf70L3Mg
gateway-1   | [11:38:02.510651] [Gateway] Received I_3: qCwRaszWRkxIbVq...
producer-1  | [11:38:02.662561] [Producer] Received Data for chunk 390: This is chunk 390 for session session-12345
producer-1  | [11:38:02.662742] [Producer] Expressing Interest for chunk 410
producer-1  | [11:38:02.662993] [Producer] Received Data for chunk 391: This is chunk 391 for session session-12345
producer-1  | [11:38:02.663061] [Producer] Expressing Interest for chunk 411
producer-1  | [11:38:02.663129] [Producer] Received Data for chunk 392: This is chunk 392 for session session-12345
producer-1  | [11:38:02.663208] [Producer] Expressing Interest for chunk 412
producer-1  | [11:38:02.663348] [Producer] Received Data for chunk 393: This is chunk 393 for session session-12345
producer-1  | [11:38:02.663398] [Producer] Expressing Interest for chunk 413
producer-1  | [11:38:02.663471] [Producer] Received Data for chunk 394: This is chunk 394 for session session-12345
producer-1  | [11:38:02.663508] [Producer] Expressing Interest for chunk 414
producer-1  | [11:38:02.663570] [Producer] Received Data for chunk 395: This is chunk 395 for session session-12345
producer-1  | [11:38:02.663659] [Producer] Expressing Interest for chunk 415
producer-1  | [11:38:02.663741] [Producer] Received Data for chunk 396: This is chunk 396 for session session-12345
producer-1  | [11:38:02.663781] [Producer] Expressing Interest for chunk 416
producer-1  | [11:38:02.663965] [Producer] Received Data for chunk 397: This is chunk 397 for session session-12345
producer-1  | [11:38:02.664057] [Producer] Expressing Interest for chunk 417
producer-1  | [11:38:02.664179] [Producer] Received Data for chunk 398: This is chunk 398 for session session-12345
producer-1  | [11:38:02.664308] [Producer] Expressing Interest for chunk 418
producer-1  | [11:38:02.664468] [Producer] Received Data for chunk 399: This is chunk 399 for session session-12345
producer-1  | [11:38:02.664540] [Producer] Expressing Interest for chunk 419
producer-1  | [11:38:02.664622] [Producer] Received Data for chunk 400: This is chunk 400 for session session-12345
producer-1  | [11:38:02.664647] [Producer] Expressing Interest for chunk 420
producer-1  | [11:38:02.664716] [Producer] Received Data for chunk 401: This is chunk 401 for session session-12345
producer-1  | [11:38:02.664772] [Producer] Expressing Interest for chunk 421
producer-1  | [11:38:02.664894] [Producer] Received Data for chunk 402: This is chunk 402 for session session-12345
producer-1  | [11:38:02.664954] [Producer] Expressing Interest for chunk 422
producer-1  | [11:38:02.665012] [Producer] Received Data for chunk 403: This is chunk 403 for session session-12345
producer-1  | [11:38:02.665041] [Producer] Expressing Interest for chunk 423
producer-1  | [11:38:02.665730] [Producer] Received Data for chunk 404: This is chunk 404 for session session-12345
producer-1  | [11:38:02.665789] [Producer] Expressing Interest for chunk 424
producer-1  | [11:38:02.665834] [Producer] Received Data for chunk 405: This is chunk 405 for session session-12345
producer-1  | [11:38:02.665847] [Producer] Expressing Interest for chunk 425
producer-1  | [11:38:02.665887] [Producer] Received Data for chunk 406: This is chunk 406 for session session-12345
producer-1  | [11:38:02.665905] [Producer] Expressing Interest for chunk 426
producer-1  | [11:38:02.665944] [Producer] Received Data for chunk 407: This is chunk 407 for session session-12345
producer-1  | [11:38:02.665960] [Producer] Expressing Interest for chunk 427
producer-1  | [11:38:02.666630] [Producer] Received Data for chunk 408: This is chunk 408 for session session-12345
producer-1  | [11:38:02.666742] [Producer] Expressing Interest for chunk 428
producer-1  | [11:38:02.666831] [Producer] Received Data for chunk 409: This is chunk 409 for session session-12345
producer-1  | [11:38:02.666919] [Producer] Expressing Interest for chunk 429
producer-1  | [11:38:02.667005] [Producer] Received Data for chunk 410: This is chunk 410 for session session-12345
producer-1  | [11:38:02.667128] [Producer] Expressing Interest for chunk 430
producer-1  | [11:38:02.667645] [Producer] Received Data for chunk 411: This is chunk 411 for session session-12345
producer-1  | [11:38:02.667702] [Producer] Expressing Interest for chunk 431
producer-1  | [11:38:02.668845] [Producer] Received Data for chunk 412: This is chunk 412 for session session-12345
producer-1  | [11:38:02.668952] [Producer] Expressing Interest for chunk 432
producer-1  | [11:38:02.669330] [Producer] Received Data for chunk 413: This is chunk 413 for session session-12345
producer-1  | [11:38:02.669387] [Producer] Expressing Interest for chunk 433
producer-1  | [11:38:02.669461] [Producer] Received Data for chunk 414: This is chunk 414 for session session-12345
producer-1  | [11:38:02.669571] [Producer] Expressing Interest for chunk 434
producer-1  | [11:38:02.670027] [Producer] Received Data for chunk 415: This is chunk 415 for session session-12345
producer-1  | [11:38:02.670294] [Producer] Expressing Interest for chunk 435
producer-1  | [11:38:02.671116] [Producer] Received Data for chunk 416: This is chunk 416 for session session-12345
producer-1  | [11:38:02.671171] [Producer] Expressing Interest for chunk 436
producer-1  | [11:38:02.671231] [Producer] Received Data for chunk 417: This is chunk 417 for session session-12345
producer-1  | [11:38:02.671245] [Producer] Expressing Interest for chunk 437
producer-1  | [11:38:02.671272] [Producer] Received Data for chunk 418: This is chunk 418 for session session-12345
producer-1  | [11:38:02.671288] [Producer] Expressing Interest for chunk 438
producer-1  | [11:38:02.671318] [Producer] Received Data for chunk 419: This is chunk 419 for session session-12345
producer-1  | [11:38:02.671351] [Producer] Expressing Interest for chunk 439
producer-1  | [11:38:02.671383] [Producer] Received Data for chunk 420: This is chunk 420 for session session-12345
producer-1  | [11:38:02.671395] [Producer] Expressing Interest for chunk 440
producer-1  | [11:38:02.671421] [Producer] Received Data for chunk 421: This is chunk 421 for session session-12345
producer-1  | [11:38:02.671432] [Producer] Expressing Interest for chunk 441
producer-1  | [11:38:02.671495] [Producer] Received Data for chunk 422: This is chunk 422 for session session-12345
producer-1  | [11:38:02.671529] [Producer] Expressing Interest for chunk 442
gateway-1   | [11:38:02.510672] [Gateway] Decrypted I_3 -> session: session-12345, chunk: 4
gateway-1   | [11:38:02.510688] [Gateway] Forwarding I_4 to Consumer: /local/consumer1/upload/qCwRaszWRkxIbVq-WqQuphxB_9mm60t92GwOTD0Jw-Yam7Hb2xh0DAsYHA
gateway-1   | [11:38:02.510705] [Gateway] Received I_3: VDzERORTPFbI9ax...
gateway-1   | [11:38:02.510719] [Gateway] Decrypted I_3 -> session: session-12345, chunk: 5
gateway-1   | [11:38:02.510759] [Gateway] Forwarding I_4 to Consumer: /local/consumer1/upload/VDzERORTPFbI9axvXKIwEGNId15zyETE3aZtRyO5yeD6fJjXDldzgALo2w
gateway-1   | [11:38:02.510781] [Gateway] Received I_3: 5gwMwQJI8paqR8M...
gateway-1   | [11:38:02.510800] [Gateway] Decrypted I_3 -> session: session-12345, chunk: 6
gateway-1   | [11:38:02.510813] [Gateway] Forwarding I_4 to Consumer: /local/consumer1/upload/5gwMwQJI8paqR8M98b4dl2XeM9gI9fH_JwSLg1Do566GQUgM_KtpId-KYQ
gateway-1   | [11:38:02.510829] [Gateway] Received I_3: yW8IH8CDI_xe9pf...
gateway-1   | [11:38:02.510844] [Gateway] Decrypted I_3 -> session: session-12345, chunk: 7
gateway-1   | [11:38:02.510856] [Gateway] Forwarding I_4 to Consumer: /local/consumer1/upload/yW8IH8CDI_xe9pf16ww8MDraHmT91-7XG7uO-hbf7fW09oVauVTysG9BgQ
gateway-1   | [11:38:02.510975] [Gateway] Received I_3: B_KhHteh260o1vJ...
gateway-1   | [11:38:02.511023] [Gateway] Decrypted I_3 -> session: session-12345, chunk: 8
gateway-1   | [11:38:02.511044] [Gateway] Forwarding I_4 to Consumer: /local/consumer1/upload/B_KhHteh260o1vJVxCgGrJUo_FogrQT47aPFr-LaHsocNecduhxQPqxf2g
gateway-1   | [11:38:02.511066] [Gateway] Received I_3: 6RLRNtLbulbOSCa...
gateway-1   | [11:38:02.511083] [Gateway] Decrypted I_3 -> session: session-12345, chunk: 9
gateway-1   | [11:38:02.511096] [Gateway] Forwarding I_4 to Consumer: /local/consumer1/upload/6RLRNtLbulbOSCaVIjjplWEYfPiVPYzL8PAqcQKKdgP2iXm-JCdHkMawTw
gateway-1   | [11:38:02.511114] [Gateway] Received I_3: WxVU8M-dbtpEL6l...
gateway-1   | [11:38:02.511128] [Gateway] Decrypted I_3 -> session: session-12345, chunk: 10
gateway-1   | [11:38:02.511139] [Gateway] Forwarding I_4 to Consumer: /local/consumer1/upload/WxVU8M-dbtpEL6ljJMEkpqcp_I1ul94FJ0kT5dfkiBXIILfBYaPh9Gw9CMw
gateway-1   | [11:38:02.511156] [Gateway] Received I_3: OgPVDCB9JlRo-EY...
gateway-1   | [11:38:02.511167] [Gateway] Decrypted I_3 -> session: session-12345, chunk: 11
gateway-1   | [11:38:02.511180] [Gateway] Forwarding I_4 to Consumer: /local/consumer1/upload/OgPVDCB9JlRo-EYXxpWt-DZZKFVtYgLhPgMGzK2YwH5Flbqgvr7TJ1poZF0
producer-1  | [11:38:02.671560] [Producer] Received Data for chunk 423: This is chunk 423 for session session-12345
gateway-1   | [11:38:02.511205] [Gateway] Received I_3: EY8Mok4WT7alAGl...
gateway-1   | [11:38:02.511242] [Gateway] Decrypted I_3 -> session: session-12345, chunk: 12
producer-1  | [11:38:02.671573] [Producer] Expressing Interest for chunk 443
producer-1  | [11:38:02.671598] [Producer] Received Data for chunk 424: This is chunk 424 for session session-12345
producer-1  | [11:38:02.671609] [Producer] Expressing Interest for chunk 444
producer-1  | [11:38:02.671637] [Producer] Received Data for chunk 425: This is chunk 425 for session session-12345
producer-1  | [11:38:02.671670] [Producer] Expressing Interest for chunk 445
gateway-1   | [11:38:02.511262] [Gateway] Forwarding I_4 to Consumer: /local/consumer1/upload/EY8Mok4WT7alAGltPGP9gYAJdV7beA1x0ybx7HFK4VVIxWz1fOagxJvLE6k
producer-1  | [11:38:02.671702] [Producer] Received Data for chunk 426: This is chunk 426 for session session-12345
gateway-1   | [11:38:02.511285] [Gateway] Received I_3: AEKbmJxWaXGovxM...
producer-1  | [11:38:02.671719] [Producer] Expressing Interest for chunk 446
gateway-1   | [11:38:02.511298] [Gateway] Decrypted I_3 -> session: session-12345, chunk: 13
producer-1  | [11:38:02.671745] [Producer] Received Data for chunk 427: This is chunk 427 for session session-12345
gateway-1   | [11:38:02.511311] [Gateway] Forwarding I_4 to Consumer: /local/consumer1/upload/AEKbmJxWaXGovxMqT9j4Y-Tsg86kXJ8TeSkPgzwAS5euwB4BlZXKN39rWNI
producer-1  | [11:38:02.671756] [Producer] Expressing Interest for chunk 447
gateway-1   | [11:38:02.511329] [Gateway] Received I_3: 53cN_HR0uK3IUhO...
producer-1  | [11:38:02.672546] [Producer] Received Data for chunk 428: This is chunk 428 for session session-12345
gateway-1   | [11:38:02.511340] [Gateway] Decrypted I_3 -> session: session-12345, chunk: 14
producer-1  | [11:38:02.672605] [Producer] Expressing Interest for chunk 448
gateway-1   | [11:38:02.511351] [Gateway] Forwarding I_4 to Consumer: /local/consumer1/upload/53cN_HR0uK3IUhO3F0lDpL03euNgaz6O0kEPWpT4RS8OL26SleqokNJKIow
producer-1  | [11:38:02.672682] [Producer] Received Data for chunk 429: This is chunk 429 for session session-12345
gateway-1   | [11:38:02.511368] [Gateway] Received I_3: 2-5pWXXl7TK5jMi...
producer-1  | [11:38:02.672718] [Producer] Expressing Interest for chunk 449
producer-1  | [11:38:02.672754] [Producer] Received Data for chunk 430: This is chunk 430 for session session-12345
producer-1  | [11:38:02.672766] [Producer] Expressing Interest for chunk 450
producer-1  | [11:38:02.672791] [Producer] Received Data for chunk 431: This is chunk 431 for session session-12345
producer-1  | [11:38:02.672802] [Producer] Expressing Interest for chunk 451
producer-1  | [11:38:02.672825] [Producer] Received Data for chunk 432: This is chunk 432 for session session-12345
producer-1  | [11:38:02.672835] [Producer] Expressing Interest for chunk 452
producer-1  | [11:38:02.673838] [Producer] Received Data for chunk 433: This is chunk 433 for session session-12345
producer-1  | [11:38:02.673949] [Producer] Expressing Interest for chunk 453
producer-1  | [11:38:02.674560] [Producer] Received Data for chunk 434: This is chunk 434 for session session-12345
producer-1  | [11:38:02.674665] [Producer] Expressing Interest for chunk 454
producer-1  | [11:38:02.675477] [Producer] Received Data for chunk 435: This is chunk 435 for session session-12345
producer-1  | [11:38:02.675583] [Producer] Expressing Interest for chunk 455
producer-1  | [11:38:02.675690] [Producer] Received Data for chunk 436: This is chunk 436 for session session-12345
producer-1  | [11:38:02.675779] [Producer] Expressing Interest for chunk 456
producer-1  | [11:38:02.675869] [Producer] Received Data for chunk 437: This is chunk 437 for session session-12345
producer-1  | [11:38:02.675909] [Producer] Expressing Interest for chunk 457
producer-1  | [11:38:02.675963] [Producer] Received Data for chunk 438: This is chunk 438 for session session-12345
producer-1  | [11:38:02.675976] [Producer] Expressing Interest for chunk 458
producer-1  | [11:38:02.676002] [Producer] Received Data for chunk 439: This is chunk 439 for session session-12345
producer-1  | [11:38:02.676013] [Producer] Expressing Interest for chunk 459
producer-1  | [11:38:02.676037] [Producer] Received Data for chunk 440: This is chunk 440 for session session-12345
producer-1  | [11:38:02.676047] [Producer] Expressing Interest for chunk 460
producer-1  | [11:38:02.676080] [Producer] Received Data for chunk 441: This is chunk 441 for session session-12345
producer-1  | [11:38:02.676091] [Producer] Expressing Interest for chunk 461
producer-1  | [11:38:02.676115] [Producer] Received Data for chunk 442: This is chunk 442 for session session-12345
producer-1  | [11:38:02.676125] [Producer] Expressing Interest for chunk 462
producer-1  | [11:38:02.676260] [Producer] Received Data for chunk 443: This is chunk 443 for session session-12345
producer-1  | [11:38:02.676301] [Producer] Expressing Interest for chunk 463
producer-1  | [11:38:02.676481] [Producer] Received Data for chunk 444: This is chunk 444 for session session-12345
producer-1  | [11:38:02.676536] [Producer] Expressing Interest for chunk 464
gateway-1   | [11:38:02.511382] [Gateway] Decrypted I_3 -> session: session-12345, chunk: 15
gateway-1   | [11:38:02.511393] [Gateway] Forwarding I_4 to Consumer: /local/consumer1/upload/2-5pWXXl7TK5jMisS-5ZWpzY566iimOAq1NzBkpcRHw4Yc7k0h3CQv9f6BE
gateway-1   | [11:38:02.511407] [Gateway] Received I_3: d8tqfCE8z5fhweX...
gateway-1   | [11:38:02.511420] [Gateway] Decrypted I_3 -> session: session-12345, chunk: 16
gateway-1   | [11:38:02.511431] [Gateway] Forwarding I_4 to Consumer: /local/consumer1/upload/d8tqfCE8z5fhweX41zOeEeRHw5uVTTMGywUS3hGdgWGLx1FPf01YZy2VVzE
gateway-1   | [11:38:02.511445] [Gateway] Received I_3: D2RVaRAR-nQmJQH...
gateway-1   | [11:38:02.511459] [Gateway] Decrypted I_3 -> session: session-12345, chunk: 17
gateway-1   | [11:38:02.511470] [Gateway] Forwarding I_4 to Consumer: /local/consumer1/upload/D2RVaRAR-nQmJQH2S-QmG5qBasZMQfycB3GYKP_8iq7wd5Q7Q6XRCjtX8IE
gateway-1   | [11:38:02.511483] [Gateway] Received I_3: FYeEflaxHTYd_IT...
gateway-1   | [11:38:02.511497] [Gateway] Decrypted I_3 -> session: session-12345, chunk: 18
gateway-1   | [11:38:02.511509] [Gateway] Forwarding I_4 to Consumer: /local/consumer1/upload/FYeEflaxHTYd_ITBYl1bno280ze7Ls0CwvezCpF0tTj2mfY-mqPrNVwvqII
gateway-1   | [11:38:02.511523] [Gateway] Received I_3: ugP43Cznc0NXnfG...
gateway-1   | [11:38:02.511562] [Gateway] Decrypted I_3 -> session: session-12345, chunk: 19
gateway-1   | [11:38:02.511581] [Gateway] Forwarding I_4 to Consumer: /local/consumer1/upload/ugP43Cznc0NXnfGh9M_-MyE50hKPzY2fijd1TP4d4zHHVLo7H7alQ1UM2fs
producer-1  | [11:38:02.676996] [Producer] Received Data for chunk 445: This is chunk 445 for session session-12345
producer-1  | [11:38:02.677049] [Producer] Expressing Interest for chunk 465
producer-1  | [11:38:02.677209] [Producer] Received Data for chunk 446: This is chunk 446 for session session-12345
producer-1  | [11:38:02.677260] [Producer] Expressing Interest for chunk 466
producer-1  | [11:38:02.677302] [Producer] Received Data for chunk 447: This is chunk 447 for session session-12345
producer-1  | [11:38:02.677316] [Producer] Expressing Interest for chunk 467
producer-1  | [11:38:02.677381] [Producer] Received Data for chunk 448: This is chunk 448 for session session-12345
producer-1  | [11:38:02.677419] [Producer] Expressing Interest for chunk 468
producer-1  | [11:38:02.677598] [Producer] Received Data for chunk 449: This is chunk 449 for session session-12345
producer-1  | [11:38:02.677698] [Producer] Expressing Interest for chunk 469
producer-1  | [11:38:02.678009] [Producer] Received Data for chunk 450: This is chunk 450 for session session-12345
producer-1  | [11:38:02.678072] [Producer] Expressing Interest for chunk 470
producer-1  | [11:38:02.679468] [Producer] Received Data for chunk 451: This is chunk 451 for session session-12345
producer-1  | [11:38:02.679617] [Producer] Expressing Interest for chunk 471
producer-1  | [11:38:02.679718] [Producer] Received Data for chunk 452: This is chunk 452 for session session-12345
producer-1  | [11:38:02.679757] [Producer] Expressing Interest for chunk 472
producer-1  | [11:38:02.679793] [Producer] Received Data for chunk 453: This is chunk 453 for session session-12345
gateway-1   | [11:38:02.511599] [Gateway] Received I_3: RGNOrwYsq8A0MJE...
gateway-1   | [11:38:02.511614] [Gateway] Decrypted I_3 -> session: session-12345, chunk: 20
gateway-1   | [11:38:02.511626] [Gateway] Forwarding I_4 to Consumer: /local/consumer1/upload/RGNOrwYsq8A0MJEhSgO3v8SidEBCj-RYy1ftoZw0JjABPTqrQbaS8jnolPw
gateway-1   | [11:38:02.515854] [Gateway] Proxied chunk 1 back to Producer
gateway-1   | [11:38:02.518363] [Gateway] Received I_3: boVVmytvxFXxC5R...
gateway-1   | [11:38:02.518432] [Gateway] Decrypted I_3 -> session: session-12345, chunk: 21
gateway-1   | [11:38:02.518457] [Gateway] Forwarding I_4 to Consumer: /local/consumer1/upload/boVVmytvxFXxC5RNQ07w_aPxIO8NJ0b8YPAf5OJJdMLePEEegPn_tqueKvM
gateway-1   | [11:38:02.518841] [Gateway] Proxied chunk 2 back to Producer
gateway-1   | [11:38:02.519032] [Gateway] Proxied chunk 3 back to Producer
gateway-1   | [11:38:02.519129] [Gateway] Proxied chunk 4 back to Producer
gateway-1   | [11:38:02.519235] [Gateway] Proxied chunk 5 back to Producer
gateway-1   | [11:38:02.519308] [Gateway] Proxied chunk 6 back to Producer
gateway-1   | [11:38:02.519456] [Gateway] Proxied chunk 7 back to Producer
gateway-1   | [11:38:02.519566] [Gateway] Proxied chunk 8 back to Producer
producer-1  | [11:38:02.679805] [Producer] Expressing Interest for chunk 473
producer-1  | [11:38:02.679831] [Producer] Received Data for chunk 454: This is chunk 454 for session session-12345
producer-1  | [11:38:02.679861] [Producer] Expressing Interest for chunk 474
producer-1  | [11:38:02.679923] [Producer] Received Data for chunk 455: This is chunk 455 for session session-12345
producer-1  | [11:38:02.680044] [Producer] Expressing Interest for chunk 475
producer-1  | [11:38:02.680117] [Producer] Received Data for chunk 456: This is chunk 456 for session session-12345
producer-1  | [11:38:02.680161] [Producer] Expressing Interest for chunk 476
producer-1  | [11:38:02.680197] [Producer] Received Data for chunk 457: This is chunk 457 for session session-12345
producer-1  | [11:38:02.680214] [Producer] Expressing Interest for chunk 477
producer-1  | [11:38:02.680634] [Producer] Received Data for chunk 458: This is chunk 458 for session session-12345
producer-1  | [11:38:02.680692] [Producer] Expressing Interest for chunk 478
producer-1  | [11:38:02.681590] [Producer] Received Data for chunk 459: This is chunk 459 for session session-12345
producer-1  | [11:38:02.681650] [Producer] Expressing Interest for chunk 479
producer-1  | [11:38:02.683385] [Producer] Received Data for chunk 460: This is chunk 460 for session session-12345
producer-1  | [11:38:02.683493] [Producer] Expressing Interest for chunk 480
producer-1  | [11:38:02.684607] [Producer] Received Data for chunk 461: This is chunk 461 for session session-12345
producer-1  | [11:38:02.684665] [Producer] Expressing Interest for chunk 481
producer-1  | [11:38:02.684723] [Producer] Received Data for chunk 462: This is chunk 462 for session session-12345
producer-1  | [11:38:02.684737] [Producer] Expressing Interest for chunk 482
producer-1  | [11:38:02.684765] [Producer] Received Data for chunk 463: This is chunk 463 for session session-12345
producer-1  | [11:38:02.684776] [Producer] Expressing Interest for chunk 483
producer-1  | [11:38:02.684809] [Producer] Received Data for chunk 464: This is chunk 464 for session session-12345
producer-1  | [11:38:02.684842] [Producer] Expressing Interest for chunk 484
producer-1  | [11:38:02.684874] [Producer] Received Data for chunk 465: This is chunk 465 for session session-12345
producer-1  | [11:38:02.684905] [Producer] Expressing Interest for chunk 485
producer-1  | [11:38:02.684944] [Producer] Received Data for chunk 466: This is chunk 466 for session session-12345
producer-1  | [11:38:02.685071] [Producer] Expressing Interest for chunk 486
producer-1  | [11:38:02.685220] [Producer] Received Data for chunk 467: This is chunk 467 for session session-12345
producer-1  | [11:38:02.685267] [Producer] Expressing Interest for chunk 487
producer-1  | [11:38:02.685307] [Producer] Received Data for chunk 468: This is chunk 468 for session session-12345
producer-1  | [11:38:02.685398] [Producer] Expressing Interest for chunk 488
producer-1  | [11:38:02.685431] [Producer] Received Data for chunk 469: This is chunk 469 for session session-12345
producer-1  | [11:38:02.685443] [Producer] Expressing Interest for chunk 489
producer-1  | [11:38:02.685484] [Producer] Received Data for chunk 470: This is chunk 470 for session session-12345
producer-1  | [11:38:02.685527] [Producer] Expressing Interest for chunk 490
producer-1  | [11:38:02.685565] [Producer] Received Data for chunk 471: This is chunk 471 for session session-12345
producer-1  | [11:38:02.685604] [Producer] Expressing Interest for chunk 491
producer-1  | [11:38:02.685638] [Producer] Received Data for chunk 472: This is chunk 472 for session session-12345
producer-1  | [11:38:02.685651] [Producer] Expressing Interest for chunk 492
producer-1  | [11:38:02.685678] [Producer] Received Data for chunk 473: This is chunk 473 for session session-12345
producer-1  | [11:38:02.685695] [Producer] Expressing Interest for chunk 493
producer-1  | [11:38:02.685723] [Producer] Received Data for chunk 474: This is chunk 474 for session session-12345
producer-1  | [11:38:02.685757] [Producer] Expressing Interest for chunk 494
producer-1  | [11:38:02.685790] [Producer] Received Data for chunk 475: This is chunk 475 for session session-12345
producer-1  | [11:38:02.685803] [Producer] Expressing Interest for chunk 495
producer-1  | [11:38:02.685869] [Producer] Received Data for chunk 476: This is chunk 476 for session session-12345
producer-1  | [11:38:02.685904] [Producer] Expressing Interest for chunk 496
producer-1  | [11:38:02.685940] [Producer] Received Data for chunk 477: This is chunk 477 for session session-12345
producer-1  | [11:38:02.685953] [Producer] Expressing Interest for chunk 497
producer-1  | [11:38:02.685981] [Producer] Received Data for chunk 478: This is chunk 478 for session session-12345
producer-1  | [11:38:02.685992] [Producer] Expressing Interest for chunk 498
producer-1  | [11:38:02.686016] [Producer] Received Data for chunk 479: This is chunk 479 for session session-12345
producer-1  | [11:38:02.686026] [Producer] Expressing Interest for chunk 499
producer-1  | [11:38:02.686708] [Producer] Received Data for chunk 480: This is chunk 480 for session session-12345
producer-1  | [11:38:02.686821] [Producer] Expressing Interest for chunk 500
producer-1  | [11:38:02.686969] [Producer] Received Data for chunk 481: This is chunk 481 for session session-12345
producer-1  | [11:38:02.687345] [Producer] Received Data for chunk 482: This is chunk 482 for session session-12345
producer-1  | [11:38:02.689150] [Producer] Received Data for chunk 483: This is chunk 483 for session session-12345
producer-1  | [11:38:02.689283] [Producer] Received Data for chunk 484: This is chunk 484 for session session-12345
producer-1  | [11:38:02.689323] [Producer] Received Data for chunk 485: This is chunk 485 for session session-12345
producer-1  | [11:38:02.689346] [Producer] Received Data for chunk 486: This is chunk 486 for session session-12345
producer-1  | [11:38:02.689751] [Producer] Received Data for chunk 487: This is chunk 487 for session session-12345
producer-1  | [11:38:02.690682] [Producer] Received Data for chunk 488: This is chunk 488 for session session-12345
producer-1  | [11:38:02.691938] [Producer] Received Data for chunk 489: This is chunk 489 for session session-12345
producer-1  | [11:38:02.692153] [Producer] Received Data for chunk 490: This is chunk 490 for session session-12345
producer-1  | [11:38:02.692295] [Producer] Received Data for chunk 491: This is chunk 491 for session session-12345
producer-1  | [11:38:02.692543] [Producer] Received Data for chunk 492: This is chunk 492 for session session-12345
producer-1  | [11:38:02.692694] [Producer] Received Data for chunk 493: This is chunk 493 for session session-12345
producer-1  | [11:38:02.692733] [Producer] Received Data for chunk 494: This is chunk 494 for session session-12345
producer-1  | [11:38:02.692758] [Producer] Received Data for chunk 495: This is chunk 495 for session session-12345
producer-1  | [11:38:02.692789] [Producer] Received Data for chunk 496: This is chunk 496 for session session-12345
producer-1  | [11:38:02.692988] [Producer] Received Data for chunk 497: This is chunk 497 for session session-12345
producer-1  | [11:38:02.693029] [Producer] Received Data for chunk 498: This is chunk 498 for session session-12345
producer-1  | [11:38:02.693054] [Producer] Received Data for chunk 499: This is chunk 499 for session session-12345
gateway-1   | [11:38:02.519639] [Gateway] Proxied chunk 9 back to Producer
gateway-1   | [11:38:02.519705] [Gateway] Proxied chunk 10 back to Producer
producer-1  | [11:38:02.693101] [Producer] Received Data for chunk 500: This is chunk 500 for session session-12345
producer-1  | 
producer-1  | === [EVALUATION] Pipeline Complete ===
producer-1  | Chunks Received: 500/500
gateway-1   | [11:38:02.519771] [Gateway] Proxied chunk 11 back to Producer
gateway-1   | [11:38:02.519834] [Gateway] Proxied chunk 12 back to Producer
gateway-1   | [11:38:02.519897] [Gateway] Proxied chunk 13 back to Producer
gateway-1   | [11:38:02.519963] [Gateway] Proxied chunk 14 back to Producer
gateway-1   | [11:38:02.520060] [Gateway] Proxied chunk 15 back to Producer
gateway-1   | [11:38:02.520146] [Gateway] Proxied chunk 16 back to Producer
gateway-1   | [11:38:02.520212] [Gateway] Proxied chunk 17 back to Producer
gateway-1   | [11:38:02.520322] [Gateway] Proxied chunk 18 back to Producer
gateway-1   | [11:38:02.520403] [Gateway] Proxied chunk 19 back to Producer
producer-1  | Upload Completion Time: 0.2065 seconds (206.4662 ms)
producer-1  | Producer Metrics: Total 1002 {'rx_i': 1, 'tx_i': 500, 'tx_d': 1, 'rx_d': 500}
producer-1  | 1788176283.193670  INFO: [nfd.Transport] [id=262,local=unix:///run/nfd.sock,remote=fd://31] setState UP -> CLOSING
producer-1  | 1788176283.193758  INFO: [nfd.Transport] [id=262,local=unix:///run/nfd.sock,remote=fd://31] setState CLOSING -> CLOSED
producer-1  | 1788176283.194010  INFO: [nfd.FaceTable] Removed face id=262 remote=fd://31 local=unix:///run/nfd.sock
router-1    | NFD version 22.12-33-ge277f8b9 starting
router-1    | Built with GNU C++ version 11.4.0, with GNU libstdc++ version 20230528, with Boost version 1.74.0, with libpcap version 1.10.1 (with TPACKET_V3), with WebSocket++ version 0.8.1, with ndn-cxx version 0.8.1-43-g49e1e87b
router-1    | 1788176274.484619  INFO: [nfd.FaceTable] Added face id=255 remote=null:// local=null://
router-1    | 1788176274.484673  INFO: [nfd.FaceTable] Added face id=254 remote=contentstore:// local=contentstore://
router-1    | 1788176274.484709  INFO: [nfd.CsPolicy] setLimit 10
router-1    | 1788176274.484737  INFO: [nfd.StrategyChoice] setDefaultStrategy /localhost/nfd/strategy/best-route/v=5
router-1    | 1788176274.484764  INFO: [nfd.FaceTable] Added face id=1 remote=internal:// local=internal://
router-1    | 1788176274.485122  WARN: [nfd.CommandAuthenticator] 'certfile any' is intended for demo purposes only and SHOULD NOT be used in production environments
router-1    | 1788176274.485342  INFO: [nfd.StrategyChoice] changeStrategy(/ndn/broadcast) /localhost/nfd/strategy/best-route/v=5 -> /localhost/nfd/strategy/multicast/v=4
gateway-1   | [11:38:02.520479] [Gateway] Proxied chunk 20 back to Producer
gateway-1   | [11:38:02.520688] [Gateway] Proxied chunk 21 back to Producer
gateway-1   | [11:38:02.520800] [Gateway] Received I_3: tFBMb2axMDw66nv...
gateway-1   | [11:38:02.520830] [Gateway] Decrypted I_3 -> session: session-12345, chunk: 22
gateway-1   | [11:38:02.520845] [Gateway] Forwarding I_4 to Consumer: /local/consumer1/upload/tFBMb2axMDw66nvEZi5ouEb3WQlirAmZc5PZJCCwIOh7MysQfXuApGVYGYw
gateway-1   | [11:38:02.522517] [Gateway] Received I_3: PpW7p742BPF7_A8...
gateway-1   | [11:38:02.522615] [Gateway] Decrypted I_3 -> session: session-12345, chunk: 23
gateway-1   | [11:38:02.522656] [Gateway] Forwarding I_4 to Consumer: /local/consumer1/upload/PpW7p742BPF7_A8lEuFXh4PQWPdx1Yx4tXqu0cePG674jsF59uy5kcnbdck
gateway-1   | [11:38:02.522735] [Gateway] Received I_3: 05MZKpQvbyEaXzt...
gateway-1   | [11:38:02.522808] [Gateway] Decrypted I_3 -> session: session-12345, chunk: 24
gateway-1   | [11:38:02.522878] [Gateway] Forwarding I_4 to Consumer: /local/consumer1/upload/05MZKpQvbyEaXztY2k6A9gvRwcImwVoRW7JXJ5GDFwuQpKn4Fh19dFXUPYQ
gateway-1   | [11:38:02.523639] [Gateway] Proxied chunk 22 back to Producer
gateway-1   | [11:38:02.524139] [Gateway] Proxied chunk 23 back to Producer
gateway-1   | [11:38:02.524267] [Gateway] Proxied chunk 24 back to Producer
gateway-1   | [11:38:02.524640] [Gateway] Received I_3: _2sBFfg0_pwzsGW...
gateway-1   | [11:38:02.524716] [Gateway] Decrypted I_3 -> session: session-12345, chunk: 25
gateway-1   | [11:38:02.524748] [Gateway] Forwarding I_4 to Consumer: /local/consumer1/upload/_2sBFfg0_pwzsGWtodLOl6h0hZMPd_Fwfh4XY9ilMi1y2UfjlXuiD40Cu9I
gateway-1   | [11:38:02.524812] [Gateway] Received I_3: D3Jr3ScoMZ8I1Mt...
gateway-1   | [11:38:02.524843] [Gateway] Decrypted I_3 -> session: session-12345, chunk: 26
gateway-1   | [11:38:02.524864] [Gateway] Forwarding I_4 to Consumer: /local/consumer1/upload/D3Jr3ScoMZ8I1MtUfOfLcMu6Xocsq9IP93bhmek2VeMQcAyqaJBwmbVRdSw
gateway-1   | [11:38:02.525350] [Gateway] Received I_3: V61KqniPBI7LokB...
gateway-1   | [11:38:02.525418] [Gateway] Decrypted I_3 -> session: session-12345, chunk: 27
gateway-1   | [11:38:02.525447] [Gateway] Forwarding I_4 to Consumer: /local/consumer1/upload/V61KqniPBI7LokBNvvfQVnp-73JlmY3mKy6ZXsGBe03lli2oKk74T7giBOM
gateway-1   | [11:38:02.525646] [Gateway] Proxied chunk 25 back to Producer
gateway-1   | [11:38:02.525783] [Gateway] Proxied chunk 26 back to Producer
gateway-1   | [11:38:02.525874] [Gateway] Received I_3: DplWMio-mtd5hFM...
gateway-1   | [11:38:02.525893] [Gateway] Decrypted I_3 -> session: session-12345, chunk: 28
gateway-1   | [11:38:02.525904] [Gateway] Forwarding I_4 to Consumer: /local/consumer1/upload/DplWMio-mtd5hFMpxp7LJC_1WmVP3xbQtmllsOeWPTkz9dau2UYK9Lxmv54
gateway-1   | [11:38:02.526335] [Gateway] Proxied chunk 27 back to Producer
gateway-1   | [11:38:02.526487] [Gateway] Received I_3: --UAIWAyHyP6QVu...
gateway-1   | [11:38:02.526509] [Gateway] Decrypted I_3 -> session: session-12345, chunk: 29
gateway-1   | [11:38:02.526521] [Gateway] Forwarding I_4 to Consumer: /local/consumer1/upload/--UAIWAyHyP6QVu2l3wMfSqhxhKEAYoE1fdOwyFJgZ2MvQfHgc5fkCcfap0
gateway-1   | [11:38:02.526534] [Gateway] Received I_3: 7GVNXStftdpwQpT...
gateway-1   | [11:38:02.526541] [Gateway] Decrypted I_3 -> session: session-12345, chunk: 30
gateway-1   | [11:38:02.526549] [Gateway] Forwarding I_4 to Consumer: /local/consumer1/upload/7GVNXStftdpwQpTsPgVRGKrbWs77u-uP49IE9Otk9p1lSOjoQ5AyhKNbhjo
gateway-1   | [11:38:02.526677] [Gateway] Proxied chunk 28 back to Producer
gateway-1   | [11:38:02.527233] [Gateway] Proxied chunk 29 back to Producer
gateway-1   | [11:38:02.527348] [Gateway] Proxied chunk 30 back to Producer
gateway-1   | [11:38:02.527700] [Gateway] Received I_3: EwfyWDn5bmh9imz...
gateway-1   | [11:38:02.527745] [Gateway] Decrypted I_3 -> session: session-12345, chunk: 31
gateway-1   | [11:38:02.527760] [Gateway] Forwarding I_4 to Consumer: /local/consumer1/upload/EwfyWDn5bmh9imzReawYyP32cozWZwiX5AK5OI-1Xp0nwRHAVp4hCzQZNdM
gateway-1   | [11:38:02.528229] [Gateway] Received I_3: x0rzFioxNOctvrG...
gateway-1   | [11:38:02.528274] [Gateway] Decrypted I_3 -> session: session-12345, chunk: 32
gateway-1   | [11:38:02.528291] [Gateway] Forwarding I_4 to Consumer: /local/consumer1/upload/x0rzFioxNOctvrGiDU6giUGZoAWCPain-_Ul78AZqKVJMi1Qruc-tPdWzmI
gateway-1   | [11:38:02.528306] [Gateway] Received I_3: 1XwitwPvpyaxz3D...
gateway-1   | [11:38:02.528315] [Gateway] Decrypted I_3 -> session: session-12345, chunk: 33
router-1    | 1788176274.485370  INFO: [nfd.StrategyChoice] changeStrategy(/localhost) /localhost/nfd/strategy/best-route/v=5 -> /localhost/nfd/strategy/multicast/v=4
router-1    | 1788176274.485383  INFO: [nfd.StrategyChoice] changeStrategy(/localhost/nfd) /localhost/nfd/strategy/multicast/v=4 -> /localhost/nfd/strategy/best-route/v=5
router-1    | 1788176274.485392  INFO: [nfd.CsPolicy] setLimit 65536
router-1    | 1788176274.485396  INFO: [nfd.CsPolicy] setLimit 65536
router-1    | 1788176274.485408  INFO: [nfd.EthernetFactory] enabling multicast on 01:00:5e:00:17:aa
router-1    | 1788176274.485437  INFO: [nfd.TcpChannel] [tcp4://0.0.0.0:6363] Creating channel
router-1    | 1788176274.485482  INFO: [nfd.TcpChannel] [tcp6://[::]:6363] Creating channel
router-1    | 1788176274.485530  INFO: [nfd.UdpChannel] [udp4://0.0.0.0:6363] Creating channel
router-1    | 1788176274.485553  INFO: [nfd.UdpChannel] [udp6://[::]:6363] Creating channel
router-1    | 1788176274.485603  INFO: [nfd.UdpFactory] enabling multicast on 224.0.23.170:56363
router-1    | 1788176274.485613  INFO: [nfd.UdpFactory] enabling multicast on [ff02::1234]:56363
router-1    | 1788176274.485639  INFO: [nfd.UnixStreamChannel] [unix:///run/nfd.sock] Creating channel
router-1    | 1788176274.486005  INFO: [nfd.WebSocketChannel] [ws://0.0.0.0:9696] Creating channel
router-1    | 1788176274.486139  INFO: [nfd.WebSocketChannel] [ws://[::]:9696] Creating channel
router-1    | 1788176274.486248  WARN: [nfd.CommandAuthenticator] 'certfile any' is intended for demo purposes only and SHOULD NOT be used in production environments
router-1    | 1788176274.486268  INFO: [nfd.CommandAuthenticator] authorize module=faces signer=any
router-1    | 1788176274.486272  INFO: [nfd.CommandAuthenticator] authorize module=fib signer=any
router-1    | 1788176274.486274  INFO: [nfd.CommandAuthenticator] authorize module=cs signer=any
router-1    | 1788176274.486278  INFO: [nfd.CommandAuthenticator] authorize module=strategy-choice signer=any
router-1    | 1788176274.486892  INFO: [nfd.EthernetChannel] [dev://eth0] Creating channel
router-1    | 1788176274.494115  INFO: [nfd.RibManager] Start monitoring face create/destroy events
router-1    | 1788176274.555037  INFO: [nfd.FaceTable] Added face id=256 remote=ether://[01:00:5e:00:17:aa] local=dev://eth0
router-1    | 1788176274.559587  INFO: [nfd.EthernetChannel] [dev://eth1] Creating channel
router-1    | 1788176274.598790  INFO: [nfd.FaceTable] Added face id=257 remote=ether://[01:00:5e:00:17:aa] local=dev://eth1
router-1    | 1788176274.599077  INFO: [nfd.FaceTable] Added face id=258 remote=fd://34 local=unix:///run/nfd.sock
router-1    | 1788176274.599322  INFO: [nfd.FaceTable] Added face id=259 remote=udp4://224.0.23.170:56363 local=udp4://172.21.0.3:43425
router-1    | 1788176274.599461  INFO: [nfd.FaceTable] Added face id=260 remote=udp4://224.0.23.170:56363 local=udp4://172.22.0.3:50754
router-1    | 1788176277.483716  INFO: [nfd.FaceTable] Added face id=261 remote=fd://39 local=unix:///run/nfd.sock
router-1    | 1788176277.493590  INFO: [nfd.FaceTable] Added face id=262 remote=udp4://172.22.0.2:6363 local=udp4://172.22.0.3:6363
router-1    | 1788176277.495530  INFO: [nfd.Transport] [id=261,local=unix:///run/nfd.sock,remote=fd://39] setState UP -> CLOSING
router-1    | 1788176277.495659  INFO: [nfd.Transport] [id=261,local=unix:///run/nfd.sock,remote=fd://39] setState CLOSING -> CLOSED
router-1    | 1788176277.495942  INFO: [nfd.FaceTable] Removed face id=261 remote=fd://39 local=unix:///run/nfd.sock
router-1    | face-created id=262 local=udp4://172.22.0.3:6363 remote=udp4://172.22.0.2:6363 persistency=persistent reliability=off congestion-marking=on congestion-marking-interval=100ms default-congestion-threshold=65536B mtu=8800
router-1    | 1788176277.506343  INFO: [nfd.FaceTable] Added face id=263 remote=fd://39 local=unix:///run/nfd.sock
router-1    | 1788176277.513150  INFO: [nfd.RibManager] Adding route /gateway nexthop=262 origin=static cost=0
router-1    | 1788176277.513959  INFO: [nfd.Transport] [id=263,local=unix:///run/nfd.sock,remote=fd://39] setState UP -> CLOSING
router-1    | 1788176277.514004  INFO: [nfd.Transport] [id=263,local=unix:///run/nfd.sock,remote=fd://39] setState CLOSING -> CLOSED
router-1    | 1788176277.514093  INFO: [nfd.FaceTable] Removed face id=263 remote=fd://39 local=unix:///run/nfd.sock
router-1    | route-add-accepted prefix=/gateway nexthop=262 origin=static cost=0 flags=child-inherit expires=never
router-1    | 1788176277.522478  INFO: [nfd.FaceTable] Added face id=264 remote=fd://39 local=unix:///run/nfd.sock
router-1    | 1788176277.528126  INFO: [nfd.FaceTable] Added face id=265 remote=udp4://172.21.0.2:6363 local=udp4://172.21.0.3:6363
router-1    | 1788176277.529006  INFO: [nfd.Transport] [id=264,local=unix:///run/nfd.sock,remote=fd://39] setState UP -> CLOSING
router-1    | 1788176277.529104  INFO: [nfd.Transport] [id=264,local=unix:///run/nfd.sock,remote=fd://39] setState CLOSING -> CLOSED
router-1    | 1788176277.529304  INFO: [nfd.FaceTable] Removed face id=264 remote=fd://39 local=unix:///run/nfd.sock
router-1    | face-created id=265 local=udp4://172.21.0.3:6363 remote=udp4://172.21.0.2:6363 persistency=persistent reliability=off congestion-marking=on congestion-marking-interval=100ms default-congestion-threshold=65536B mtu=8800
router-1    | 1788176277.536986  INFO: [nfd.FaceTable] Added face id=266 remote=fd://39 local=unix:///run/nfd.sock
router-1    | 1788176277.542579  INFO: [nfd.RibManager] Adding route /producer nexthop=265 origin=static cost=0
gateway-1   | [11:38:02.528323] [Gateway] Forwarding I_4 to Consumer: /local/consumer1/upload/1XwitwPvpyaxz3DDdQYoAHpfeKkwoFYz9cq06T950Hdct8z_Vk8V8B3W7HM
gateway-1   | [11:38:02.529105] [Gateway] Received I_3: h9CklB5UpKQQI8f...
gateway-1   | [11:38:02.529149] [Gateway] Decrypted I_3 -> session: session-12345, chunk: 34
gateway-1   | [11:38:02.529348] [Gateway] Forwarding I_4 to Consumer: /local/consumer1/upload/h9CklB5UpKQQI8fGesdY8xOn8Uv2ipKmrpNABriKpd_Q-PMRokOtwa-wUls
gateway-1   | [11:38:02.529392] [Gateway] Received I_3: t2iXHbzT3ZmvvUN...
gateway-1   | [11:38:02.529420] [Gateway] Decrypted I_3 -> session: session-12345, chunk: 35
router-1    | 1788176277.543028  INFO: [nfd.Transport] [id=266,local=unix:///run/nfd.sock,remote=fd://39] setState UP -> CLOSING
router-1    | 1788176277.543120  INFO: [nfd.Transport] [id=266,local=unix:///run/nfd.sock,remote=fd://39] setState CLOSING -> CLOSED
router-1    | 1788176277.543232  INFO: [nfd.FaceTable] Removed face id=266 remote=fd://39 local=unix:///run/nfd.sock
router-1    | route-add-accepted prefix=/producer nexthop=265 origin=static cost=0 flags=child-inherit expires=never
gateway-1   | [11:38:02.529466] [Gateway] Forwarding I_4 to Consumer: /local/consumer1/upload/t2iXHbzT3ZmvvUNyQsWw4tSrYot8Q6NnL-DFJh_1G_e3DNBCIH3LNdW9CSs
gateway-1   | [11:38:02.529541] [Gateway] Received I_3: 10Tzlh2b078xV6y...
gateway-1   | [11:38:02.529583] [Gateway] Decrypted I_3 -> session: session-12345, chunk: 36
gateway-1   | [11:38:02.529598] [Gateway] Forwarding I_4 to Consumer: /local/consumer1/upload/10Tzlh2b078xV6yekdrlG1EV8__nYmV77debYLZXrPGf5dO0au8pe-9tnn0
gateway-1   | [11:38:02.530068] [Gateway] Received I_3: nP8hfjVELPFfpwY...
gateway-1   | [11:38:02.530140] [Gateway] Decrypted I_3 -> session: session-12345, chunk: 37
gateway-1   | [11:38:02.530190] [Gateway] Forwarding I_4 to Consumer: /local/consumer1/upload/nP8hfjVELPFfpwYbhJXqgL1g_4FVaT0HtYLltMWAD2coR62rJ4SqbKQ2IAs
gateway-1   | [11:38:02.530295] [Gateway] Proxied chunk 31 back to Producer
gateway-1   | [11:38:02.530436] [Gateway] Received I_3: HGcFyeUixfwHBR-...
gateway-1   | [11:38:02.530463] [Gateway] Decrypted I_3 -> session: session-12345, chunk: 38
gateway-1   | [11:38:02.530474] [Gateway] Forwarding I_4 to Consumer: /local/consumer1/upload/HGcFyeUixfwHBR-hG-J3XCvjnwulpUmTcKAq1aFwzod9Vnb6lJ4C4NdfpFg
gateway-1   | [11:38:02.530488] [Gateway] Received I_3: qtF5B7jjDBAkDQB...
gateway-1   | [11:38:02.530514] [Gateway] Decrypted I_3 -> session: session-12345, chunk: 39
gateway-1   | [11:38:02.530527] [Gateway] Forwarding I_4 to Consumer: /local/consumer1/upload/qtF5B7jjDBAkDQBD1mNa3DgQPTAGQJuQ0vyOezy5yeK2z_SfP0S6Sayn6Qo
gateway-1   | [11:38:02.530539] [Gateway] Received I_3: K0Y_QFnl4E02g5Z...
gateway-1   | [11:38:02.530547] [Gateway] Decrypted I_3 -> session: session-12345, chunk: 40
gateway-1   | [11:38:02.530555] [Gateway] Forwarding I_4 to Consumer: /local/consumer1/upload/K0Y_QFnl4E02g5ZGtIBXlR3AJgoyuyOWq-mirx_zqs5hty1GCHdCGdB-oh4
gateway-1   | [11:38:02.530564] [Gateway] Received I_3: LbNj-cKO7zIWppe...
gateway-1   | [11:38:02.530571] [Gateway] Decrypted I_3 -> session: session-12345, chunk: 41
gateway-1   | [11:38:02.530582] [Gateway] Forwarding I_4 to Consumer: /local/consumer1/upload/LbNj-cKO7zIWppeCRTxg9JFu2pIkPibpMxrsYi-g1g7-ayOBfkaAglxtSlg
gateway-1   | [11:38:02.530610] [Gateway] Received I_3: f9oDaAVqlvhd9j2...
gateway-1   | [11:38:02.530621] [Gateway] Decrypted I_3 -> session: session-12345, chunk: 42
gateway-1   | [11:38:02.530645] [Gateway] Forwarding I_4 to Consumer: /local/consumer1/upload/f9oDaAVqlvhd9j2MtC-RN-JJ8ROlHoBcy49FXsGyUZDtQNcf9zLH4tK2At0
gateway-1   | [11:38:02.530691] [Gateway] Received I_3: y1yAa8U64Pcjmp_...
gateway-1   | [11:38:02.530703] [Gateway] Decrypted I_3 -> session: session-12345, chunk: 43
gateway-1   | [11:38:02.530711] [Gateway] Forwarding I_4 to Consumer: /local/consumer1/upload/y1yAa8U64Pcjmp_eYRC6IENf_aWo6TF6amGbWmCk1UsHw5mVYALtsztTcIo
gateway-1   | [11:38:02.530720] [Gateway] Received I_3: b1qMOe7JaYGpToH...
gateway-1   | [11:38:02.530728] [Gateway] Decrypted I_3 -> session: session-12345, chunk: 44
gateway-1   | [11:38:02.530735] [Gateway] Forwarding I_4 to Consumer: /local/consumer1/upload/b1qMOe7JaYGpToHqmUtVrxYNBUWICecJpGnnFp9X-IHeQawMOEfoZKNGuRY
gateway-1   | [11:38:02.530759] [Gateway] Proxied chunk 32 back to Producer
gateway-1   | [11:38:02.530869] [Gateway] Received I_3: UwgeUD7M8bgLnNl...
gateway-1   | [11:38:02.530895] [Gateway] Decrypted I_3 -> session: session-12345, chunk: 45
gateway-1   | [11:38:02.530908] [Gateway] Forwarding I_4 to Consumer: /local/consumer1/upload/UwgeUD7M8bgLnNlIvfcbqVgOE3LkyWsY0d52K9Nj9wEbbaWrFFRoyZ9iDBo
gateway-1   | [11:38:02.531957] [Gateway] Proxied chunk 33 back to Producer
gateway-1   | [11:38:02.532103] [Gateway] Proxied chunk 34 back to Producer
gateway-1   | [11:38:02.532195] [Gateway] Received I_3: vbC4VeNgvSlQs-U...
gateway-1   | [11:38:02.532216] [Gateway] Decrypted I_3 -> session: session-12345, chunk: 46
gateway-1   | [11:38:02.532228] [Gateway] Forwarding I_4 to Consumer: /local/consumer1/upload/vbC4VeNgvSlQs-U2E8JV1MUSEhTpskNV2lFOjILmOci7PP6dZiDf6gp35ro
gateway-1   | [11:38:02.532272] [Gateway] Proxied chunk 35 back to Producer
gateway-1   | [11:38:02.532352] [Gateway] Received I_3: V8hl2vSEWjkx-Om...
gateway-1   | [11:38:02.532366] [Gateway] Decrypted I_3 -> session: session-12345, chunk: 47
gateway-1   | [11:38:02.532375] [Gateway] Forwarding I_4 to Consumer: /local/consumer1/upload/V8hl2vSEWjkx-OmkVg1MDlNADfiCfTRxXgu7Loraq7c-hA1bAXnjYo-h4-g
gateway-1   | [11:38:02.532398] [Gateway] Proxied chunk 36 back to Producer
gateway-1   | [11:38:02.532541] [Gateway] Received I_3: lCpObAnNAP5ofTG...
gateway-1   | [11:38:02.532601] [Gateway] Decrypted I_3 -> session: session-12345, chunk: 48
gateway-1   | [11:38:02.532618] [Gateway] Forwarding I_4 to Consumer: /local/consumer1/upload/lCpObAnNAP5ofTGZ6nCU1Pys7H1KDyVv6A0lRn04jX-qwA50UHVm5_KqwkQ
gateway-1   | [11:38:02.532883] [Gateway] Proxied chunk 37 back to Producer
gateway-1   | [11:38:02.533148] [Gateway] Received I_3: dRm8kmqc0IIAlzZ...
gateway-1   | [11:38:02.533201] [Gateway] Decrypted I_3 -> session: session-12345, chunk: 49
gateway-1   | [11:38:02.533217] [Gateway] Forwarding I_4 to Consumer: /local/consumer1/upload/dRm8kmqc0IIAlzZG8Y70hKvRVEKG-KUNMb-Y-d0Jbq7dbizobz3nPk_S7Qk
gateway-1   | [11:38:02.533371] [Gateway] Proxied chunk 38 back to Producer
gateway-1   | [11:38:02.533629] [Gateway] Received I_3: NM-cZGKxsiJQ_Mk...
gateway-1   | [11:38:02.533678] [Gateway] Decrypted I_3 -> session: session-12345, chunk: 50
gateway-1   | [11:38:02.533695] [Gateway] Forwarding I_4 to Consumer: /local/consumer1/upload/NM-cZGKxsiJQ_MkLOZ1j_BUKKxEGXeT0IZ8zfyYVmYrG9Us4XAzvQJ00PX4
gateway-1   | [11:38:02.533849] [Gateway] Proxied chunk 39 back to Producer
gateway-1   | [11:38:02.534042] [Gateway] Received I_3: W8sroKH9ckKkVY-...
gateway-1   | [11:38:02.534072] [Gateway] Decrypted I_3 -> session: session-12345, chunk: 51
gateway-1   | [11:38:02.534086] [Gateway] Forwarding I_4 to Consumer: /local/consumer1/upload/W8sroKH9ckKkVY-JxfTmA84U-YK7tEnsoX-Rtc_nb-F2RMYF7aDbQT-B-BI
gateway-1   | [11:38:02.534110] [Gateway] Proxied chunk 40 back to Producer
gateway-1   | [11:38:02.534191] [Gateway] Received I_3: Te7jTt1HM9EMfv9...
gateway-1   | [11:38:02.534224] [Gateway] Decrypted I_3 -> session: session-12345, chunk: 52
gateway-1   | [11:38:02.534236] [Gateway] Forwarding I_4 to Consumer: /local/consumer1/upload/Te7jTt1HM9EMfv9lci_OxYKmxQxAhjx8Iu5c3-3L-5l5GJG0LTwBKjuVLog
gateway-1   | [11:38:02.534362] [Gateway] Proxied chunk 41 back to Producer
gateway-1   | [11:38:02.534659] [Gateway] Proxied chunk 42 back to Producer
gateway-1   | [11:38:02.535011] [Gateway] Proxied chunk 43 back to Producer
gateway-1   | [11:38:02.535236] [Gateway] Proxied chunk 44 back to Producer
gateway-1   | [11:38:02.535403] [Gateway] Proxied chunk 45 back to Producer
gateway-1   | [11:38:02.535560] [Gateway] Proxied chunk 46 back to Producer
gateway-1   | [11:38:02.535890] [Gateway] Proxied chunk 47 back to Producer
gateway-1   | [11:38:02.536217] [Gateway] Proxied chunk 48 back to Producer
gateway-1   | [11:38:02.536422] [Gateway] Received I_3: rNivHlbwLJkNxzA...
gateway-1   | [11:38:02.536460] [Gateway] Decrypted I_3 -> session: session-12345, chunk: 53
gateway-1   | [11:38:02.536475] [Gateway] Forwarding I_4 to Consumer: /local/consumer1/upload/rNivHlbwLJkNxzAp2nyvIEr8zlKhd7n9rhEoWlwcnSZmWRIeW1DpOf517pU
gateway-1   | [11:38:02.536490] [Gateway] Proxied chunk 49 back to Producer
gateway-1   | [11:38:02.536555] [Gateway] Received I_3: pDBaeFnW6CIVlsb...
gateway-1   | [11:38:02.536565] [Gateway] Decrypted I_3 -> session: session-12345, chunk: 54
gateway-1   | [11:38:02.536572] [Gateway] Forwarding I_4 to Consumer: /local/consumer1/upload/pDBaeFnW6CIVlsbmlM42qQd43J4eHXZwilTL7ZShzKBq3YpoN1artGirMOI
gateway-1   | [11:38:02.536582] [Gateway] Proxied chunk 50 back to Producer
gateway-1   | [11:38:02.536631] [Gateway] Received I_3: RtYuYtLKtfTaprV...
gateway-1   | [11:38:02.536640] [Gateway] Decrypted I_3 -> session: session-12345, chunk: 55
gateway-1   | [11:38:02.536647] [Gateway] Forwarding I_4 to Consumer: /local/consumer1/upload/RtYuYtLKtfTaprVV9PcZuwY9HA5waIGoit1ZCfa0qjQNK5qAHMXOhYPOkIc
gateway-1   | [11:38:02.536655] [Gateway] Proxied chunk 51 back to Producer
gateway-1   | [11:38:02.536703] [Gateway] Received I_3: VstmEGltaWrEQY-...
gateway-1   | [11:38:02.536714] [Gateway] Decrypted I_3 -> session: session-12345, chunk: 56
gateway-1   | [11:38:02.536721] [Gateway] Forwarding I_4 to Consumer: /local/consumer1/upload/VstmEGltaWrEQY-ZVlvn7WR2lBLMlIXfTnBTR4EoV5dIT_3FEmuOjcDAPWU
gateway-1   | [11:38:02.536729] [Gateway] Proxied chunk 52 back to Producer
gateway-1   | [11:38:02.536777] [Gateway] Received I_3: wFyQYsGOg06I3LC...
gateway-1   | [11:38:02.536785] [Gateway] Decrypted I_3 -> session: session-12345, chunk: 57
gateway-1   | [11:38:02.536792] [Gateway] Forwarding I_4 to Consumer: /local/consumer1/upload/wFyQYsGOg06I3LCPDMH5hLd8lye9_XUc9jDZ6a_oBpZ7oXk0oCZTcibHZK8
gateway-1   | [11:38:02.536801] [Gateway] Received I_3: bxGBkRYLAfDbEhl...
gateway-1   | [11:38:02.536807] [Gateway] Decrypted I_3 -> session: session-12345, chunk: 58
gateway-1   | [11:38:02.536814] [Gateway] Forwarding I_4 to Consumer: /local/consumer1/upload/bxGBkRYLAfDbEhlU8qXZjWzWh86qe7DuGfxmkbWMoaLvX6htJMuqGg2q5cE
gateway-1   | [11:38:02.536822] [Gateway] Received I_3: CQaIDYdUwkYDakz...
gateway-1   | [11:38:02.536829] [Gateway] Decrypted I_3 -> session: session-12345, chunk: 59
gateway-1   | [11:38:02.536836] [Gateway] Forwarding I_4 to Consumer: /local/consumer1/upload/CQaIDYdUwkYDakzF-8uoE1xkB6tWKRHbUa6eKkEFKiRR_eHnAUMR1GCFpbA
gateway-1   | [11:38:02.536844] [Gateway] Received I_3: K6dsVJibQyxQK9D...
gateway-1   | [11:38:02.536851] [Gateway] Decrypted I_3 -> session: session-12345, chunk: 60
gateway-1   | [11:38:02.536858] [Gateway] Forwarding I_4 to Consumer: /local/consumer1/upload/K6dsVJibQyxQK9DleNZTl483gjEbsOXrDH52QncoO8gDzMBQZZYKVCyoHow
gateway-1   | [11:38:02.536867] [Gateway] Received I_3: JDvq7b5-5dN7La_...
gateway-1   | [11:38:02.536874] [Gateway] Decrypted I_3 -> session: session-12345, chunk: 61
gateway-1   | [11:38:02.536881] [Gateway] Forwarding I_4 to Consumer: /local/consumer1/upload/JDvq7b5-5dN7La_Uov9SVjiRYTqni5lXleqohN901wtiRy-ZtZfEfyjTe80
gateway-1   | [11:38:02.536890] [Gateway] Received I_3: SUr-Aj_79V23YxJ...
gateway-1   | [11:38:02.536897] [Gateway] Decrypted I_3 -> session: session-12345, chunk: 62
gateway-1   | [11:38:02.536904] [Gateway] Forwarding I_4 to Consumer: /local/consumer1/upload/SUr-Aj_79V23YxJ4p0sQCf7oEwHKES0LSfWj0yrUQtWkSosnFvW83J7Z0pY
gateway-1   | [11:38:02.536979] [Gateway] Received I_3: BX5KAuMy0BpA34P...
gateway-1   | [11:38:02.536988] [Gateway] Decrypted I_3 -> session: session-12345, chunk: 63
gateway-1   | [11:38:02.536995] [Gateway] Forwarding I_4 to Consumer: /local/consumer1/upload/BX5KAuMy0BpA34P4e_jwqpQIOFXI8WneqKNR3sqnuS71zSU-CgUMrHf1N4Y
gateway-1   | [11:38:02.537005] [Gateway] Received I_3: vbT99ytkCVzP7XF...
gateway-1   | [11:38:02.537011] [Gateway] Decrypted I_3 -> session: session-12345, chunk: 64
gateway-1   | [11:38:02.537018] [Gateway] Forwarding I_4 to Consumer: /local/consumer1/upload/vbT99ytkCVzP7XFCyxW5oauX4Dh1h0cSX-6Jk3r0cUlTHqMX4qhSZlqqmQE
gateway-1   | [11:38:02.537123] [Gateway] Received I_3: K_sblj9bl6ooSs6...
gateway-1   | [11:38:02.537190] [Gateway] Decrypted I_3 -> session: session-12345, chunk: 65
gateway-1   | [11:38:02.537209] [Gateway] Forwarding I_4 to Consumer: /local/consumer1/upload/K_sblj9bl6ooSs6kh3T4MClRK9SwVoLQ_r0G6HpmXUu54F03yUF2V3URImE
gateway-1   | [11:38:02.537770] [Gateway] Received I_3: a8-gmFJEgWuGvPx...
gateway-1   | [11:38:02.537825] [Gateway] Decrypted I_3 -> session: session-12345, chunk: 66
gateway-1   | [11:38:02.537842] [Gateway] Forwarding I_4 to Consumer: /local/consumer1/upload/a8-gmFJEgWuGvPx2XqFQ6br-qx75fgV6wm3Z9L0t0XXxtJDZEzJji91osQM
gateway-1   | [11:38:02.537858] [Gateway] Received I_3: TlOtIOXhgWyPuNM...
gateway-1   | [11:38:02.537866] [Gateway] Decrypted I_3 -> session: session-12345, chunk: 67
gateway-1   | [11:38:02.537874] [Gateway] Forwarding I_4 to Consumer: /local/consumer1/upload/TlOtIOXhgWyPuNM3fyef0-V17fpXe6TotijIBAzObh2Ht3zCfW6gmwpqEgE
gateway-1   | [11:38:02.537907] [Gateway] Received I_3: nqgiRPb-WRksKmP...
gateway-1   | [11:38:02.537919] [Gateway] Decrypted I_3 -> session: session-12345, chunk: 68
gateway-1   | [11:38:02.537929] [Gateway] Forwarding I_4 to Consumer: /local/consumer1/upload/nqgiRPb-WRksKmPgNeQMRVUizmLoTjVRogZ5Rle7culX7l51fXXlGpcFzy0
gateway-1   | [11:38:02.538025] [Gateway] Received I_3: -u7FjACybiBJ-8u...
gateway-1   | [11:38:02.538072] [Gateway] Decrypted I_3 -> session: session-12345, chunk: 69
gateway-1   | [11:38:02.538091] [Gateway] Forwarding I_4 to Consumer: /local/consumer1/upload/-u7FjACybiBJ-8uO07mH6rQhtMWWW5MvGDyK7B6D1wtodn5JSPUumqpTWAQ
gateway-1   | [11:38:02.538120] [Gateway] Received I_3: k1ZHd2tHxfW-2mS...
gateway-1   | [11:38:02.538132] [Gateway] Decrypted I_3 -> session: session-12345, chunk: 70
gateway-1   | [11:38:02.538155] [Gateway] Forwarding I_4 to Consumer: /local/consumer1/upload/k1ZHd2tHxfW-2mSpIpDgBIYi53MFCGAHy8IqeMVeq4YZpqoexYuu1e1P_ic
gateway-1   | [11:38:02.538721] [Gateway] Proxied chunk 53 back to Producer
gateway-1   | [11:38:02.538888] [Gateway] Received I_3: VrVeNuQKWW5rrXc...
gateway-1   | [11:38:02.538927] [Gateway] Decrypted I_3 -> session: session-12345, chunk: 71
gateway-1   | [11:38:02.538943] [Gateway] Forwarding I_4 to Consumer: /local/consumer1/upload/VrVeNuQKWW5rrXc_3Aky5Ria0WEK-m1Yu_mdvxjfqyQpyTpZgJ3q85k6S-c
gateway-1   | [11:38:02.538958] [Gateway] Received I_3: -w_A3MpOefMlfHi...
gateway-1   | [11:38:02.538981] [Gateway] Decrypted I_3 -> session: session-12345, chunk: 72
gateway-1   | [11:38:02.538993] [Gateway] Forwarding I_4 to Consumer: /local/consumer1/upload/-w_A3MpOefMlfHismeIowH8OrYqEs0UeIOuFYcnoM1F-Czl8LKETInIv3mQ
gateway-1   | [11:38:02.539819] [Gateway] Received I_3: Xi6uxpxS65Ep5M7...
gateway-1   | [11:38:02.539865] [Gateway] Decrypted I_3 -> session: session-12345, chunk: 73
gateway-1   | [11:38:02.539884] [Gateway] Forwarding I_4 to Consumer: /local/consumer1/upload/Xi6uxpxS65Ep5M77TCNHf4dS4N0IMSqCvSvsNW8cnFGx1LCog3YS1x-2WvM
gateway-1   | [11:38:02.540333] [Gateway] Proxied chunk 54 back to Producer
gateway-1   | [11:38:02.541128] [Gateway] Proxied chunk 55 back to Producer
gateway-1   | [11:38:02.541344] [Gateway] Proxied chunk 56 back to Producer
gateway-1   | [11:38:02.541538] [Gateway] Received I_3: YHM1vD22ZEQYFtT...
gateway-1   | [11:38:02.541577] [Gateway] Decrypted I_3 -> session: session-12345, chunk: 74
gateway-1   | [11:38:02.541592] [Gateway] Forwarding I_4 to Consumer: /local/consumer1/upload/YHM1vD22ZEQYFtTIVCOTNClkr4EWRuD8DElo9VDZjPVMWIn5RXRk-VW-c9w
gateway-1   | [11:38:02.541607] [Gateway] Proxied chunk 57 back to Producer
gateway-1   | [11:38:02.541708] [Gateway] Proxied chunk 58 back to Producer
gateway-1   | [11:38:02.541784] [Gateway] Proxied chunk 59 back to Producer
gateway-1   | [11:38:02.541871] [Gateway] Proxied chunk 60 back to Producer
gateway-1   | [11:38:02.541967] [Gateway] Proxied chunk 61 back to Producer
gateway-1   | [11:38:02.542315] [Gateway] Proxied chunk 62 back to Producer
gateway-1   | [11:38:02.542505] [Gateway] Received I_3: rvlzXjkaDXPysb3...
gateway-1   | [11:38:02.542539] [Gateway] Decrypted I_3 -> session: session-12345, chunk: 75
gateway-1   | [11:38:02.542552] [Gateway] Forwarding I_4 to Consumer: /local/consumer1/upload/rvlzXjkaDXPysb3V9Cr1C-DdlI_eH2rFOaK64qU8VzXdLHc6cwytqRijE2k
gateway-1   | [11:38:02.542575] [Gateway] Proxied chunk 63 back to Producer
gateway-1   | [11:38:02.542806] [Gateway] Received I_3: zRGUwtfNb2dP3lJ...
gateway-1   | [11:38:02.542858] [Gateway] Decrypted I_3 -> session: session-12345, chunk: 76
gateway-1   | [11:38:02.542873] [Gateway] Forwarding I_4 to Consumer: /local/consumer1/upload/zRGUwtfNb2dP3lJ8vcB_rtWTWUM2CblgK8N9NjgzIAEW9NNariY0PZrj3h4
gateway-1   | [11:38:02.543049] [Gateway] Proxied chunk 64 back to Producer
gateway-1   | [11:38:02.543191] [Gateway] Proxied chunk 65 back to Producer
gateway-1   | [11:38:02.543287] [Gateway] Received I_3: EydxQ_kmFT3dnyE...
gateway-1   | [11:38:02.543326] [Gateway] Decrypted I_3 -> session: session-12345, chunk: 77
gateway-1   | [11:38:02.543340] [Gateway] Forwarding I_4 to Consumer: /local/consumer1/upload/EydxQ_kmFT3dnyEKbS4Izfvs3alsvrCr2O8wCZKfQjapJ0riT4FKDoEvdoA
gateway-1   | [11:38:02.543356] [Gateway] Proxied chunk 66 back to Producer
gateway-1   | [11:38:02.543466] [Gateway] Proxied chunk 67 back to Producer
gateway-1   | [11:38:02.543528] [Gateway] Proxied chunk 68 back to Producer
gateway-1   | [11:38:02.543577] [Gateway] Proxied chunk 69 back to Producer
gateway-1   | [11:38:02.543640] [Gateway] Received I_3: VCowhcetsSgZHEo...
gateway-1   | [11:38:02.543654] [Gateway] Decrypted I_3 -> session: session-12345, chunk: 78
gateway-1   | [11:38:02.543664] [Gateway] Forwarding I_4 to Consumer: /local/consumer1/upload/VCowhcetsSgZHEog09nZqD_gstSZRS3HiG1iINhfBaSflZFO85YEo-P1F94
gateway-1   | [11:38:02.543682] [Gateway] Proxied chunk 70 back to Producer
gateway-1   | [11:38:02.543732] [Gateway] Proxied chunk 71 back to Producer
gateway-1   | [11:38:02.543913] [Gateway] Proxied chunk 72 back to Producer
gateway-1   | [11:38:02.544476] [Gateway] Proxied chunk 73 back to Producer
gateway-1   | [11:38:02.544656] [Gateway] Proxied chunk 74 back to Producer
gateway-1   | [11:38:02.544822] [Gateway] Proxied chunk 75 back to Producer
gateway-1   | [11:38:02.544942] [Gateway] Proxied chunk 76 back to Producer
gateway-1   | [11:38:02.545057] [Gateway] Received I_3: Lem8_MNzTZrT7oK...
gateway-1   | [11:38:02.545093] [Gateway] Decrypted I_3 -> session: session-12345, chunk: 79
gateway-1   | [11:38:02.545120] [Gateway] Forwarding I_4 to Consumer: /local/consumer1/upload/Lem8_MNzTZrT7oKl5qbsy545Kq8f3WzfDh9ya7vHLvoybOFxQQakAxGd1SM
gateway-1   | [11:38:02.545148] [Gateway] Proxied chunk 77 back to Producer
gateway-1   | [11:38:02.545236] [Gateway] Proxied chunk 78 back to Producer
gateway-1   | [11:38:02.545330] [Gateway] Received I_3: ic9wnhWcbp7yVY8...
gateway-1   | [11:38:02.545364] [Gateway] Decrypted I_3 -> session: session-12345, chunk: 80
gateway-1   | [11:38:02.545377] [Gateway] Forwarding I_4 to Consumer: /local/consumer1/upload/ic9wnhWcbp7yVY8Pu_NP_UYpuy7l-saXF8psDlCUFM7LudShs_HYpQBKqV4
gateway-1   | [11:38:02.546146] [Gateway] Received I_3: 5oBk91pIma7SLmj...
gateway-1   | [11:38:02.546193] [Gateway] Decrypted I_3 -> session: session-12345, chunk: 81
gateway-1   | [11:38:02.546210] [Gateway] Forwarding I_4 to Consumer: /local/consumer1/upload/5oBk91pIma7SLmjqX3boN0nyQvFvAfuMcjt68LmyXE4-eUOq-RvMA3AnzBU
gateway-1   | [11:38:02.546713] [Gateway] Proxied chunk 79 back to Producer
gateway-1   | [11:38:02.546870] [Gateway] Proxied chunk 80 back to Producer
gateway-1   | [11:38:02.546999] [Gateway] Proxied chunk 81 back to Producer
gateway-1   | [11:38:02.547832] [Gateway] Received I_3: kk3D3VmpVE3Zuv3...
gateway-1   | [11:38:02.547920] [Gateway] Decrypted I_3 -> session: session-12345, chunk: 82
gateway-1   | [11:38:02.547952] [Gateway] Forwarding I_4 to Consumer: /local/consumer1/upload/kk3D3VmpVE3Zuv3VXIt1OXsFgnibrCBTbd8-BEKtfc_2v063lggEPKozWuc
gateway-1   | [11:38:02.548157] [Gateway] Received I_3: -_OFiogCRWLV_H4...
gateway-1   | [11:38:02.548220] [Gateway] Decrypted I_3 -> session: session-12345, chunk: 83
gateway-1   | [11:38:02.548238] [Gateway] Forwarding I_4 to Consumer: /local/consumer1/upload/-_OFiogCRWLV_H4VcE36-T2K4rLD-CrdTJrbB3MvuF7N5N5UOCSPhvCXWIU
gateway-1   | [11:38:02.548258] [Gateway] Received I_3: HURNW6sxLTm8KPO...
gateway-1   | [11:38:02.548283] [Gateway] Decrypted I_3 -> session: session-12345, chunk: 84
gateway-1   | [11:38:02.548308] [Gateway] Forwarding I_4 to Consumer: /local/consumer1/upload/HURNW6sxLTm8KPOpJPQ4LEvWwi2nRvHKyxtaaumghwCrsd2di9htOrVnzLo
gateway-1   | [11:38:02.548373] [Gateway] Received I_3: ta9XQdB8aObJ_FS...
gateway-1   | [11:38:02.548400] [Gateway] Decrypted I_3 -> session: session-12345, chunk: 85
gateway-1   | [11:38:02.548413] [Gateway] Forwarding I_4 to Consumer: /local/consumer1/upload/ta9XQdB8aObJ_FSk7mBRNJAdcXOg3Jz80EJLX3zHyfyHrFCI7lqwK6uJwrc
gateway-1   | [11:38:02.548426] [Gateway] Received I_3: 4RP0EiWHhOJc8p7...
gateway-1   | [11:38:02.548433] [Gateway] Decrypted I_3 -> session: session-12345, chunk: 86
gateway-1   | [11:38:02.548441] [Gateway] Forwarding I_4 to Consumer: /local/consumer1/upload/4RP0EiWHhOJc8p7jsmhMVERQdWNKqCyZ0OtQJQLbhGASt_Qefgd0k5hP0bI
gateway-1   | [11:38:02.548450] [Gateway] Received I_3: TNEZh5bx8ErL1TS...
gateway-1   | [11:38:02.548458] [Gateway] Decrypted I_3 -> session: session-12345, chunk: 87
gateway-1   | [11:38:02.548465] [Gateway] Forwarding I_4 to Consumer: /local/consumer1/upload/TNEZh5bx8ErL1TSt05wEDE4PRT8Aj3vow1oiN8sbUfh43ezSPF9OlmfVdew
gateway-1   | [11:38:02.548474] [Gateway] Received I_3: -xxTNEqX-RS3Ji-...
gateway-1   | [11:38:02.548481] [Gateway] Decrypted I_3 -> session: session-12345, chunk: 88
gateway-1   | [11:38:02.548488] [Gateway] Forwarding I_4 to Consumer: /local/consumer1/upload/-xxTNEqX-RS3Ji-WOc3J-IMuXawRoZd0q1jXyj_7bj7Qnqwk0gN2Z2RLQ0U
gateway-1   | [11:38:02.548497] [Gateway] Received I_3: YxNygrD-NHlIFcI...
gateway-1   | [11:38:02.548505] [Gateway] Decrypted I_3 -> session: session-12345, chunk: 89
gateway-1   | [11:38:02.548513] [Gateway] Forwarding I_4 to Consumer: /local/consumer1/upload/YxNygrD-NHlIFcI1ZPRH1ZTJPqzFKz-X98n2epljSvekiZSV-jIVv2kJ1VM
gateway-1   | [11:38:02.548522] [Gateway] Received I_3: NiCTOsG5lN9LMWU...
gateway-1   | [11:38:02.548530] [Gateway] Decrypted I_3 -> session: session-12345, chunk: 90
gateway-1   | [11:38:02.548538] [Gateway] Forwarding I_4 to Consumer: /local/consumer1/upload/NiCTOsG5lN9LMWUlkse6382Oq1J0cYBw2l8YuoaFxtzFrJVPSt_L0vLXxwE
gateway-1   | [11:38:02.548548] [Gateway] Received I_3: kPt3DRK0dX87soW...
gateway-1   | [11:38:02.548556] [Gateway] Decrypted I_3 -> session: session-12345, chunk: 91
gateway-1   | [11:38:02.548563] [Gateway] Forwarding I_4 to Consumer: /local/consumer1/upload/kPt3DRK0dX87soWOB6jk9ys2hRNjIrIBKul6eW1jUfYw7AcxTfMCJtnJdNo
gateway-1   | [11:38:02.548573] [Gateway] Received I_3: B4u2SEu4LrY1Sfa...
gateway-1   | [11:38:02.548580] [Gateway] Decrypted I_3 -> session: session-12345, chunk: 92
gateway-1   | [11:38:02.548588] [Gateway] Forwarding I_4 to Consumer: /local/consumer1/upload/B4u2SEu4LrY1SfaM_9P1iFU_j5G1FrWWhtMWF80HbRMVzKWHUabXnj8vKWw
gateway-1   | [11:38:02.548598] [Gateway] Received I_3: WP4MbAN2w7ZD-Gz...
gateway-1   | [11:38:02.548605] [Gateway] Decrypted I_3 -> session: session-12345, chunk: 93
gateway-1   | [11:38:02.548613] [Gateway] Forwarding I_4 to Consumer: /local/consumer1/upload/WP4MbAN2w7ZD-GzS__NnisG8wSvvZbbaApwWf_k6XLGyH_7Q4kg68sE4W7M
gateway-1   | [11:38:02.548623] [Gateway] Received I_3: AKkqGjCT06-2MRx...
gateway-1   | [11:38:02.548631] [Gateway] Decrypted I_3 -> session: session-12345, chunk: 94
gateway-1   | [11:38:02.548638] [Gateway] Forwarding I_4 to Consumer: /local/consumer1/upload/AKkqGjCT06-2MRxlG4nNuTAZHR8yBkJcDBWFydUZ8_sqwKYJF8gI045OnK0
gateway-1   | [11:38:02.548647] [Gateway] Received I_3: TZ1-2q7QOABc3Fn...
gateway-1   | [11:38:02.548655] [Gateway] Decrypted I_3 -> session: session-12345, chunk: 95
gateway-1   | [11:38:02.548663] [Gateway] Forwarding I_4 to Consumer: /local/consumer1/upload/TZ1-2q7QOABc3FnTKGH0ocllDUbXfT-qwQZCp493wTnYbyau2ekwpwspnG4
gateway-1   | [11:38:02.548672] [Gateway] Received I_3: Zn2HJPHHvizOwAb...
gateway-1   | [11:38:02.548680] [Gateway] Decrypted I_3 -> session: session-12345, chunk: 96
gateway-1   | [11:38:02.548689] [Gateway] Forwarding I_4 to Consumer: /local/consumer1/upload/Zn2HJPHHvizOwAb-NqMq5ZokhGh3FlInFS8HB5R_cp1_QDz50cabYIrVh7s
gateway-1   | [11:38:02.548717] [Gateway] Received I_3: v4p84pZvQrCg04w...
gateway-1   | [11:38:02.548730] [Gateway] Decrypted I_3 -> session: session-12345, chunk: 97
gateway-1   | [11:38:02.548741] [Gateway] Forwarding I_4 to Consumer: /local/consumer1/upload/v4p84pZvQrCg04w4lXkh2Mx8st8YvHQ2y3N4Ma-CYusToknWDdKLPsEol44
gateway-1   | [11:38:02.548752] [Gateway] Received I_3: cb_pLgp1uleDn2z...
gateway-1   | [11:38:02.548760] [Gateway] Decrypted I_3 -> session: session-12345, chunk: 98
gateway-1   | [11:38:02.548769] [Gateway] Forwarding I_4 to Consumer: /local/consumer1/upload/cb_pLgp1uleDn2z7okMm2fjqFOeEd5Ra-vrg8JlYSG82XxP4xGtBN_-HXiY
gateway-1   | [11:38:02.548778] [Gateway] Received I_3: WsOdTXlK7qGekMe...
gateway-1   | [11:38:02.548786] [Gateway] Decrypted I_3 -> session: session-12345, chunk: 99
gateway-1   | [11:38:02.548794] [Gateway] Forwarding I_4 to Consumer: /local/consumer1/upload/WsOdTXlK7qGekMeOjEoghjIr2OYZEr1RzeuoGsW-iibyTG6Xc6wYq0tLtg4
gateway-1   | [11:38:02.548851] [Gateway] Received I_3: wA6eKl-P6jSrDeg...
gateway-1   | [11:38:02.548860] [Gateway] Decrypted I_3 -> session: session-12345, chunk: 100
gateway-1   | [11:38:02.548869] [Gateway] Forwarding I_4 to Consumer: /local/consumer1/upload/wA6eKl-P6jSrDegErIZPF0F2-VfQoyg6M0vtDvGhxiDymZ3L89hp8DbhNocc
gateway-1   | [11:38:02.548879] [Gateway] Received I_3: vsYp11ZFFncA-cO...
gateway-1   | [11:38:02.548887] [Gateway] Decrypted I_3 -> session: session-12345, chunk: 101
gateway-1   | [11:38:02.548895] [Gateway] Forwarding I_4 to Consumer: /local/consumer1/upload/vsYp11ZFFncA-cOrDncp41a4tjAfpKVdT6nzPl4IPwHNKOIgUF4CwvYxcc8z
gateway-1   | [11:38:02.548922] [Gateway] Proxied chunk 82 back to Producer
gateway-1   | [11:38:02.549760] [Gateway] Proxied chunk 83 back to Producer
gateway-1   | [11:38:02.550022] [Gateway] Proxied chunk 84 back to Producer
gateway-1   | [11:38:02.550837] [Gateway] Received I_3: L-AcO-nXQwn6Mkm...
gateway-1   | [11:38:02.550889] [Gateway] Decrypted I_3 -> session: session-12345, chunk: 102
gateway-1   | [11:38:02.550908] [Gateway] Forwarding I_4 to Consumer: /local/consumer1/upload/L-AcO-nXQwn6MkmjDLFfsRaIk6pqUdFP_UP7T2zj4Ks6OsQiLJ-1k231Fr2x
gateway-1   | [11:38:02.551409] [Gateway] Received I_3: owRvfZE6mWKvsCI...
gateway-1   | [11:38:02.551459] [Gateway] Decrypted I_3 -> session: session-12345, chunk: 103
gateway-1   | [11:38:02.551477] [Gateway] Forwarding I_4 to Consumer: /local/consumer1/upload/owRvfZE6mWKvsCIxKlUrq0Yz-W6VtpXqoz3-u1SSwat0npLiUfsROo1A6X5b
gateway-1   | [11:38:02.551676] [Gateway] Received I_3: 43ebdaTpdKDE_d7...
gateway-1   | [11:38:02.551725] [Gateway] Decrypted I_3 -> session: session-12345, chunk: 104
gateway-1   | [11:38:02.551758] [Gateway] Forwarding I_4 to Consumer: /local/consumer1/upload/43ebdaTpdKDE_d7fqNYbPC2cOwIqhlshogrIHsOiq_QBQK6VP3QcIn_462_g
gateway-1   | [11:38:02.554554] [Gateway] Proxied chunk 85 back to Producer
gateway-1   | [11:38:02.555352] [Gateway] Proxied chunk 86 back to Producer
gateway-1   | [11:38:02.555628] [Gateway] Proxied chunk 87 back to Producer
gateway-1   | [11:38:02.555819] [Gateway] Proxied chunk 88 back to Producer
gateway-1   | [11:38:02.555918] [Gateway] Proxied chunk 89 back to Producer
gateway-1   | [11:38:02.555993] [Gateway] Proxied chunk 90 back to Producer
gateway-1   | [11:38:02.556063] [Gateway] Proxied chunk 91 back to Producer
gateway-1   | [11:38:02.556139] [Gateway] Received I_3: _ArfbVwbSFPZKW7...
gateway-1   | [11:38:02.556161] [Gateway] Decrypted I_3 -> session: session-12345, chunk: 105
gateway-1   | [11:38:02.556172] [Gateway] Forwarding I_4 to Consumer: /local/consumer1/upload/_ArfbVwbSFPZKW7v5gGC57e-guCTkMQmQh2voaga9bcn0w16AaykGR3KIicq
gateway-1   | [11:38:02.556186] [Gateway] Proxied chunk 92 back to Producer
gateway-1   | [11:38:02.556237] [Gateway] Proxied chunk 93 back to Producer
gateway-1   | [11:38:02.556291] [Gateway] Proxied chunk 94 back to Producer
gateway-1   | [11:38:02.556363] [Gateway] Proxied chunk 95 back to Producer
gateway-1   | [11:38:02.556413] [Gateway] Proxied chunk 96 back to Producer
gateway-1   | [11:38:02.556476] [Gateway] Proxied chunk 97 back to Producer
gateway-1   | [11:38:02.556614] [Gateway] Proxied chunk 98 back to Producer
gateway-1   | [11:38:02.556807] [Gateway] Proxied chunk 99 back to Producer
gateway-1   | [11:38:02.556949] [Gateway] Proxied chunk 100 back to Producer
gateway-1   | [11:38:02.557100] [Gateway] Proxied chunk 101 back to Producer
gateway-1   | [11:38:02.557258] [Gateway] Proxied chunk 102 back to Producer
gateway-1   | [11:38:02.557317] [Gateway] Proxied chunk 103 back to Producer
gateway-1   | [11:38:02.557415] [Gateway] Proxied chunk 104 back to Producer
gateway-1   | [11:38:02.557540] [Gateway] Received I_3: WksmjghMXsTZtp5...
gateway-1   | [11:38:02.557575] [Gateway] Decrypted I_3 -> session: session-12345, chunk: 106
gateway-1   | [11:38:02.557589] [Gateway] Forwarding I_4 to Consumer: /local/consumer1/upload/WksmjghMXsTZtp5vNxkAHgNYhyJQXoTABegFEt6Vc5aN9N_LDNLTkkZsIP0y
gateway-1   | [11:38:02.557661] [Gateway] Received I_3: 27470MTftT5O1f9...
gateway-1   | [11:38:02.557707] [Gateway] Decrypted I_3 -> session: session-12345, chunk: 107
gateway-1   | [11:38:02.557745] [Gateway] Forwarding I_4 to Consumer: /local/consumer1/upload/27470MTftT5O1f9By-spnQ7NNdSFq3D8-iyhrYzqoZrGrv4pkwclSct18bV5
gateway-1   | [11:38:02.558737] [Gateway] Received I_3: D0MWyj4y79sOsJH...
gateway-1   | [11:38:02.558838] [Gateway] Decrypted I_3 -> session: session-12345, chunk: 108
gateway-1   | [11:38:02.558857] [Gateway] Forwarding I_4 to Consumer: /local/consumer1/upload/D0MWyj4y79sOsJHutWYhPO5v46JtEXqACzqfFntqTnc_ataQdBI2YVTGcZAG
gateway-1   | [11:38:02.559084] [Gateway] Received I_3: M4WSrZw7UmL2wv2...
gateway-1   | [11:38:02.559184] [Gateway] Decrypted I_3 -> session: session-12345, chunk: 109
gateway-1   | [11:38:02.559252] [Gateway] Forwarding I_4 to Consumer: /local/consumer1/upload/M4WSrZw7UmL2wv2Gt4OvVviiL4Pl6FFH1uLrxRPJ19eWvjL7K-VP-OB47eFg
gateway-1   | [11:38:02.559546] [Gateway] Received I_3: SSOeuklCRNJYqbM...
gateway-1   | [11:38:02.559713] [Gateway] Decrypted I_3 -> session: session-12345, chunk: 110
gateway-1   | [11:38:02.559794] [Gateway] Forwarding I_4 to Consumer: /local/consumer1/upload/SSOeuklCRNJYqbM3uCKweL9swozvaXw3kUvtItaSWa0ntUR_hqSj0M4uJ66H
gateway-1   | [11:38:02.559857] [Gateway] Proxied chunk 105 back to Producer
gateway-1   | [11:38:02.560168] [Gateway] Received I_3: fd9rxM4WEKcVKFT...
gateway-1   | [11:38:02.560210] [Gateway] Decrypted I_3 -> session: session-12345, chunk: 111
gateway-1   | [11:38:02.560225] [Gateway] Forwarding I_4 to Consumer: /local/consumer1/upload/fd9rxM4WEKcVKFT3IiRdXBSQzJyyGO2lhizmcSYCjBVIE__6pKW9_pye_Y23
gateway-1   | [11:38:02.560239] [Gateway] Proxied chunk 106 back to Producer
gateway-1   | [11:38:02.560457] [Gateway] Received I_3: C9wxQNyHXDba8La...
gateway-1   | [11:38:02.560553] [Gateway] Decrypted I_3 -> session: session-12345, chunk: 112
gateway-1   | [11:38:02.560854] [Gateway] Forwarding I_4 to Consumer: /local/consumer1/upload/C9wxQNyHXDba8La5Q-Br1awu2zZ2WhVZJAgGkj4q0UnqrsT6q0_P1cSidr9_
gateway-1   | [11:38:02.560936] [Gateway] Received I_3: HoGfNc1IRZD0jVI...
gateway-1   | [11:38:02.561026] [Gateway] Decrypted I_3 -> session: session-12345, chunk: 113
gateway-1   | [11:38:02.561047] [Gateway] Forwarding I_4 to Consumer: /local/consumer1/upload/HoGfNc1IRZD0jVI0cVsEAjXI-jvYA5tFN3vHiayCrVrymhHcY_vxd1VT1AGt
gateway-1   | [11:38:02.561067] [Gateway] Proxied chunk 107 back to Producer
gateway-1   | [11:38:02.561246] [Gateway] Proxied chunk 108 back to Producer
gateway-1   | [11:38:02.561343] [Gateway] Received I_3: llUSon4tYxj2ys0...
gateway-1   | [11:38:02.561361] [Gateway] Decrypted I_3 -> session: session-12345, chunk: 114
gateway-1   | [11:38:02.561371] [Gateway] Forwarding I_4 to Consumer: /local/consumer1/upload/llUSon4tYxj2ys03kkMUR6WrEyKt6apqIduXcBDftDIrsDnI61afRedrIT6K
gateway-1   | [11:38:02.561383] [Gateway] Received I_3: vF5j0I-SQvrMcwa...
gateway-1   | [11:38:02.561390] [Gateway] Decrypted I_3 -> session: session-12345, chunk: 115
gateway-1   | [11:38:02.561397] [Gateway] Forwarding I_4 to Consumer: /local/consumer1/upload/vF5j0I-SQvrMcwa2loyba-ul-TKnTphrt3xgedoeFNIy0ZutrAIa-keS0Dj4
consumer-1  | NFD version 22.12-33-ge277f8b9 starting
gateway-1   | [11:38:02.561407] [Gateway] Received I_3: 79aT_ywpBLPfnFZ...
consumer-1  | Built with GNU C++ version 11.4.0, with GNU libstdc++ version 20230528, with Boost version 1.74.0, with libpcap version 1.10.1 (with TPACKET_V3), with WebSocket++ version 0.8.1, with ndn-cxx version 0.8.1-43-g49e1e87b
gateway-1   | [11:38:02.561414] [Gateway] Decrypted I_3 -> session: session-12345, chunk: 116
gateway-1   | [11:38:02.561421] [Gateway] Forwarding I_4 to Consumer: /local/consumer1/upload/79aT_ywpBLPfnFZjksceKHXqB5z6XZdF7J9eXH64xc5N_uzT2PbHoZEdsgYy
consumer-1  | 1788176274.464091  INFO: [nfd.FaceTable] Added face id=255 remote=null:// local=null://
consumer-1  | 1788176274.464164  INFO: [nfd.FaceTable] Added face id=254 remote=contentstore:// local=contentstore://
consumer-1  | 1788176274.464242  INFO: [nfd.CsPolicy] setLimit 10
consumer-1  | 1788176274.464289  INFO: [nfd.StrategyChoice] setDefaultStrategy /localhost/nfd/strategy/best-route/v=5
consumer-1  | 1788176274.464685  INFO: [nfd.FaceTable] Added face id=1 remote=internal:// local=internal://
consumer-1  | 1788176274.465101  WARN: [nfd.CommandAuthenticator] 'certfile any' is intended for demo purposes only and SHOULD NOT be used in production environments
consumer-1  | 1788176274.465259  INFO: [nfd.StrategyChoice] changeStrategy(/ndn/broadcast) /localhost/nfd/strategy/best-route/v=5 -> /localhost/nfd/strategy/multicast/v=4
consumer-1  | 1788176274.465292  INFO: [nfd.StrategyChoice] changeStrategy(/localhost) /localhost/nfd/strategy/best-route/v=5 -> /localhost/nfd/strategy/multicast/v=4
consumer-1  | 1788176274.465302  INFO: [nfd.StrategyChoice] changeStrategy(/localhost/nfd) /localhost/nfd/strategy/multicast/v=4 -> /localhost/nfd/strategy/best-route/v=5
consumer-1  | 1788176274.465308  INFO: [nfd.CsPolicy] setLimit 65536
consumer-1  | 1788176274.465311  INFO: [nfd.CsPolicy] setLimit 65536
consumer-1  | 1788176274.465319  INFO: [nfd.EthernetFactory] enabling multicast on 01:00:5e:00:17:aa
consumer-1  | 1788176274.465336  INFO: [nfd.TcpChannel] [tcp4://0.0.0.0:6363] Creating channel
consumer-1  | 1788176274.465399  INFO: [nfd.TcpChannel] [tcp6://[::]:6363] Creating channel
consumer-1  | 1788176274.465456  INFO: [nfd.UdpChannel] [udp4://0.0.0.0:6363] Creating channel
consumer-1  | 1788176274.465476  INFO: [nfd.UdpChannel] [udp6://[::]:6363] Creating channel
consumer-1  | 1788176274.465507  INFO: [nfd.UdpFactory] enabling multicast on 224.0.23.170:56363
consumer-1  | 1788176274.465518  INFO: [nfd.UdpFactory] enabling multicast on [ff02::1234]:56363
consumer-1  | 1788176274.465541  INFO: [nfd.UnixStreamChannel] [unix:///run/nfd.sock] Creating channel
consumer-1  | 1788176274.465997  INFO: [nfd.WebSocketChannel] [ws://0.0.0.0:9696] Creating channel
consumer-1  | 1788176274.466695  INFO: [nfd.WebSocketChannel] [ws://[::]:9696] Creating channel
consumer-1  | 1788176274.466804  WARN: [nfd.CommandAuthenticator] 'certfile any' is intended for demo purposes only and SHOULD NOT be used in production environments
consumer-1  | 1788176274.466857  INFO: [nfd.CommandAuthenticator] authorize module=faces signer=any
consumer-1  | 1788176274.466998  INFO: [nfd.CommandAuthenticator] authorize module=fib signer=any
consumer-1  | 1788176274.467058  INFO: [nfd.CommandAuthenticator] authorize module=cs signer=any
consumer-1  | 1788176274.467065  INFO: [nfd.CommandAuthenticator] authorize module=strategy-choice signer=any
consumer-1  | 1788176274.467780  INFO: [nfd.EthernetChannel] [dev://eth0] Creating channel
consumer-1  | 1788176274.476899  INFO: [nfd.RibManager] Start monitoring face create/destroy events
consumer-1  | 1788176274.519055  INFO: [nfd.FaceTable] Added face id=256 remote=ether://[01:00:5e:00:17:aa] local=dev://eth0
consumer-1  | 1788176274.522749  INFO: [nfd.FaceTable] Added face id=257 remote=fd://28 local=unix:///run/nfd.sock
consumer-1  | 1788176274.523147  INFO: [nfd.FaceTable] Added face id=258 remote=udp4://224.0.23.170:56363 local=udp4://172.23.0.2:43073
consumer-1  | 1788176277.451889  INFO: [nfd.FaceTable] Added face id=259 remote=fd://31 local=unix:///run/nfd.sock
consumer-1  | 1788176277.457656  INFO: [nfd.FaceTable] Added face id=260 remote=udp4://172.23.0.3:6363 local=udp4://172.23.0.2:6363
consumer-1  | 1788176277.458534  INFO: [nfd.Transport] [id=259,local=unix:///run/nfd.sock,remote=fd://31] setState UP -> CLOSING
consumer-1  | 1788176277.458577  INFO: [nfd.Transport] [id=259,local=unix:///run/nfd.sock,remote=fd://31] setState CLOSING -> CLOSED
consumer-1  | 1788176277.458774  INFO: [nfd.FaceTable] Removed face id=259 remote=fd://31 local=unix:///run/nfd.sock
consumer-1  | face-created id=260 local=udp4://172.23.0.2:6363 remote=udp4://172.23.0.3:6363 persistency=persistent reliability=off congestion-marking=on congestion-marking-interval=100ms default-congestion-threshold=65536B mtu=8800
consumer-1  | 1788176277.467110  INFO: [nfd.FaceTable] Added face id=261 remote=fd://31 local=unix:///run/nfd.sock
consumer-1  | 1788176277.475622  INFO: [nfd.RibManager] Adding route /gateway nexthop=260 origin=static cost=0
consumer-1  | 1788176277.476908  INFO: [nfd.Transport] [id=261,local=unix:///run/nfd.sock,remote=fd://31] setState UP -> CLOSING
consumer-1  | 1788176277.477027  INFO: [nfd.Transport] [id=261,local=unix:///run/nfd.sock,remote=fd://31] setState CLOSING -> CLOSED
consumer-1  | 1788176277.477405  INFO: [nfd.FaceTable] Removed face id=261 remote=fd://31 local=unix:///run/nfd.sock
consumer-1  | route-add-accepted prefix=/gateway nexthop=260 origin=static cost=0 flags=child-inherit expires=never
consumer-1  | Starting Consumer with CHUNK_SIZE=500
consumer-1  | 1788176277.501034  INFO: [nfd.FaceTable] Added face id=262 remote=fd://31 local=unix:///run/nfd.sock
consumer-1  | 1788176277.501710  INFO: [nfd.RibManager] Adding route /local/consumer1/upload nexthop=262 origin=app cost=0
consumer-1  | [11:38:02.486833] [Consumer] Sending I_1 for session session-12345
consumer-1  | [11:38:02.503075] [Consumer] Received Ack (D_1). Master Session key established. Waiting for chunk requests...
consumer-1  | [11:38:02.511766] [Consumer] Received I_4! Decrypted request for chunk 1
consumer-1  | [11:38:02.514971] [Consumer] Sending Data D_4 for chunk 1
consumer-1  | [11:38:02.515152] [Consumer] Received I_4! Decrypted request for chunk 2
consumer-1  | [11:38:02.515314] [Consumer] Sending Data D_4 for chunk 2
consumer-1  | [11:38:02.515399] [Consumer] Received I_4! Decrypted request for chunk 3
consumer-1  | [11:38:02.515532] [Consumer] Sending Data D_4 for chunk 3
consumer-1  | [11:38:02.515602] [Consumer] Received I_4! Decrypted request for chunk 4
consumer-1  | [11:38:02.515726] [Consumer] Sending Data D_4 for chunk 4
consumer-1  | [11:38:02.515759] [Consumer] Received I_4! Decrypted request for chunk 5
consumer-1  | [11:38:02.515867] [Consumer] Sending Data D_4 for chunk 5
consumer-1  | [11:38:02.515937] [Consumer] Received I_4! Decrypted request for chunk 6
consumer-1  | [11:38:02.516058] [Consumer] Sending Data D_4 for chunk 6
consumer-1  | [11:38:02.516087] [Consumer] Received I_4! Decrypted request for chunk 7
consumer-1  | [11:38:02.516182] [Consumer] Sending Data D_4 for chunk 7
consumer-1  | [11:38:02.516210] [Consumer] Received I_4! Decrypted request for chunk 8
consumer-1  | [11:38:02.516348] [Consumer] Sending Data D_4 for chunk 8
consumer-1  | [11:38:02.516421] [Consumer] Received I_4! Decrypted request for chunk 9
consumer-1  | [11:38:02.516534] [Consumer] Sending Data D_4 for chunk 9
consumer-1  | [11:38:02.516565] [Consumer] Received I_4! Decrypted request for chunk 10
consumer-1  | [11:38:02.516663] [Consumer] Sending Data D_4 for chunk 10
gateway-1   | [11:38:02.561436] [Gateway] Received I_3: AfKMLc-xreA8Keq...
consumer-1  | [11:38:02.516691] [Consumer] Received I_4! Decrypted request for chunk 11
consumer-1  | [11:38:02.516796] [Consumer] Sending Data D_4 for chunk 11
gateway-1   | [11:38:02.561447] [Gateway] Decrypted I_3 -> session: session-12345, chunk: 117
gateway-1   | [11:38:02.561456] [Gateway] Forwarding I_4 to Consumer: /local/consumer1/upload/AfKMLc-xreA8KeqV8UsL0_CbIi9kFz8bLNE0ZVbPX7-pu6AlZ6K9HWuZkkX7
gateway-1   | [11:38:02.561466] [Gateway] Received I_3: CNwu0E6m4rAXa0M...
gateway-1   | [11:38:02.561473] [Gateway] Decrypted I_3 -> session: session-12345, chunk: 118
gateway-1   | [11:38:02.561481] [Gateway] Forwarding I_4 to Consumer: /local/consumer1/upload/CNwu0E6m4rAXa0MCXEpJPgBiH-Ho_eSGeBnVI2GNxqYLmzzWE9eLZ6vHvwvG
gateway-1   | [11:38:02.561490] [Gateway] Received I_3: 81TG3EHg5_jcweE...
gateway-1   | [11:38:02.561497] [Gateway] Decrypted I_3 -> session: session-12345, chunk: 119
gateway-1   | [11:38:02.561526] [Gateway] Forwarding I_4 to Consumer: /local/consumer1/upload/81TG3EHg5_jcweENoqO5ZQIMuhKDDw0Uh4RjFs06Qwt7Clky7VhIjJT7XIHe
gateway-1   | [11:38:02.561540] [Gateway] Received I_3: rEniCCfwJwA29-E...
gateway-1   | [11:38:02.561551] [Gateway] Decrypted I_3 -> session: session-12345, chunk: 120
gateway-1   | [11:38:02.561561] [Gateway] Forwarding I_4 to Consumer: /local/consumer1/upload/rEniCCfwJwA29-Ez3nYVrVjz4AsdMFwR5YKXjjYHcvolkHVJ9qKAzJ6VvTO4
gateway-1   | [11:38:02.561571] [Gateway] Received I_3: UD0rmWKJ5r2wNzZ...
gateway-1   | [11:38:02.561579] [Gateway] Decrypted I_3 -> session: session-12345, chunk: 121
gateway-1   | [11:38:02.561586] [Gateway] Forwarding I_4 to Consumer: /local/consumer1/upload/UD0rmWKJ5r2wNzZnCnUFiwSVTRE2s7Ty0h3h_IoFEdcScRAtq_j_3YswsqnP
gateway-1   | [11:38:02.561615] [Gateway] Received I_3: 4upAy7BtGQO7IOp...
gateway-1   | [11:38:02.561627] [Gateway] Decrypted I_3 -> session: session-12345, chunk: 122
gateway-1   | [11:38:02.561636] [Gateway] Forwarding I_4 to Consumer: /local/consumer1/upload/4upAy7BtGQO7IOpgCTNKRso5CgGKhdb3GT2iKDtyia0y1dGGdj2jPxg1glV8
gateway-1   | [11:38:02.561703] [Gateway] Received I_3: QHBhwFulRR5yCbL...
gateway-1   | [11:38:02.561729] [Gateway] Decrypted I_3 -> session: session-12345, chunk: 123
gateway-1   | [11:38:02.561741] [Gateway] Forwarding I_4 to Consumer: /local/consumer1/upload/QHBhwFulRR5yCbL_NYggTvt-JH8HqZ8OiQe777JN71B1PRlS-VUE9Ri0QnzJ
gateway-1   | [11:38:02.561754] [Gateway] Received I_3: PO5VBRZqBcn1eE1...
gateway-1   | [11:38:02.561763] [Gateway] Decrypted I_3 -> session: session-12345, chunk: 124
gateway-1   | [11:38:02.561770] [Gateway] Forwarding I_4 to Consumer: /local/consumer1/upload/PO5VBRZqBcn1eE1-Gw8ydSypgV4m6NnTLDFqQiVpCaMLPi_1d85KXYTJdWDK
gateway-1   | [11:38:02.561780] [Gateway] Proxied chunk 109 back to Producer
gateway-1   | [11:38:02.562452] [Gateway] Proxied chunk 110 back to Producer
consumer-1  | [11:38:02.516823] [Consumer] Received I_4! Decrypted request for chunk 12
consumer-1  | [11:38:02.516963] [Consumer] Sending Data D_4 for chunk 12
consumer-1  | [11:38:02.517006] [Consumer] Received I_4! Decrypted request for chunk 13
consumer-1  | [11:38:02.517100] [Consumer] Sending Data D_4 for chunk 13
consumer-1  | [11:38:02.517128] [Consumer] Received I_4! Decrypted request for chunk 14
consumer-1  | [11:38:02.517271] [Consumer] Sending Data D_4 for chunk 14
consumer-1  | [11:38:02.517312] [Consumer] Received I_4! Decrypted request for chunk 15
consumer-1  | [11:38:02.517418] [Consumer] Sending Data D_4 for chunk 15
consumer-1  | [11:38:02.517445] [Consumer] Received I_4! Decrypted request for chunk 16
consumer-1  | [11:38:02.517538] [Consumer] Sending Data D_4 for chunk 16
consumer-1  | [11:38:02.517605] [Consumer] Received I_4! Decrypted request for chunk 17
consumer-1  | [11:38:02.517706] [Consumer] Sending Data D_4 for chunk 17
consumer-1  | [11:38:02.517732] [Consumer] Received I_4! Decrypted request for chunk 18
consumer-1  | [11:38:02.517818] [Consumer] Sending Data D_4 for chunk 18
consumer-1  | [11:38:02.517843] [Consumer] Received I_4! Decrypted request for chunk 19
consumer-1  | [11:38:02.517931] [Consumer] Sending Data D_4 for chunk 19
consumer-1  | [11:38:02.517991] [Consumer] Received I_4! Decrypted request for chunk 20
consumer-1  | [11:38:02.518092] [Consumer] Sending Data D_4 for chunk 20
gateway-1   | [11:38:02.562663] [Gateway] Proxied chunk 111 back to Producer
gateway-1   | [11:38:02.563331] [Gateway] Received I_3: EkDo9usUjixIO9p...
gateway-1   | [11:38:02.563382] [Gateway] Decrypted I_3 -> session: session-12345, chunk: 125
gateway-1   | [11:38:02.563400] [Gateway] Forwarding I_4 to Consumer: /local/consumer1/upload/EkDo9usUjixIO9pwqCFphU6PzzH5Sg1tOfSRo7ua-S0mIfS41cN2qLCNFvGE
gateway-1   | [11:38:02.563444] [Gateway] Received I_3: K7dPntJJPmcvcdt...
gateway-1   | [11:38:02.563470] [Gateway] Decrypted I_3 -> session: session-12345, chunk: 126
gateway-1   | [11:38:02.563482] [Gateway] Forwarding I_4 to Consumer: /local/consumer1/upload/K7dPntJJPmcvcdt6kOnY2O3FUAwYSKFubDxhLOppieHEPJ548ddkkhXCLdNb
gateway-1   | [11:38:02.563494] [Gateway] Received I_3: dNG8X0PlLJZ8AEW...
gateway-1   | [11:38:02.563503] [Gateway] Decrypted I_3 -> session: session-12345, chunk: 127
gateway-1   | [11:38:02.563510] [Gateway] Forwarding I_4 to Consumer: /local/consumer1/upload/dNG8X0PlLJZ8AEWWcnubQxd0lYswMJfE8eSXnsW6aepvl3l681fRQjnmYc-D
gateway-1   | [11:38:02.563519] [Gateway] Received I_3: qpP2e-axYLXf-CY...
gateway-1   | [11:38:02.563527] [Gateway] Decrypted I_3 -> session: session-12345, chunk: 128
gateway-1   | [11:38:02.563533] [Gateway] Forwarding I_4 to Consumer: /local/consumer1/upload/qpP2e-axYLXf-CYFi2ZQU3G3Vbzp-Q1qwFmAnwn6yNezz4xTvSeClArimDEE
gateway-1   | [11:38:02.563770] [Gateway] Received I_3: bO78zd-4mi6TyaG...
gateway-1   | [11:38:02.563817] [Gateway] Decrypted I_3 -> session: session-12345, chunk: 129
gateway-1   | [11:38:02.563834] [Gateway] Forwarding I_4 to Consumer: /local/consumer1/upload/bO78zd-4mi6TyaGU7ajmspD7A-z731RkgQDjmOv3m8XYZjwVVoTb7PgBf0_5
gateway-1   | [11:38:02.563861] [Gateway] Proxied chunk 112 back to Producer
gateway-1   | [11:38:02.563967] [Gateway] Received I_3: Uc1Xx0KpVs1sNru...
gateway-1   | [11:38:02.564002] [Gateway] Decrypted I_3 -> session: session-12345, chunk: 130
gateway-1   | [11:38:02.564016] [Gateway] Forwarding I_4 to Consumer: /local/consumer1/upload/Uc1Xx0KpVs1sNrusWwu4Qb9dRaK2pK43fWky12wvS2oXXK1Wkupme-UAy4CK
gateway-1   | [11:38:02.564051] [Gateway] Proxied chunk 113 back to Producer
gateway-1   | [11:38:02.564194] [Gateway] Received I_3: w-Fptraz9_PUNNk...
gateway-1   | [11:38:02.564242] [Gateway] Decrypted I_3 -> session: session-12345, chunk: 131
gateway-1   | [11:38:02.564259] [Gateway] Forwarding I_4 to Consumer: /local/consumer1/upload/w-Fptraz9_PUNNkQ_sqgCGjELUPnjhlD_2lh32d3pU3KiVvzyT__AGiuMbtY
gateway-1   | [11:38:02.564450] [Gateway] Proxied chunk 114 back to Producer
gateway-1   | [11:38:02.564574] [Gateway] Proxied chunk 115 back to Producer
gateway-1   | [11:38:02.564640] [Gateway] Proxied chunk 116 back to Producer
gateway-1   | [11:38:02.564839] [Gateway] Proxied chunk 117 back to Producer
gateway-1   | [11:38:02.565235] [Gateway] Proxied chunk 118 back to Producer
gateway-1   | [11:38:02.565557] [Gateway] Proxied chunk 119 back to Producer
gateway-1   | [11:38:02.565681] [Gateway] Proxied chunk 120 back to Producer
gateway-1   | [11:38:02.565742] [Gateway] Proxied chunk 121 back to Producer
gateway-1   | [11:38:02.565792] [Gateway] Proxied chunk 122 back to Producer
gateway-1   | [11:38:02.565893] [Gateway] Proxied chunk 123 back to Producer
gateway-1   | [11:38:02.566009] [Gateway] Proxied chunk 124 back to Producer
gateway-1   | [11:38:02.566085] [Gateway] Proxied chunk 125 back to Producer
gateway-1   | [11:38:02.566157] [Gateway] Proxied chunk 126 back to Producer
gateway-1   | [11:38:02.566206] [Gateway] Proxied chunk 127 back to Producer
gateway-1   | [11:38:02.566274] [Gateway] Proxied chunk 128 back to Producer
gateway-1   | [11:38:02.566325] [Gateway] Proxied chunk 129 back to Producer
gateway-1   | [11:38:02.566393] [Gateway] Proxied chunk 130 back to Producer
gateway-1   | [11:38:02.566468] [Gateway] Proxied chunk 131 back to Producer
gateway-1   | [11:38:02.566591] [Gateway] Received I_3: KOi1Qs07FIAeiK3...
gateway-1   | [11:38:02.566630] [Gateway] Decrypted I_3 -> session: session-12345, chunk: 132
gateway-1   | [11:38:02.566644] [Gateway] Forwarding I_4 to Consumer: /local/consumer1/upload/KOi1Qs07FIAeiK3b8uIoZn6rnnhMQ1rYX2NDlhWSwmftRE-W3OzenDag0OEG
gateway-1   | [11:38:02.566660] [Gateway] Received I_3: vUCwEWMeb0jnFH1...
gateway-1   | [11:38:02.566669] [Gateway] Decrypted I_3 -> session: session-12345, chunk: 133
gateway-1   | [11:38:02.566677] [Gateway] Forwarding I_4 to Consumer: /local/consumer1/upload/vUCwEWMeb0jnFH1jjCrp159-0z-4gCzcl3-5HoaWVtqJR1vEHLU3nSTzkugm
consumer-1  | [11:38:02.519223] [Consumer] Received I_4! Decrypted request for chunk 21
consumer-1  | [11:38:02.519409] [Consumer] Sending Data D_4 for chunk 21
consumer-1  | [11:38:02.522106] [Consumer] Received I_4! Decrypted request for chunk 22
consumer-1  | [11:38:02.522280] [Consumer] Sending Data D_4 for chunk 22
consumer-1  | [11:38:02.523292] [Consumer] Received I_4! Decrypted request for chunk 23
consumer-1  | [11:38:02.523430] [Consumer] Sending Data D_4 for chunk 23
consumer-1  | [11:38:02.523514] [Consumer] Received I_4! Decrypted request for chunk 24
consumer-1  | [11:38:02.523593] [Consumer] Sending Data D_4 for chunk 24
consumer-1  | [11:38:02.525112] [Consumer] Received I_4! Decrypted request for chunk 25
gateway-1   | [11:38:02.566686] [Gateway] Received I_3: 6VoFZglEm6m_m_8...
consumer-1  | [11:38:02.525280] [Consumer] Sending Data D_4 for chunk 25
consumer-1  | [11:38:02.525315] [Consumer] Received I_4! Decrypted request for chunk 26
gateway-1   | [11:38:02.566693] [Gateway] Decrypted I_3 -> session: session-12345, chunk: 134
consumer-1  | [11:38:02.525384] [Consumer] Sending Data D_4 for chunk 26
gateway-1   | [11:38:02.566700] [Gateway] Forwarding I_4 to Consumer: /local/consumer1/upload/6VoFZglEm6m_m_8tB8p1D73cmLoBLqE6w0gpuPQRxA8Sjb5H0G2XuJL2pFUN
consumer-1  | [11:38:02.525699] [Consumer] Received I_4! Decrypted request for chunk 27
consumer-1  | [11:38:02.525820] [Consumer] Sending Data D_4 for chunk 27
consumer-1  | [11:38:02.526340] [Consumer] Received I_4! Decrypted request for chunk 28
consumer-1  | [11:38:02.526462] [Consumer] Sending Data D_4 for chunk 28
consumer-1  | [11:38:02.526693] [Consumer] Received I_4! Decrypted request for chunk 29
consumer-1  | [11:38:02.526824] [Consumer] Sending Data D_4 for chunk 29
consumer-1  | [11:38:02.526873] [Consumer] Received I_4! Decrypted request for chunk 30
consumer-1  | [11:38:02.526980] [Consumer] Sending Data D_4 for chunk 30
consumer-1  | [11:38:02.528539] [Consumer] Received I_4! Decrypted request for chunk 31
consumer-1  | [11:38:02.528678] [Consumer] Sending Data D_4 for chunk 31
consumer-1  | [11:38:02.530060] [Consumer] Received I_4! Decrypted request for chunk 32
consumer-1  | [11:38:02.530197] [Consumer] Sending Data D_4 for chunk 32
consumer-1  | [11:38:02.530273] [Consumer] Received I_4! Decrypted request for chunk 33
consumer-1  | [11:38:02.530368] [Consumer] Sending Data D_4 for chunk 33
consumer-1  | [11:38:02.530393] [Consumer] Received I_4! Decrypted request for chunk 34
consumer-1  | [11:38:02.530476] [Consumer] Sending Data D_4 for chunk 34
consumer-1  | [11:38:02.530503] [Consumer] Received I_4! Decrypted request for chunk 35
consumer-1  | [11:38:02.530560] [Consumer] Sending Data D_4 for chunk 35
consumer-1  | [11:38:02.530579] [Consumer] Received I_4! Decrypted request for chunk 36
consumer-1  | [11:38:02.530633] [Consumer] Sending Data D_4 for chunk 36
consumer-1  | [11:38:02.531058] [Consumer] Received I_4! Decrypted request for chunk 37
consumer-1  | [11:38:02.531223] [Consumer] Sending Data D_4 for chunk 37
consumer-1  | [11:38:02.531409] [Consumer] Received I_4! Decrypted request for chunk 38
consumer-1  | [11:38:02.531502] [Consumer] Sending Data D_4 for chunk 38
consumer-1  | [11:38:02.531588] [Consumer] Received I_4! Decrypted request for chunk 39
consumer-1  | [11:38:02.531664] [Consumer] Sending Data D_4 for chunk 39
gateway-1   | [11:38:02.566709] [Gateway] Received I_3: gU2LSliLSy15A-A...
gateway-1   | [11:38:02.566717] [Gateway] Decrypted I_3 -> session: session-12345, chunk: 135
gateway-1   | [11:38:02.566724] [Gateway] Forwarding I_4 to Consumer: /local/consumer1/upload/gU2LSliLSy15A-AOh8baj8_P43rr5qZsoKfCBODARiTlHTO_l5ch3QSGO04P
gateway-1   | [11:38:02.566733] [Gateway] Received I_3: LXRh2luEtFPb2wU...
gateway-1   | [11:38:02.566743] [Gateway] Decrypted I_3 -> session: session-12345, chunk: 136
gateway-1   | [11:38:02.566750] [Gateway] Forwarding I_4 to Consumer: /local/consumer1/upload/LXRh2luEtFPb2wUwpeqaOvJcTMGZs4jdLr1ZRrvD-Dc4hjAGe9AZERgMzcD6
gateway-1   | [11:38:02.566758] [Gateway] Received I_3: oIdh9lAgP8M0o7Z...
gateway-1   | [11:38:02.566768] [Gateway] Decrypted I_3 -> session: session-12345, chunk: 137
gateway-1   | [11:38:02.566775] [Gateway] Forwarding I_4 to Consumer: /local/consumer1/upload/oIdh9lAgP8M0o7ZOcvsO7K6_5Wp7s0msFIacE7oy5pjcULx_eJBU3UHM3jdW
gateway-1   | [11:38:02.567400] [Gateway] Received I_3: YUuyFotEgI7H9yE...
gateway-1   | [11:38:02.567451] [Gateway] Decrypted I_3 -> session: session-12345, chunk: 138
gateway-1   | [11:38:02.567469] [Gateway] Forwarding I_4 to Consumer: /local/consumer1/upload/YUuyFotEgI7H9yEuSluj-W5wTt5V7CtlHIaN3PBBfe4Z4VQkLS8DuxKg15b0
gateway-1   | [11:38:02.567677] [Gateway] Received I_3: 4BJAcNKKX36IIMJ...
gateway-1   | [11:38:02.567760] [Gateway] Decrypted I_3 -> session: session-12345, chunk: 139
gateway-1   | [11:38:02.567792] [Gateway] Forwarding I_4 to Consumer: /local/consumer1/upload/4BJAcNKKX36IIMJdieZCWWKy8BPboG4klPJM5axoAT5FWiezvtK0lpH7czea
gateway-1   | [11:38:02.568414] [Gateway] Proxied chunk 132 back to Producer
gateway-1   | [11:38:02.568577] [Gateway] Received I_3: UK6dBad3zLQDyIY...
gateway-1   | [11:38:02.568616] [Gateway] Decrypted I_3 -> session: session-12345, chunk: 140
gateway-1   | [11:38:02.568630] [Gateway] Forwarding I_4 to Consumer: /local/consumer1/upload/UK6dBad3zLQDyIY8mUIEo8QNEqiBjEax0e1lCT15TMrXxtIa1ybXueIVA2th
gateway-1   | [11:38:02.568660] [Gateway] Received I_3: Sa4-54V_8uwCEZJ...
gateway-1   | [11:38:02.568672] [Gateway] Decrypted I_3 -> session: session-12345, chunk: 141
gateway-1   | [11:38:02.568695] [Gateway] Forwarding I_4 to Consumer: /local/consumer1/upload/Sa4-54V_8uwCEZJiox3_9oZrgPnGtT1wx5NL85HcYcB6mspJpzf77pVFfPEL
gateway-1   | [11:38:02.568709] [Gateway] Received I_3: nrsxGRm_RqNc5-v...
gateway-1   | [11:38:02.568720] [Gateway] Decrypted I_3 -> session: session-12345, chunk: 142
gateway-1   | [11:38:02.568728] [Gateway] Forwarding I_4 to Consumer: /local/consumer1/upload/nrsxGRm_RqNc5-vuYT775Knk7Nqdm-acHN6DaxVxj4AYH1frApbVSGcPxXff
gateway-1   | [11:38:02.568770] [Gateway] Received I_3: JS7WtjhaTZJ5qBJ...
gateway-1   | [11:38:02.568782] [Gateway] Decrypted I_3 -> session: session-12345, chunk: 143
gateway-1   | [11:38:02.568792] [Gateway] Forwarding I_4 to Consumer: /local/consumer1/upload/JS7WtjhaTZJ5qBJS7IRJDLzTltl1_gOCUZVJxtWB-3x65ZlaK96YsW0HeSAT
gateway-1   | [11:38:02.568803] [Gateway] Received I_3: kVRKd7Tg6i2ihzz...
gateway-1   | [11:38:02.568811] [Gateway] Decrypted I_3 -> session: session-12345, chunk: 144
gateway-1   | [11:38:02.568819] [Gateway] Forwarding I_4 to Consumer: /local/consumer1/upload/kVRKd7Tg6i2ihzz1GZ5l9Jpmm_GFrsJFcW-0RfdPxDt4AKax23Ha060yfaD8
gateway-1   | [11:38:02.568838] [Gateway] Proxied chunk 133 back to Producer
gateway-1   | [11:38:02.569383] [Gateway] Received I_3: 1fQ0_SJrg6QYR0R...
gateway-1   | [11:38:02.569485] [Gateway] Decrypted I_3 -> session: session-12345, chunk: 145
gateway-1   | [11:38:02.569526] [Gateway] Forwarding I_4 to Consumer: /local/consumer1/upload/1fQ0_SJrg6QYR0RPo2FlXY_nlXHNMVVF29SyrlqEmdInfMp8zHReCoIUCG3V
gateway-1   | [11:38:02.569903] [Gateway] Proxied chunk 134 back to Producer
consumer-1  | [11:38:02.531710] [Consumer] Received I_4! Decrypted request for chunk 40
consumer-1  | [11:38:02.531864] [Consumer] Sending Data D_4 for chunk 40
consumer-1  | [11:38:02.531915] [Consumer] Received I_4! Decrypted request for chunk 41
consumer-1  | [11:38:02.531990] [Consumer] Sending Data D_4 for chunk 41
consumer-1  | [11:38:02.532052] [Consumer] Received I_4! Decrypted request for chunk 42
consumer-1  | [11:38:02.532134] [Consumer] Sending Data D_4 for chunk 42
consumer-1  | [11:38:02.532157] [Consumer] Received I_4! Decrypted request for chunk 43
consumer-1  | [11:38:02.532213] [Consumer] Sending Data D_4 for chunk 43
consumer-1  | [11:38:02.532230] [Consumer] Received I_4! Decrypted request for chunk 44
consumer-1  | [11:38:02.532283] [Consumer] Sending Data D_4 for chunk 44
consumer-1  | [11:38:02.532300] [Consumer] Received I_4! Decrypted request for chunk 45
consumer-1  | [11:38:02.532353] [Consumer] Sending Data D_4 for chunk 45
consumer-1  | [11:38:02.532765] [Consumer] Received I_4! Decrypted request for chunk 46
consumer-1  | [11:38:02.532933] [Consumer] Sending Data D_4 for chunk 46
consumer-1  | [11:38:02.533050] [Consumer] Received I_4! Decrypted request for chunk 47
consumer-1  | [11:38:02.533148] [Consumer] Sending Data D_4 for chunk 47
consumer-1  | [11:38:02.533217] [Consumer] Received I_4! Decrypted request for chunk 48
consumer-1  | [11:38:02.533288] [Consumer] Sending Data D_4 for chunk 48
consumer-1  | [11:38:02.533683] [Consumer] Received I_4! Decrypted request for chunk 49
consumer-1  | [11:38:02.533801] [Consumer] Sending Data D_4 for chunk 49
consumer-1  | [11:38:02.534052] [Consumer] Received I_4! Decrypted request for chunk 50
consumer-1  | [11:38:02.534222] [Consumer] Sending Data D_4 for chunk 50
consumer-1  | [11:38:02.534606] [Consumer] Received I_4! Decrypted request for chunk 51
consumer-1  | [11:38:02.534736] [Consumer] Sending Data D_4 for chunk 51
consumer-1  | [11:38:02.534847] [Consumer] Received I_4! Decrypted request for chunk 52
consumer-1  | [11:38:02.534977] [Consumer] Sending Data D_4 for chunk 52
consumer-1  | [11:38:02.537508] [Consumer] Received I_4! Decrypted request for chunk 53
consumer-1  | [11:38:02.537763] [Consumer] Sending Data D_4 for chunk 53
consumer-1  | [11:38:02.537906] [Consumer] Received I_4! Decrypted request for chunk 54
consumer-1  | [11:38:02.538119] [Consumer] Sending Data D_4 for chunk 54
consumer-1  | [11:38:02.538218] [Consumer] Received I_4! Decrypted request for chunk 55
consumer-1  | [11:38:02.538428] [Consumer] Sending Data D_4 for chunk 55
consumer-1  | [11:38:02.538533] [Consumer] Received I_4! Decrypted request for chunk 56
consumer-1  | [11:38:02.538696] [Consumer] Sending Data D_4 for chunk 56
consumer-1  | [11:38:02.538794] [Consumer] Received I_4! Decrypted request for chunk 57
consumer-1  | [11:38:02.538973] [Consumer] Sending Data D_4 for chunk 57
consumer-1  | [11:38:02.539043] [Consumer] Received I_4! Decrypted request for chunk 58
consumer-1  | [11:38:02.539192] [Consumer] Sending Data D_4 for chunk 58
consumer-1  | [11:38:02.539246] [Consumer] Received I_4! Decrypted request for chunk 59
consumer-1  | [11:38:02.539344] [Consumer] Sending Data D_4 for chunk 59
consumer-1  | [11:38:02.539398] [Consumer] Received I_4! Decrypted request for chunk 60
consumer-1  | [11:38:02.539477] [Consumer] Sending Data D_4 for chunk 60
consumer-1  | [11:38:02.539523] [Consumer] Received I_4! Decrypted request for chunk 61
consumer-1  | [11:38:02.539593] [Consumer] Sending Data D_4 for chunk 61
consumer-1  | [11:38:02.539612] [Consumer] Received I_4! Decrypted request for chunk 62
consumer-1  | [11:38:02.539668] [Consumer] Sending Data D_4 for chunk 62
consumer-1  | [11:38:02.539709] [Consumer] Received I_4! Decrypted request for chunk 63
consumer-1  | [11:38:02.539774] [Consumer] Sending Data D_4 for chunk 63
consumer-1  | [11:38:02.539813] [Consumer] Received I_4! Decrypted request for chunk 64
consumer-1  | [11:38:02.539892] [Consumer] Sending Data D_4 for chunk 64
consumer-1  | [11:38:02.539943] [Consumer] Received I_4! Decrypted request for chunk 65
consumer-1  | [11:38:02.540026] [Consumer] Sending Data D_4 for chunk 65
consumer-1  | [11:38:02.540104] [Consumer] Received I_4! Decrypted request for chunk 66
consumer-1  | [11:38:02.540193] [Consumer] Sending Data D_4 for chunk 66
consumer-1  | [11:38:02.540218] [Consumer] Received I_4! Decrypted request for chunk 67
consumer-1  | [11:38:02.540276] [Consumer] Sending Data D_4 for chunk 67
consumer-1  | [11:38:02.540316] [Consumer] Received I_4! Decrypted request for chunk 68
consumer-1  | [11:38:02.540381] [Consumer] Sending Data D_4 for chunk 68
consumer-1  | [11:38:02.540419] [Consumer] Received I_4! Decrypted request for chunk 69
consumer-1  | [11:38:02.540483] [Consumer] Sending Data D_4 for chunk 69
consumer-1  | [11:38:02.540520] [Consumer] Received I_4! Decrypted request for chunk 70
gateway-1   | [11:38:02.570094] [Gateway] Received I_3: CaQTaXiwaTcTMvB...
gateway-1   | [11:38:02.570135] [Gateway] Decrypted I_3 -> session: session-12345, chunk: 146
gateway-1   | [11:38:02.570164] [Gateway] Forwarding I_4 to Consumer: /local/consumer1/upload/CaQTaXiwaTcTMvBW4mV34ekUce10jS9D7iNyIhLMi279CQclx6TLKK9U77Vv
gateway-1   | [11:38:02.570180] [Gateway] Proxied chunk 135 back to Producer
gateway-1   | [11:38:02.570249] [Gateway] Received I_3: NnUbkyi6WvlElQG...
gateway-1   | [11:38:02.570262] [Gateway] Decrypted I_3 -> session: session-12345, chunk: 147
gateway-1   | [11:38:02.570270] [Gateway] Forwarding I_4 to Consumer: /local/consumer1/upload/NnUbkyi6WvlElQGKp0Air6FpcZVw_VtJ3rnmKiZf0XNAygKsu3wLqOQLUkJh
gateway-1   | [11:38:02.570279] [Gateway] Proxied chunk 136 back to Producer
consumer-1  | [11:38:02.540597] [Consumer] Sending Data D_4 for chunk 70
consumer-1  | [11:38:02.540637] [Consumer] Received I_4! Decrypted request for chunk 71
consumer-1  | [11:38:02.540700] [Consumer] Sending Data D_4 for chunk 71
consumer-1  | [11:38:02.540736] [Consumer] Received I_4! Decrypted request for chunk 72
consumer-1  | [11:38:02.540800] [Consumer] Sending Data D_4 for chunk 72
consumer-1  | [11:38:02.540866] [Consumer] Received I_4! Decrypted request for chunk 73
consumer-1  | [11:38:02.540947] [Consumer] Sending Data D_4 for chunk 73
consumer-1  | [11:38:02.542232] [Consumer] Received I_4! Decrypted request for chunk 74
consumer-1  | [11:38:02.542407] [Consumer] Sending Data D_4 for chunk 74
consumer-1  | [11:38:02.542832] [Consumer] Received I_4! Decrypted request for chunk 75
consumer-1  | [11:38:02.542963] [Consumer] Sending Data D_4 for chunk 75
consumer-1  | [11:38:02.543213] [Consumer] Received I_4! Decrypted request for chunk 76
consumer-1  | [11:38:02.543344] [Consumer] Sending Data D_4 for chunk 76
consumer-1  | [11:38:02.543918] [Consumer] Received I_4! Decrypted request for chunk 77
consumer-1  | [11:38:02.544169] [Consumer] Sending Data D_4 for chunk 77
consumer-1  | [11:38:02.544485] [Consumer] Received I_4! Decrypted request for chunk 78
consumer-1  | [11:38:02.544615] [Consumer] Sending Data D_4 for chunk 78
consumer-1  | [11:38:02.545774] [Consumer] Received I_4! Decrypted request for chunk 79
consumer-1  | [11:38:02.546008] [Consumer] Sending Data D_4 for chunk 79
consumer-1  | [11:38:02.546207] [Consumer] Received I_4! Decrypted request for chunk 80
consumer-1  | [11:38:02.546373] [Consumer] Sending Data D_4 for chunk 80
consumer-1  | [11:38:02.546593] [Consumer] Received I_4! Decrypted request for chunk 81
consumer-1  | [11:38:02.546725] [Consumer] Sending Data D_4 for chunk 81
consumer-1  | [11:38:02.548264] [Consumer] Received I_4! Decrypted request for chunk 82
consumer-1  | [11:38:02.548557] [Consumer] Sending Data D_4 for chunk 82
consumer-1  | [11:38:02.548769] [Consumer] Received I_4! Decrypted request for chunk 83
consumer-1  | [11:38:02.549018] [Consumer] Sending Data D_4 for chunk 83
consumer-1  | [11:38:02.549249] [Consumer] Received I_4! Decrypted request for chunk 84
consumer-1  | [11:38:02.549699] [Consumer] Sending Data D_4 for chunk 84
consumer-1  | [11:38:02.549823] [Consumer] Received I_4! Decrypted request for chunk 85
gateway-1   | [11:38:02.570351] [Gateway] Received I_3: tCZdNZmGPdtA2ob...
gateway-1   | [11:38:02.570363] [Gateway] Decrypted I_3 -> session: session-12345, chunk: 148
gateway-1   | [11:38:02.570371] [Gateway] Forwarding I_4 to Consumer: /local/consumer1/upload/tCZdNZmGPdtA2obWQVXktZOqfBqorAwPVY0-dJu2TEwxU_QnkLsMpMYQ8SRa
gateway-1   | [11:38:02.570385] [Gateway] Proxied chunk 137 back to Producer
gateway-1   | [11:38:02.570652] [Gateway] Received I_3: Y93w2i3ekAb3djg...
gateway-1   | [11:38:02.570705] [Gateway] Decrypted I_3 -> session: session-12345, chunk: 149
gateway-1   | [11:38:02.570723] [Gateway] Forwarding I_4 to Consumer: /local/consumer1/upload/Y93w2i3ekAb3djg49wZSczGudMtYqAmVDo-IiY-2PiA9vnraqcF2ZIsCA9bj
gateway-1   | [11:38:02.571276] [Gateway] Proxied chunk 138 back to Producer
gateway-1   | [11:38:02.571456] [Gateway] Received I_3: ibdewDiq3u6_avA...
gateway-1   | [11:38:02.571493] [Gateway] Decrypted I_3 -> session: session-12345, chunk: 150
gateway-1   | [11:38:02.571507] [Gateway] Forwarding I_4 to Consumer: /local/consumer1/upload/ibdewDiq3u6_avA0s0wIpKoO5UZRdOGgL_8cRXPBPiZnWIwEuWMZiYxNDeQO
consumer-1  | [11:38:02.550039] [Consumer] Sending Data D_4 for chunk 85
consumer-1  | [11:38:02.550180] [Consumer] Received I_4! Decrypted request for chunk 86
consumer-1  | [11:38:02.550401] [Consumer] Sending Data D_4 for chunk 86
consumer-1  | [11:38:02.550511] [Consumer] Received I_4! Decrypted request for chunk 87
consumer-1  | [11:38:02.550803] [Consumer] Sending Data D_4 for chunk 87
consumer-1  | [11:38:02.550936] [Consumer] Received I_4! Decrypted request for chunk 88
gateway-1   | [11:38:02.571521] [Gateway] Proxied chunk 139 back to Producer
consumer-1  | [11:38:02.551575] [Consumer] Sending Data D_4 for chunk 88
gateway-1   | [11:38:02.571591] [Gateway] Received I_3: s49FsqyZiXMXJy-...
gateway-1   | [11:38:02.571618] [Gateway] Decrypted I_3 -> session: session-12345, chunk: 151
gateway-1   | [11:38:02.571631] [Gateway] Forwarding I_4 to Consumer: /local/consumer1/upload/s49FsqyZiXMXJy-dj3qTTqq62bnFeXG1nOm_rRkgQWrbswU_Z77LHMc-cJxF
gateway-1   | [11:38:02.571643] [Gateway] Proxied chunk 140 back to Producer
gateway-1   | [11:38:02.571704] [Gateway] Received I_3: VF-ulhngilBInUJ...
gateway-1   | [11:38:02.571732] [Gateway] Decrypted I_3 -> session: session-12345, chunk: 152
gateway-1   | [11:38:02.571744] [Gateway] Forwarding I_4 to Consumer: /local/consumer1/upload/VF-ulhngilBInUJZAQiwbzNT1FL67flre7fOuVX4hc46IW60F7lAOh3yyWet
gateway-1   | [11:38:02.571755] [Gateway] Proxied chunk 141 back to Producer
gateway-1   | [11:38:02.571811] [Gateway] Proxied chunk 142 back to Producer
gateway-1   | [11:38:02.571880] [Gateway] Proxied chunk 143 back to Producer
gateway-1   | [11:38:02.571929] [Gateway] Proxied chunk 144 back to Producer
gateway-1   | [11:38:02.571979] [Gateway] Received I_3: UYj3yewai3r8qDn...
gateway-1   | [11:38:02.571993] [Gateway] Decrypted I_3 -> session: session-12345, chunk: 153
gateway-1   | [11:38:02.572005] [Gateway] Forwarding I_4 to Consumer: /local/consumer1/upload/UYj3yewai3r8qDnamn4t0tvoIDiXADfSSaKWMzJb21zc3sxFBUUp-vqabGnS
gateway-1   | [11:38:02.572018] [Gateway] Proxied chunk 145 back to Producer
gateway-1   | [11:38:02.572070] [Gateway] Received I_3: cEAY2YSuWh_NKBp...
gateway-1   | [11:38:02.572098] [Gateway] Decrypted I_3 -> session: session-12345, chunk: 154
gateway-1   | [11:38:02.572111] [Gateway] Forwarding I_4 to Consumer: /local/consumer1/upload/cEAY2YSuWh_NKBp9JSrIL-vANikcuIiQTIV-ufkkcD-oRLRxaolSf-ymk51F
gateway-1   | [11:38:02.572122] [Gateway] Proxied chunk 146 back to Producer
gateway-1   | [11:38:02.572226] [Gateway] Proxied chunk 147 back to Producer
gateway-1   | [11:38:02.572280] [Gateway] Received I_3: CdAvfL7dyUK97wL...
gateway-1   | [11:38:02.572309] [Gateway] Decrypted I_3 -> session: session-12345, chunk: 155
gateway-1   | [11:38:02.572321] [Gateway] Forwarding I_4 to Consumer: /local/consumer1/upload/CdAvfL7dyUK97wL3w_mD3HKsav1kclCXT_TfeROvW6tiovhi87H7iKlfMycH
gateway-1   | [11:38:02.572345] [Gateway] Received I_3: 01NlW7bzmC3XAdE...
gateway-1   | [11:38:02.572354] [Gateway] Decrypted I_3 -> session: session-12345, chunk: 156
gateway-1   | [11:38:02.572361] [Gateway] Forwarding I_4 to Consumer: /local/consumer1/upload/01NlW7bzmC3XAdEoMcFsL39NJKUMKq01T1Uuvuo66NjtNiXytq7j6VBxqnJw
gateway-1   | [11:38:02.572446] [Gateway] Proxied chunk 148 back to Producer
gateway-1   | [11:38:02.572538] [Gateway] Proxied chunk 149 back to Producer
gateway-1   | [11:38:02.574051] [Gateway] Received I_3: iE2t3uTyIeUHmjl...
gateway-1   | [11:38:02.574093] [Gateway] Decrypted I_3 -> session: session-12345, chunk: 157
consumer-1  | [11:38:02.551713] [Consumer] Received I_4! Decrypted request for chunk 89
consumer-1  | [11:38:02.551888] [Consumer] Sending Data D_4 for chunk 89
consumer-1  | [11:38:02.551952] [Consumer] Received I_4! Decrypted request for chunk 90
consumer-1  | [11:38:02.552041] [Consumer] Sending Data D_4 for chunk 90
consumer-1  | [11:38:02.552063] [Consumer] Received I_4! Decrypted request for chunk 91
consumer-1  | [11:38:02.552128] [Consumer] Sending Data D_4 for chunk 91
consumer-1  | [11:38:02.552196] [Consumer] Received I_4! Decrypted request for chunk 92
gateway-1   | [11:38:02.574110] [Gateway] Forwarding I_4 to Consumer: /local/consumer1/upload/iE2t3uTyIeUHmjldz8f-82zeCCNBrFTJu8WK8ZT4GakwVg-zOAHpU-oKAZkP
consumer-1  | [11:38:02.552466] [Consumer] Sending Data D_4 for chunk 92
consumer-1  | [11:38:02.552584] [Consumer] Received I_4! Decrypted request for chunk 93
consumer-1  | [11:38:02.552688] [Consumer] Sending Data D_4 for chunk 93
consumer-1  | [11:38:02.552738] [Consumer] Received I_4! Decrypted request for chunk 94
gateway-1   | [11:38:02.574140] [Gateway] Proxied chunk 150 back to Producer
gateway-1   | [11:38:02.574239] [Gateway] Received I_3: MnpVgMFMZjPIPrL...
gateway-1   | [11:38:02.574252] [Gateway] Decrypted I_3 -> session: session-12345, chunk: 158
gateway-1   | [11:38:02.574261] [Gateway] Forwarding I_4 to Consumer: /local/consumer1/upload/MnpVgMFMZjPIPrLYx8ED2ENNatrWBPxJe95a3rfNK_G8NYvj5_ZLQH7lJmbu
gateway-1   | [11:38:02.574524] [Gateway] Proxied chunk 151 back to Producer
gateway-1   | [11:38:02.574718] [Gateway] Received I_3: 2jREWuwFmjaNorb...
gateway-1   | [11:38:02.574745] [Gateway] Decrypted I_3 -> session: session-12345, chunk: 159
gateway-1   | [11:38:02.574756] [Gateway] Forwarding I_4 to Consumer: /local/consumer1/upload/2jREWuwFmjaNorb-Nk4R1pqfVITWrasRO9RMKWGM0ia2lbD9Uueg-sZspXgd
gateway-1   | [11:38:02.574779] [Gateway] Proxied chunk 152 back to Producer
gateway-1   | [11:38:02.575054] [Gateway] Received I_3: lMFr0JMSpSTBAXr...
gateway-1   | [11:38:02.575116] [Gateway] Decrypted I_3 -> session: session-12345, chunk: 160
gateway-1   | [11:38:02.575132] [Gateway] Forwarding I_4 to Consumer: /local/consumer1/upload/lMFr0JMSpSTBAXrpxAtR-tYCaTdvIsDXtwH0iBEmjivExVs36amH5E8jR-Mo
gateway-1   | [11:38:02.575173] [Gateway] Proxied chunk 153 back to Producer
gateway-1   | [11:38:02.575252] [Gateway] Received I_3: XC_LzD566U3tbSp...
consumer-1  | [11:38:02.552810] [Consumer] Sending Data D_4 for chunk 94
consumer-1  | [11:38:02.552852] [Consumer] Received I_4! Decrypted request for chunk 95
consumer-1  | [11:38:02.552919] [Consumer] Sending Data D_4 for chunk 95
consumer-1  | [11:38:02.552960] [Consumer] Received I_4! Decrypted request for chunk 96
consumer-1  | [11:38:02.553026] [Consumer] Sending Data D_4 for chunk 96
consumer-1  | [11:38:02.553064] [Consumer] Received I_4! Decrypted request for chunk 97
consumer-1  | [11:38:02.553129] [Consumer] Sending Data D_4 for chunk 97
consumer-1  | [11:38:02.553148] [Consumer] Received I_4! Decrypted request for chunk 98
consumer-1  | [11:38:02.553455] [Consumer] Sending Data D_4 for chunk 98
consumer-1  | [11:38:02.553583] [Consumer] Received I_4! Decrypted request for chunk 99
consumer-1  | [11:38:02.553711] [Consumer] Sending Data D_4 for chunk 99
consumer-1  | [11:38:02.553812] [Consumer] Received I_4! Decrypted request for chunk 100
consumer-1  | [11:38:02.554035] [Consumer] Sending Data D_4 for chunk 100
consumer-1  | [11:38:02.554104] [Consumer] Received I_4! Decrypted request for chunk 101
consumer-1  | [11:38:02.554201] [Consumer] Sending Data D_4 for chunk 101
consumer-1  | [11:38:02.554341] [Consumer] Received I_4! Decrypted request for chunk 102
consumer-1  | [11:38:02.554436] [Consumer] Sending Data D_4 for chunk 102
consumer-1  | [11:38:02.554609] [Consumer] Received I_4! Decrypted request for chunk 103
consumer-1  | [11:38:02.554770] [Consumer] Sending Data D_4 for chunk 103
consumer-1  | [11:38:02.554824] [Consumer] Received I_4! Decrypted request for chunk 104
consumer-1  | [11:38:02.554897] [Consumer] Sending Data D_4 for chunk 104
consumer-1  | [11:38:02.558320] [Consumer] Received I_4! Decrypted request for chunk 105
consumer-1  | [11:38:02.558608] [Consumer] Sending Data D_4 for chunk 105
consumer-1  | [11:38:02.558723] [Consumer] Received I_4! Decrypted request for chunk 106
consumer-1  | [11:38:02.558824] [Consumer] Sending Data D_4 for chunk 106
consumer-1  | [11:38:02.559028] [Consumer] Received I_4! Decrypted request for chunk 107
consumer-1  | [11:38:02.559319] [Consumer] Sending Data D_4 for chunk 107
consumer-1  | [11:38:02.559817] [Consumer] Received I_4! Decrypted request for chunk 108
consumer-1  | [11:38:02.560147] [Consumer] Sending Data D_4 for chunk 108
gateway-1   | [11:38:02.575265] [Gateway] Decrypted I_3 -> session: session-12345, chunk: 161
gateway-1   | [11:38:02.575275] [Gateway] Forwarding I_4 to Consumer: /local/consumer1/upload/XC_LzD566U3tbSpzjmmpUTjvPn1Ta2hP6K41kzwpsz4GS44pS5_-e6Uu5Y4j
gateway-1   | [11:38:02.575286] [Gateway] Received I_3: HQyCufLyrS8feiY...
gateway-1   | [11:38:02.575294] [Gateway] Decrypted I_3 -> session: session-12345, chunk: 162
gateway-1   | [11:38:02.575301] [Gateway] Forwarding I_4 to Consumer: /local/consumer1/upload/HQyCufLyrS8feiYK6_3kezj-EeanbtFkQXFvPzT4jcJNHd5pj94qNPOn73VY
gateway-1   | [11:38:02.575311] [Gateway] Received I_3: y6Hnw4-WZ_4YMBj...
gateway-1   | [11:38:02.575319] [Gateway] Decrypted I_3 -> session: session-12345, chunk: 163
gateway-1   | [11:38:02.575326] [Gateway] Forwarding I_4 to Consumer: /local/consumer1/upload/y6Hnw4-WZ_4YMBjb-uJSGnXOviTeFyz3DlSHqZPPYhbnsHNvGYg0-qim7dCa
gateway-1   | [11:38:02.575613] [Gateway] Proxied chunk 154 back to Producer
gateway-1   | [11:38:02.575745] [Gateway] Received I_3: IUuUXfJZ5usOAfe...
gateway-1   | [11:38:02.575768] [Gateway] Decrypted I_3 -> session: session-12345, chunk: 164
gateway-1   | [11:38:02.575778] [Gateway] Forwarding I_4 to Consumer: /local/consumer1/upload/IUuUXfJZ5usOAfe3ZCOCQiIhwPxpp5rSdigDTCGGI4DndPdAEqgqoPU3lxKJ
gateway-1   | [11:38:02.575873] [Gateway] Received I_3: kv0yffrCHtvvDra...
gateway-1   | [11:38:02.575905] [Gateway] Decrypted I_3 -> session: session-12345, chunk: 165
gateway-1   | [11:38:02.575938] [Gateway] Forwarding I_4 to Consumer: /local/consumer1/upload/kv0yffrCHtvvDraZJhseiNiHMZTK6izHiq0z_g-c-5zlikf2NtKKP78AbWkj
gateway-1   | [11:38:02.576368] [Gateway] Received I_3: tP5jVtBW7y1sSMz...
gateway-1   | [11:38:02.576406] [Gateway] Decrypted I_3 -> session: session-12345, chunk: 166
gateway-1   | [11:38:02.576420] [Gateway] Forwarding I_4 to Consumer: /local/consumer1/upload/tP5jVtBW7y1sSMzW1FNfz4zL5Ik_ZvK9qIHnpEPLa6KyK_hMHCwHoV_btr-M
gateway-1   | [11:38:02.576435] [Gateway] Received I_3: aZmJMA0X8ddAzTd...
gateway-1   | [11:38:02.576443] [Gateway] Decrypted I_3 -> session: session-12345, chunk: 167
gateway-1   | [11:38:02.576450] [Gateway] Forwarding I_4 to Consumer: /local/consumer1/upload/aZmJMA0X8ddAzTd8bKfeb6_jhc_Uusdl81U_UgCMOB7gWhASMjk9Lc42o5bt
gateway-1   | [11:38:02.576460] [Gateway] Received I_3: IStHVlBiqau804H...
gateway-1   | [11:38:02.576467] [Gateway] Decrypted I_3 -> session: session-12345, chunk: 168
gateway-1   | [11:38:02.576474] [Gateway] Forwarding I_4 to Consumer: /local/consumer1/upload/IStHVlBiqau804HTvMRampqk295C-nXWHOiOQDoHuxiShnLKFesLQ_JfzGnL
gateway-1   | [11:38:02.576502] [Gateway] Received I_3: kZTLqXE0EwSovOA...
gateway-1   | [11:38:02.576510] [Gateway] Decrypted I_3 -> session: session-12345, chunk: 169
gateway-1   | [11:38:02.576518] [Gateway] Forwarding I_4 to Consumer: /local/consumer1/upload/kZTLqXE0EwSovOAq4EUaSrF4WolLOQFLRUp9AQ_RxNHBU2A2rnj5VIu8_ETR
gateway-1   | [11:38:02.576527] [Gateway] Received I_3: vRRMWbEcCVhyoul...
gateway-1   | [11:38:02.576534] [Gateway] Decrypted I_3 -> session: session-12345, chunk: 170
gateway-1   | [11:38:02.576541] [Gateway] Forwarding I_4 to Consumer: /local/consumer1/upload/vRRMWbEcCVhyoulUOChejwZcYHncurmewoBX01PYiua2Tp1OX_NuFOF5oRez
gateway-1   | [11:38:02.576550] [Gateway] Received I_3: KFQPbieJh9KCQ_Z...
gateway-1   | [11:38:02.576557] [Gateway] Decrypted I_3 -> session: session-12345, chunk: 171
gateway-1   | [11:38:02.576564] [Gateway] Forwarding I_4 to Consumer: /local/consumer1/upload/KFQPbieJh9KCQ_Z2RZxl0rL0mGsmCStNZboMcQV0GcbbSv1QtIQfgztK1fas
gateway-1   | [11:38:02.576573] [Gateway] Received I_3: ALD_FjT0aH0it1U...
gateway-1   | [11:38:02.576580] [Gateway] Decrypted I_3 -> session: session-12345, chunk: 172
gateway-1   | [11:38:02.576587] [Gateway] Forwarding I_4 to Consumer: /local/consumer1/upload/ALD_FjT0aH0it1U3a_frs0OLo4vdg41wDPBRs4Ob59OJclZwC92k0dF76fqO
gateway-1   | [11:38:02.576866] [Gateway] Proxied chunk 155 back to Producer
gateway-1   | [11:38:02.577203] [Gateway] Received I_3: QhknW5nldVkxRT6...
gateway-1   | [11:38:02.577234] [Gateway] Decrypted I_3 -> session: session-12345, chunk: 173
gateway-1   | [11:38:02.577247] [Gateway] Forwarding I_4 to Consumer: /local/consumer1/upload/QhknW5nldVkxRT6zb4G-ZnkxJgnqr69Wl5qgX3MfoN7Ey-AsdMMMKihVtCoq
gateway-1   | [11:38:02.577262] [Gateway] Proxied chunk 156 back to Producer
gateway-1   | [11:38:02.577345] [Gateway] Received I_3: ID8M3_7mzGRh2pf...
gateway-1   | [11:38:02.577412] [Gateway] Decrypted I_3 -> session: session-12345, chunk: 174
gateway-1   | [11:38:02.577481] [Gateway] Forwarding I_4 to Consumer: /local/consumer1/upload/ID8M3_7mzGRh2pfRhhUltcsGgdl9wUlTo_v4hFa0thseI3oP6qmQSA49QEc5
gateway-1   | [11:38:02.578203] [Gateway] Received I_3: MAK-IypObFt1Eem...
gateway-1   | [11:38:02.578250] [Gateway] Decrypted I_3 -> session: session-12345, chunk: 175
gateway-1   | [11:38:02.578268] [Gateway] Forwarding I_4 to Consumer: /local/consumer1/upload/MAK-IypObFt1EemGrEIzvpXhSmQt0lkgJJ59ICMuKQXdnYYOaRUv4NPm7uHv
gateway-1   | [11:38:02.578577] [Gateway] Received I_3: ElacjotrKsxM7uC...
gateway-1   | [11:38:02.578640] [Gateway] Decrypted I_3 -> session: session-12345, chunk: 176
gateway-1   | [11:38:02.578656] [Gateway] Forwarding I_4 to Consumer: /local/consumer1/upload/ElacjotrKsxM7uC_WhHyd3viJWkAIE7YqDO42PqgAnzblNhMiUfa07xuIpND
gateway-1   | [11:38:02.578697] [Gateway] Proxied chunk 157 back to Producer
gateway-1   | [11:38:02.579877] [Gateway] Received I_3: sWPPKLUiET55ZMH...
gateway-1   | [11:38:02.579954] [Gateway] Decrypted I_3 -> session: session-12345, chunk: 177
gateway-1   | [11:38:02.580028] [Gateway] Forwarding I_4 to Consumer: /local/consumer1/upload/sWPPKLUiET55ZMHQzwXoCOz27i_n4YtZ4mUx9lDKUK6witrefqHsB74YuibR
gateway-1   | [11:38:02.580652] [Gateway] Proxied chunk 158 back to Producer
gateway-1   | [11:38:02.581035] [Gateway] Proxied chunk 159 back to Producer
gateway-1   | [11:38:02.581372] [Gateway] Proxied chunk 160 back to Producer
gateway-1   | [11:38:02.581494] [Gateway] Proxied chunk 161 back to Producer
gateway-1   | [11:38:02.581574] [Gateway] Proxied chunk 162 back to Producer
gateway-1   | [11:38:02.581852] [Gateway] Proxied chunk 163 back to Producer
gateway-1   | [11:38:02.582354] [Gateway] Received I_3: F53G0y0wvfUae6_...
gateway-1   | [11:38:02.582403] [Gateway] Decrypted I_3 -> session: session-12345, chunk: 178
gateway-1   | [11:38:02.582420] [Gateway] Forwarding I_4 to Consumer: /local/consumer1/upload/F53G0y0wvfUae6_ZJoOS9ljCUzgDIUQ-afr0qqRlYQhHv2FyXxHgjGBQaxpQ
gateway-1   | [11:38:02.582450] [Gateway] Proxied chunk 164 back to Producer
gateway-1   | [11:38:02.582551] [Gateway] Proxied chunk 165 back to Producer
gateway-1   | [11:38:02.582630] [Gateway] Proxied chunk 166 back to Producer
gateway-1   | [11:38:02.582681] [Gateway] Proxied chunk 167 back to Producer
gateway-1   | [11:38:02.582771] [Gateway] Proxied chunk 168 back to Producer
gateway-1   | [11:38:02.582853] [Gateway] Proxied chunk 169 back to Producer
gateway-1   | [11:38:02.582903] [Gateway] Proxied chunk 170 back to Producer
gateway-1   | [11:38:02.582956] [Gateway] Proxied chunk 171 back to Producer
gateway-1   | [11:38:02.583029] [Gateway] Proxied chunk 172 back to Producer
gateway-1   | [11:38:02.583099] [Gateway] Proxied chunk 173 back to Producer
gateway-1   | [11:38:02.583177] [Gateway] Proxied chunk 174 back to Producer
gateway-1   | [11:38:02.583778] [Gateway] Received I_3: zLt0e6jFPBK7YYW...
gateway-1   | [11:38:02.583833] [Gateway] Decrypted I_3 -> session: session-12345, chunk: 179
gateway-1   | [11:38:02.583851] [Gateway] Forwarding I_4 to Consumer: /local/consumer1/upload/zLt0e6jFPBK7YYWHB9LNX6GMIMxFMfK4CqQMH_SI4Q2PX5w6uhMgpYpBpjAp
gateway-1   | [11:38:02.583902] [Gateway] Proxied chunk 175 back to Producer
gateway-1   | [11:38:02.584012] [Gateway] Received I_3: 2imqiY2UydzVB-c...
gateway-1   | [11:38:02.584046] [Gateway] Decrypted I_3 -> session: session-12345, chunk: 180
gateway-1   | [11:38:02.584061] [Gateway] Forwarding I_4 to Consumer: /local/consumer1/upload/2imqiY2UydzVB-cQuwiACKqxuHRFYM8AfkY9uLGEwBiIHILCBU0XjJR843T0
gateway-1   | [11:38:02.584075] [Gateway] Proxied chunk 176 back to Producer
gateway-1   | [11:38:02.584160] [Gateway] Received I_3: 5Bsfq_Gjf_L9dKN...
gateway-1   | [11:38:02.584188] [Gateway] Decrypted I_3 -> session: session-12345, chunk: 181
gateway-1   | [11:38:02.584200] [Gateway] Forwarding I_4 to Consumer: /local/consumer1/upload/5Bsfq_Gjf_L9dKNG9RSaxwOwwbdCwKzfjPQv-xSGbrHbKzmBzyCbAqiksOXj
gateway-1   | [11:38:02.584212] [Gateway] Proxied chunk 177 back to Producer
gateway-1   | [11:38:02.584270] [Gateway] Received I_3: IL5FCA5zz8c7WBk...
gateway-1   | [11:38:02.584297] [Gateway] Decrypted I_3 -> session: session-12345, chunk: 182
gateway-1   | [11:38:02.584309] [Gateway] Forwarding I_4 to Consumer: /local/consumer1/upload/IL5FCA5zz8c7WBkorxojg0yPy0Fj3oRE5sBBYMW8PP308E3G_Ku92T3PNiDq
gateway-1   | [11:38:02.584320] [Gateway] Proxied chunk 178 back to Producer
gateway-1   | [11:38:02.584376] [Gateway] Received I_3: XTKVH1DS8ayTj3p...
gateway-1   | [11:38:02.584405] [Gateway] Decrypted I_3 -> session: session-12345, chunk: 183
gateway-1   | [11:38:02.584417] [Gateway] Forwarding I_4 to Consumer: /local/consumer1/upload/XTKVH1DS8ayTj3pp2AWhyGK-vTJRmLeK_h_OooCThGtguaJ_zEw0_UkD9Yv0
gateway-1   | [11:38:02.584750] [Gateway] Proxied chunk 179 back to Producer
gateway-1   | [11:38:02.585673] [Gateway] Received I_3: MCfwLVNHOxPdjEK...
gateway-1   | [11:38:02.585870] [Gateway] Decrypted I_3 -> session: session-12345, chunk: 184
gateway-1   | [11:38:02.585957] [Gateway] Forwarding I_4 to Consumer: /local/consumer1/upload/MCfwLVNHOxPdjEKdz578H8KPd20moqNXdn61e20CdHTTwkCKQpA7Rl9ywCqi
gateway-1   | [11:38:02.586056] [Gateway] Proxied chunk 180 back to Producer
gateway-1   | [11:38:02.586193] [Gateway] Proxied chunk 181 back to Producer
gateway-1   | [11:38:02.586316] [Gateway] Proxied chunk 182 back to Producer
gateway-1   | [11:38:02.586377] [Gateway] Proxied chunk 183 back to Producer
gateway-1   | [11:38:02.586986] [Gateway] Received I_3: rmshvLMCRqy6TYw...
gateway-1   | [11:38:02.587110] [Gateway] Decrypted I_3 -> session: session-12345, chunk: 185
gateway-1   | [11:38:02.587153] [Gateway] Forwarding I_4 to Consumer: /local/consumer1/upload/rmshvLMCRqy6TYwfEJZ5vk9yQ99osgkLobMYea_XoVq_F1ZSUUU2rX4JXLgD
gateway-1   | [11:38:02.587176] [Gateway] Proxied chunk 184 back to Producer
gateway-1   | [11:38:02.587622] [Gateway] Received I_3: IYI2NOnDrX1kEZI...
gateway-1   | [11:38:02.587671] [Gateway] Decrypted I_3 -> session: session-12345, chunk: 186
gateway-1   | [11:38:02.587688] [Gateway] Forwarding I_4 to Consumer: /local/consumer1/upload/IYI2NOnDrX1kEZIp2AIYn_3IfdUzYdJw_43uVdgNBvvqy0U8MXmGUncUCTgL
gateway-1   | [11:38:02.587719] [Gateway] Received I_3: 4MbznThch6lILIE...
gateway-1   | [11:38:02.587728] [Gateway] Decrypted I_3 -> session: session-12345, chunk: 187
gateway-1   | [11:38:02.587736] [Gateway] Forwarding I_4 to Consumer: /local/consumer1/upload/4MbznThch6lILIEajBeQy5EjYz65A9kIDpJHENzl-XolFqF_vA7uAB7MPm4G
gateway-1   | [11:38:02.587747] [Gateway] Received I_3: QqubttACK3WT1Os...
gateway-1   | [11:38:02.587755] [Gateway] Decrypted I_3 -> session: session-12345, chunk: 188
gateway-1   | [11:38:02.587763] [Gateway] Forwarding I_4 to Consumer: /local/consumer1/upload/QqubttACK3WT1OsIWGKhyzp7oz_uR2s8m__nbwvKuQtOIbD0sh9JTvf771ix
gateway-1   | [11:38:02.587771] [Gateway] Received I_3: OhqoMnG2CYsiR4A...
gateway-1   | [11:38:02.587779] [Gateway] Decrypted I_3 -> session: session-12345, chunk: 189
gateway-1   | [11:38:02.587786] [Gateway] Forwarding I_4 to Consumer: /local/consumer1/upload/OhqoMnG2CYsiR4Atc4oakGG0IcDvMXO_10Ibbh_qzWZiTvEeH7Wwm-kazBBN
gateway-1   | [11:38:02.587800] [Gateway] Received I_3: YyfqXNX4sRW6wRp...
gateway-1   | [11:38:02.587807] [Gateway] Decrypted I_3 -> session: session-12345, chunk: 190
gateway-1   | [11:38:02.587818] [Gateway] Forwarding I_4 to Consumer: /local/consumer1/upload/YyfqXNX4sRW6wRpGZoMulNPNokTlG__ZN_hbu1l5dymwKF1p8Rpfn1CtcS4t
gateway-1   | [11:38:02.587828] [Gateway] Received I_3: rc4sFGf4CfxPTPS...
gateway-1   | [11:38:02.587836] [Gateway] Decrypted I_3 -> session: session-12345, chunk: 191
gateway-1   | [11:38:02.587844] [Gateway] Forwarding I_4 to Consumer: /local/consumer1/upload/rc4sFGf4CfxPTPSNRwfvgM25-LJMUPkWfGNSBoOeBNPs-iRGqiaPQVzdP5uR
gateway-1   | [11:38:02.587872] [Gateway] Received I_3: 041BoJ39bZ2XBJ3...
gateway-1   | [11:38:02.587897] [Gateway] Decrypted I_3 -> session: session-12345, chunk: 192
gateway-1   | [11:38:02.587909] [Gateway] Forwarding I_4 to Consumer: /local/consumer1/upload/041BoJ39bZ2XBJ3WDUDZD3iWY9fuHyl6-19fnN9kFVeL_LZR7CKiG5eOEm0H
gateway-1   | [11:38:02.587929] [Gateway] Received I_3: sh1YYy3NVjo5kgC...
consumer-1  | [11:38:02.560843] [Consumer] Received I_4! Decrypted request for chunk 109
gateway-1   | [11:38:02.587952] [Gateway] Decrypted I_3 -> session: session-12345, chunk: 193
gateway-1   | [11:38:02.587965] [Gateway] Forwarding I_4 to Consumer: /local/consumer1/upload/sh1YYy3NVjo5kgC_M8OgGEBvqXiwH00LE-446Kv0EDJhC3zHPW0z0NAr-o3p
gateway-1   | [11:38:02.587977] [Gateway] Received I_3: gHmsB5ccDz-K7xs...
gateway-1   | [11:38:02.587985] [Gateway] Decrypted I_3 -> session: session-12345, chunk: 194
gateway-1   | [11:38:02.587993] [Gateway] Forwarding I_4 to Consumer: /local/consumer1/upload/gHmsB5ccDz-K7xsiD5yZwFFw8Fy_7zt7l5PqrT15dFhKPRcF8slyT0YQwD8e
gateway-1   | [11:38:02.588267] [Gateway] Received I_3: gVtn_TVPFaIeSaV...
gateway-1   | [11:38:02.588315] [Gateway] Decrypted I_3 -> session: session-12345, chunk: 195
gateway-1   | [11:38:02.588333] [Gateway] Forwarding I_4 to Consumer: /local/consumer1/upload/gVtn_TVPFaIeSaVkawUaz9KbMn9QJeNHoLGjUl71XHZOSCtFT55_oVlleAYV
gateway-1   | [11:38:02.588750] [Gateway] Received I_3: oYDk27guXmwVZ0v...
gateway-1   | [11:38:02.588829] [Gateway] Decrypted I_3 -> session: session-12345, chunk: 196
gateway-1   | [11:38:02.588853] [Gateway] Forwarding I_4 to Consumer: /local/consumer1/upload/oYDk27guXmwVZ0vuFMlCNbl8R1XbcARWXWaAqqAifqMsGA4kz9Zlkpt3kgCZ
gateway-1   | [11:38:02.589010] [Gateway] Proxied chunk 185 back to Producer
gateway-1   | [11:38:02.589366] [Gateway] Received I_3: x0drORzX6GTYr0c...
gateway-1   | [11:38:02.589449] [Gateway] Decrypted I_3 -> session: session-12345, chunk: 197
gateway-1   | [11:38:02.589470] [Gateway] Forwarding I_4 to Consumer: /local/consumer1/upload/x0drORzX6GTYr0cGs2Fxa73_SdfBOD7LZJPCC6AfnjiKx_yg3pV0UnbVGnbj
gateway-1   | [11:38:02.589520] [Gateway] Proxied chunk 186 back to Producer
gateway-1   | [11:38:02.589610] [Gateway] Received I_3: mBOpXXdIzPOsPQd...
gateway-1   | [11:38:02.589643] [Gateway] Decrypted I_3 -> session: session-12345, chunk: 198
gateway-1   | [11:38:02.589656] [Gateway] Forwarding I_4 to Consumer: /local/consumer1/upload/mBOpXXdIzPOsPQd_RTYKdYN5mS209-Ujj4FbkZ1cp8AgzZC7B67du2WT0Uyp
gateway-1   | [11:38:02.589669] [Gateway] Received I_3: bsOClwIirH4XlSh...
gateway-1   | [11:38:02.589678] [Gateway] Decrypted I_3 -> session: session-12345, chunk: 199
gateway-1   | [11:38:02.589685] [Gateway] Forwarding I_4 to Consumer: /local/consumer1/upload/bsOClwIirH4XlShiqLaCuTAMpw1x_qrbx-5iT-rAbfz2BpAUvnryscihhaKS
gateway-1   | [11:38:02.589698] [Gateway] Received I_3: sscLpUALAFFMxDM...
gateway-1   | [11:38:02.589710] [Gateway] Decrypted I_3 -> session: session-12345, chunk: 200
gateway-1   | [11:38:02.589719] [Gateway] Forwarding I_4 to Consumer: /local/consumer1/upload/sscLpUALAFFMxDMT2PwiPojuMmqgbdflVY2bJY6yd-NP1DsSKmwbOqXumm4o
gateway-1   | [11:38:02.589729] [Gateway] Received I_3: hpVh1GlvueBp7XK...
gateway-1   | [11:38:02.589736] [Gateway] Decrypted I_3 -> session: session-12345, chunk: 201
gateway-1   | [11:38:02.589743] [Gateway] Forwarding I_4 to Consumer: /local/consumer1/upload/hpVh1GlvueBp7XK4RjN5oQVNkHhwPd8nnkd_gtOnql3Wm1VoFVFS2v2-5fpz
gateway-1   | [11:38:02.589755] [Gateway] Received I_3: i61Ohk32bFcKT-F...
gateway-1   | [11:38:02.589766] [Gateway] Decrypted I_3 -> session: session-12345, chunk: 202
gateway-1   | [11:38:02.589776] [Gateway] Forwarding I_4 to Consumer: /local/consumer1/upload/i61Ohk32bFcKT-FB7z3ajsw40vNM8cHlQ_JVOnjU71GdKB0IUu7EuFDl9m3k
gateway-1   | [11:38:02.589820] [Gateway] Received I_3: YM3l87EBh_Qz8MA...
gateway-1   | [11:38:02.589832] [Gateway] Decrypted I_3 -> session: session-12345, chunk: 203
gateway-1   | [11:38:02.589843] [Gateway] Forwarding I_4 to Consumer: /local/consumer1/upload/YM3l87EBh_Qz8MABYTn9nTjQg3G-XcCvsiep0WbNB9922inIf4MOMYWePB9E
gateway-1   | [11:38:02.589857] [Gateway] Received I_3: mKD0UrKYuJV3eJN...
gateway-1   | [11:38:02.589867] [Gateway] Decrypted I_3 -> session: session-12345, chunk: 204
gateway-1   | [11:38:02.589890] [Gateway] Forwarding I_4 to Consumer: /local/consumer1/upload/mKD0UrKYuJV3eJNNujs8YM3GsjYJfX_Obpx3OgdTzFNDSdqZtNFU0FY6uMsQ
gateway-1   | [11:38:02.589951] [Gateway] Proxied chunk 187 back to Producer
gateway-1   | [11:38:02.590836] [Gateway] Received I_3: TFQ4EUGpI2cJDz0...
consumer-1  | [11:38:02.561127] [Consumer] Sending Data D_4 for chunk 109
consumer-1  | [11:38:02.561553] [Consumer] Received I_4! Decrypted request for chunk 110
consumer-1  | [11:38:02.561704] [Consumer] Sending Data D_4 for chunk 110
consumer-1  | [11:38:02.562271] [Consumer] Received I_4! Decrypted request for chunk 111
consumer-1  | [11:38:02.562405] [Consumer] Sending Data D_4 for chunk 111
consumer-1  | [11:38:02.562473] [Consumer] Received I_4! Decrypted request for chunk 112
consumer-1  | [11:38:02.562566] [Consumer] Sending Data D_4 for chunk 112
consumer-1  | [11:38:02.562591] [Consumer] Received I_4! Decrypted request for chunk 113
consumer-1  | [11:38:02.562651] [Consumer] Sending Data D_4 for chunk 113
consumer-1  | [11:38:02.562692] [Consumer] Received I_4! Decrypted request for chunk 114
consumer-1  | [11:38:02.562758] [Consumer] Sending Data D_4 for chunk 114
consumer-1  | [11:38:02.562778] [Consumer] Received I_4! Decrypted request for chunk 115
consumer-1  | [11:38:02.562840] [Consumer] Sending Data D_4 for chunk 115
consumer-1  | [11:38:02.562865] [Consumer] Received I_4! Decrypted request for chunk 116
consumer-1  | [11:38:02.562923] [Consumer] Sending Data D_4 for chunk 116
consumer-1  | [11:38:02.562940] [Consumer] Received I_4! Decrypted request for chunk 117
consumer-1  | [11:38:02.562994] [Consumer] Sending Data D_4 for chunk 117
consumer-1  | [11:38:02.563035] [Consumer] Received I_4! Decrypted request for chunk 118
consumer-1  | [11:38:02.563101] [Consumer] Sending Data D_4 for chunk 118
consumer-1  | [11:38:02.563119] [Consumer] Received I_4! Decrypted request for chunk 119
consumer-1  | [11:38:02.563175] [Consumer] Sending Data D_4 for chunk 119
consumer-1  | [11:38:02.563192] [Consumer] Received I_4! Decrypted request for chunk 120
consumer-1  | [11:38:02.563246] [Consumer] Sending Data D_4 for chunk 120
consumer-1  | [11:38:02.563262] [Consumer] Received I_4! Decrypted request for chunk 121
consumer-1  | [11:38:02.563316] [Consumer] Sending Data D_4 for chunk 121
consumer-1  | [11:38:02.563353] [Consumer] Received I_4! Decrypted request for chunk 122
consumer-1  | [11:38:02.563416] [Consumer] Sending Data D_4 for chunk 122
consumer-1  | [11:38:02.563435] [Consumer] Received I_4! Decrypted request for chunk 123
consumer-1  | [11:38:02.563490] [Consumer] Sending Data D_4 for chunk 123
gateway-1   | [11:38:02.590934] [Gateway] Decrypted I_3 -> session: session-12345, chunk: 205
gateway-1   | [11:38:02.590962] [Gateway] Forwarding I_4 to Consumer: /local/consumer1/upload/TFQ4EUGpI2cJDz0lEIdvksOUtgDcG7wEDA4XXfaxIFkFv0k7TYnkNjrK2uRh
gateway-1   | [11:38:02.590999] [Gateway] Received I_3: rqUVfn23E6bgmz4...
gateway-1   | [11:38:02.591013] [Gateway] Decrypted I_3 -> session: session-12345, chunk: 206
gateway-1   | [11:38:02.591022] [Gateway] Forwarding I_4 to Consumer: /local/consumer1/upload/rqUVfn23E6bgmz4t7qqIqPmKwLW91r4L90chP54hyVkVYYYV8-w__l1oKELX
gateway-1   | [11:38:02.591199] [Gateway] Proxied chunk 188 back to Producer
gateway-1   | [11:38:02.591382] [Gateway] Proxied chunk 189 back to Producer
gateway-1   | [11:38:02.591535] [Gateway] Proxied chunk 190 back to Producer
gateway-1   | [11:38:02.591627] [Gateway] Proxied chunk 191 back to Producer
gateway-1   | [11:38:02.591700] [Gateway] Proxied chunk 192 back to Producer
gateway-1   | [11:38:02.591751] [Gateway] Proxied chunk 193 back to Producer
consumer-1  | [11:38:02.563507] [Consumer] Received I_4! Decrypted request for chunk 124
consumer-1  | [11:38:02.563560] [Consumer] Sending Data D_4 for chunk 124
consumer-1  | [11:38:02.563628] [Consumer] Received I_4! Decrypted request for chunk 125
consumer-1  | [11:38:02.563687] [Consumer] Sending Data D_4 for chunk 125
consumer-1  | [11:38:02.563830] [Consumer] Received I_4! Decrypted request for chunk 126
consumer-1  | [11:38:02.563944] [Consumer] Sending Data D_4 for chunk 126
consumer-1  | [11:38:02.564156] [Consumer] Received I_4! Decrypted request for chunk 127
consumer-1  | [11:38:02.564272] [Consumer] Sending Data D_4 for chunk 127
consumer-1  | [11:38:02.564299] [Consumer] Received I_4! Decrypted request for chunk 128
consumer-1  | [11:38:02.564363] [Consumer] Sending Data D_4 for chunk 128
consumer-1  | [11:38:02.564381] [Consumer] Received I_4! Decrypted request for chunk 129
consumer-1  | [11:38:02.564478] [Consumer] Sending Data D_4 for chunk 129
consumer-1  | [11:38:02.564549] [Consumer] Received I_4! Decrypted request for chunk 130
consumer-1  | [11:38:02.564624] [Consumer] Sending Data D_4 for chunk 130
consumer-1  | [11:38:02.564856] [Consumer] Received I_4! Decrypted request for chunk 131
consumer-1  | [11:38:02.564948] [Consumer] Sending Data D_4 for chunk 131
consumer-1  | [11:38:02.567539] [Consumer] Received I_4! Decrypted request for chunk 132
consumer-1  | [11:38:02.567703] [Consumer] Sending Data D_4 for chunk 132
consumer-1  | [11:38:02.567779] [Consumer] Received I_4! Decrypted request for chunk 133
consumer-1  | [11:38:02.567864] [Consumer] Sending Data D_4 for chunk 133
consumer-1  | [11:38:02.567885] [Consumer] Received I_4! Decrypted request for chunk 134
consumer-1  | [11:38:02.567945] [Consumer] Sending Data D_4 for chunk 134
consumer-1  | [11:38:02.567962] [Consumer] Received I_4! Decrypted request for chunk 135
consumer-1  | [11:38:02.568025] [Consumer] Sending Data D_4 for chunk 135
consumer-1  | [11:38:02.568071] [Consumer] Received I_4! Decrypted request for chunk 136
consumer-1  | [11:38:02.568137] [Consumer] Sending Data D_4 for chunk 136
gateway-1   | [11:38:02.591819] [Gateway] Proxied chunk 194 back to Producer
gateway-1   | [11:38:02.591911] [Gateway] Proxied chunk 195 back to Producer
gateway-1   | [11:38:02.591967] [Gateway] Proxied chunk 196 back to Producer
gateway-1   | [11:38:02.592037] [Gateway] Proxied chunk 197 back to Producer
gateway-1   | [11:38:02.592122] [Gateway] Proxied chunk 198 back to Producer
gateway-1   | [11:38:02.592178] [Gateway] Received I_3: Zb-ksoHreOgWF07...
gateway-1   | [11:38:02.592199] [Gateway] Decrypted I_3 -> session: session-12345, chunk: 207
gateway-1   | [11:38:02.592212] [Gateway] Forwarding I_4 to Consumer: /local/consumer1/upload/Zb-ksoHreOgWF07xx4AyyWEfD7AQrAfWQ0s00nzTdKVpnuG8Kso7sg6MmZhE
gateway-1   | [11:38:02.592225] [Gateway] Proxied chunk 199 back to Producer
gateway-1   | [11:38:02.592300] [Gateway] Proxied chunk 200 back to Producer
gateway-1   | [11:38:02.592388] [Gateway] Proxied chunk 201 back to Producer
gateway-1   | [11:38:02.592460] [Gateway] Proxied chunk 202 back to Producer
gateway-1   | [11:38:02.592509] [Gateway] Proxied chunk 203 back to Producer
gateway-1   | [11:38:02.592554] [Gateway] Proxied chunk 204 back to Producer
gateway-1   | [11:38:02.592850] [Gateway] Proxied chunk 205 back to Producer
gateway-1   | [11:38:02.593090] [Gateway] Proxied chunk 206 back to Producer
gateway-1   | [11:38:02.593265] [Gateway] Received I_3: hvn61OXUoCApE8H...
gateway-1   | [11:38:02.593293] [Gateway] Decrypted I_3 -> session: session-12345, chunk: 208
gateway-1   | [11:38:02.593305] [Gateway] Forwarding I_4 to Consumer: /local/consumer1/upload/hvn61OXUoCApE8H5jb1VRB36tcR_shW5j6MndgqaHxgHG3TbSpxX3PuVuFF-
gateway-1   | [11:38:02.593644] [Gateway] Received I_3: U_sn0cHdavTncW0...
gateway-1   | [11:38:02.593809] [Gateway] Decrypted I_3 -> session: session-12345, chunk: 209
gateway-1   | [11:38:02.593851] [Gateway] Forwarding I_4 to Consumer: /local/consumer1/upload/U_sn0cHdavTncW0AJmPpVjPnOC-S71VXzV74fSmL4i1lIpSjHT4dlOKueNki
gateway-1   | [11:38:02.594090] [Gateway] Received I_3: 4F3EQ4jrM_fJPVz...
gateway-1   | [11:38:02.594140] [Gateway] Decrypted I_3 -> session: session-12345, chunk: 210
gateway-1   | [11:38:02.594157] [Gateway] Forwarding I_4 to Consumer: /local/consumer1/upload/4F3EQ4jrM_fJPVzzkjZB4r3q-QxPl3_jsgtXkx42iJqdh5NoYTnmIdLqhocb
gateway-1   | [11:38:02.594184] [Gateway] Received I_3: nhtW73k9kwSilM3...
gateway-1   | [11:38:02.594193] [Gateway] Decrypted I_3 -> session: session-12345, chunk: 211
gateway-1   | [11:38:02.594201] [Gateway] Forwarding I_4 to Consumer: /local/consumer1/upload/nhtW73k9kwSilM3AldUD6htYSJw0qVWX0vYGK1kO_n7l9Z01dncab3YfMehK
gateway-1   | [11:38:02.594314] [Gateway] Received I_3: hKu6rzDiNyzOumt...
gateway-1   | [11:38:02.594362] [Gateway] Decrypted I_3 -> session: session-12345, chunk: 212
gateway-1   | [11:38:02.594379] [Gateway] Forwarding I_4 to Consumer: /local/consumer1/upload/hKu6rzDiNyzOumt77b93lRAwC8YO2ScCmPQTvwsswHFStzpPVWoK5zl3l-l2
gateway-1   | [11:38:02.594420] [Gateway] Received I_3: AX6JoiRZEPWoAx5...
gateway-1   | [11:38:02.594433] [Gateway] Decrypted I_3 -> session: session-12345, chunk: 213
gateway-1   | [11:38:02.594443] [Gateway] Forwarding I_4 to Consumer: /local/consumer1/upload/AX6JoiRZEPWoAx5XXdyi9m5ecx9Ot0Z2BFLEAeo3Ui9HsvwiLmG7xOT3aQzh
gateway-1   | [11:38:02.594455] [Gateway] Received I_3: Aji9A7KiemO-Y8W...
gateway-1   | [11:38:02.594463] [Gateway] Decrypted I_3 -> session: session-12345, chunk: 214
gateway-1   | [11:38:02.594470] [Gateway] Forwarding I_4 to Consumer: /local/consumer1/upload/Aji9A7KiemO-Y8Wt_8wMP7J7maCA0jydfSAbB4tgz3nL7VJ_1_JmKg_nosEP
gateway-1   | [11:38:02.594479] [Gateway] Received I_3: oVx3mNpptTl5rwo...
gateway-1   | [11:38:02.594487] [Gateway] Decrypted I_3 -> session: session-12345, chunk: 215
gateway-1   | [11:38:02.594494] [Gateway] Forwarding I_4 to Consumer: /local/consumer1/upload/oVx3mNpptTl5rwoCt4QoBrSbv4SG3rC8cvCepciID8MYBXeXMmZ9ZgPTE9qT
gateway-1   | [11:38:02.594667] [Gateway] Received I_3: VqdFqNdrri3ww3S...
gateway-1   | [11:38:02.594722] [Gateway] Decrypted I_3 -> session: session-12345, chunk: 216
gateway-1   | [11:38:02.594753] [Gateway] Forwarding I_4 to Consumer: /local/consumer1/upload/VqdFqNdrri3ww3SSafgoBVrpk9PrqKa5AJZ24SGwZmICbxr60p8mf3m_uDRW
gateway-1   | [11:38:02.594797] [Gateway] Proxied chunk 207 back to Producer
gateway-1   | [11:38:02.595150] [Gateway] Received I_3: XmEyvVVr-rF04ML...
consumer-1  | [11:38:02.568156] [Consumer] Received I_4! Decrypted request for chunk 137
consumer-1  | [11:38:02.568212] [Consumer] Sending Data D_4 for chunk 137
consumer-1  | [11:38:02.568253] [Consumer] Received I_4! Decrypted request for chunk 138
consumer-1  | [11:38:02.568350] [Consumer] Sending Data D_4 for chunk 138
consumer-1  | [11:38:02.568452] [Consumer] Received I_4! Decrypted request for chunk 139
consumer-1  | [11:38:02.568536] [Consumer] Sending Data D_4 for chunk 139
consumer-1  | [11:38:02.569229] [Consumer] Received I_4! Decrypted request for chunk 140
consumer-1  | [11:38:02.569388] [Consumer] Sending Data D_4 for chunk 140
consumer-1  | [11:38:02.569474] [Consumer] Received I_4! Decrypted request for chunk 141
consumer-1  | [11:38:02.569557] [Consumer] Sending Data D_4 for chunk 141
consumer-1  | [11:38:02.569598] [Consumer] Received I_4! Decrypted request for chunk 142
consumer-1  | [11:38:02.569667] [Consumer] Sending Data D_4 for chunk 142
consumer-1  | [11:38:02.569693] [Consumer] Received I_4! Decrypted request for chunk 143
consumer-1  | [11:38:02.569754] [Consumer] Sending Data D_4 for chunk 143
consumer-1  | [11:38:02.569817] [Consumer] Received I_4! Decrypted request for chunk 144
consumer-1  | [11:38:02.569907] [Consumer] Sending Data D_4 for chunk 144
consumer-1  | [11:38:02.570257] [Consumer] Received I_4! Decrypted request for chunk 145
consumer-1  | [11:38:02.570392] [Consumer] Sending Data D_4 for chunk 145
gateway-1   | [11:38:02.595212] [Gateway] Decrypted I_3 -> session: session-12345, chunk: 217
consumer-1  | [11:38:02.570752] [Consumer] Received I_4! Decrypted request for chunk 146
consumer-1  | [11:38:02.570994] [Consumer] Sending Data D_4 for chunk 146
consumer-1  | [11:38:02.571180] [Consumer] Received I_4! Decrypted request for chunk 147
consumer-1  | [11:38:02.571410] [Consumer] Sending Data D_4 for chunk 147
consumer-1  | [11:38:02.571575] [Consumer] Received I_4! Decrypted request for chunk 148
consumer-1  | [11:38:02.571788] [Consumer] Sending Data D_4 for chunk 148
consumer-1  | [11:38:02.571848] [Consumer] Received I_4! Decrypted request for chunk 149
consumer-1  | [11:38:02.572021] [Consumer] Sending Data D_4 for chunk 149
consumer-1  | [11:38:02.572418] [Consumer] Received I_4! Decrypted request for chunk 150
consumer-1  | [11:38:02.572541] [Consumer] Sending Data D_4 for chunk 150
consumer-1  | [11:38:02.572842] [Consumer] Received I_4! Decrypted request for chunk 151
consumer-1  | [11:38:02.573053] [Consumer] Sending Data D_4 for chunk 151
consumer-1  | [11:38:02.573245] [Consumer] Received I_4! Decrypted request for chunk 152
consumer-1  | [11:38:02.573486] [Consumer] Sending Data D_4 for chunk 152
consumer-1  | [11:38:02.573611] [Consumer] Received I_4! Decrypted request for chunk 153
consumer-1  | [11:38:02.573891] [Consumer] Sending Data D_4 for chunk 153
consumer-1  | [11:38:02.574125] [Consumer] Received I_4! Decrypted request for chunk 154
consumer-1  | [11:38:02.574506] [Consumer] Sending Data D_4 for chunk 154
consumer-1  | [11:38:02.574621] [Consumer] Received I_4! Decrypted request for chunk 155
consumer-1  | [11:38:02.574833] [Consumer] Sending Data D_4 for chunk 155
gateway-1   | [11:38:02.595229] [Gateway] Forwarding I_4 to Consumer: /local/consumer1/upload/XmEyvVVr-rF04MLsxw4GPkX9SX2el6la-GnUfFbMZbuMXKooInhoRPkiVywd
consumer-1  | [11:38:02.574888] [Consumer] Received I_4! Decrypted request for chunk 156
consumer-1  | [11:38:02.575031] [Consumer] Sending Data D_4 for chunk 156
consumer-1  | [11:38:02.575238] [Consumer] Received I_4! Decrypted request for chunk 157
consumer-1  | [11:38:02.575422] [Consumer] Sending Data D_4 for chunk 157
consumer-1  | [11:38:02.575516] [Consumer] Received I_4! Decrypted request for chunk 158
consumer-1  | [11:38:02.575721] [Consumer] Sending Data D_4 for chunk 158
consumer-1  | [11:38:02.575837] [Consumer] Received I_4! Decrypted request for chunk 159
consumer-1  | [11:38:02.576278] [Consumer] Sending Data D_4 for chunk 159
consumer-1  | [11:38:02.576420] [Consumer] Received I_4! Decrypted request for chunk 160
consumer-1  | [11:38:02.576635] [Consumer] Sending Data D_4 for chunk 160
consumer-1  | [11:38:02.576781] [Consumer] Received I_4! Decrypted request for chunk 161
consumer-1  | [11:38:02.576956] [Consumer] Sending Data D_4 for chunk 161
consumer-1  | [11:38:02.577010] [Consumer] Received I_4! Decrypted request for chunk 162
consumer-1  | [11:38:02.577235] [Consumer] Sending Data D_4 for chunk 162
consumer-1  | [11:38:02.577298] [Consumer] Received I_4! Decrypted request for chunk 163
consumer-1  | [11:38:02.577410] [Consumer] Sending Data D_4 for chunk 163
consumer-1  | [11:38:02.577457] [Consumer] Received I_4! Decrypted request for chunk 164
consumer-1  | [11:38:02.577916] [Consumer] Sending Data D_4 for chunk 164
consumer-1  | [11:38:02.578038] [Consumer] Received I_4! Decrypted request for chunk 165
consumer-1  | [11:38:02.578211] [Consumer] Sending Data D_4 for chunk 165
consumer-1  | [11:38:02.578435] [Consumer] Received I_4! Decrypted request for chunk 166
consumer-1  | [11:38:02.578668] [Consumer] Sending Data D_4 for chunk 166
consumer-1  | [11:38:02.578776] [Consumer] Received I_4! Decrypted request for chunk 167
consumer-1  | [11:38:02.579025] [Consumer] Sending Data D_4 for chunk 167
consumer-1  | [11:38:02.579153] [Consumer] Received I_4! Decrypted request for chunk 168
consumer-1  | [11:38:02.579409] [Consumer] Sending Data D_4 for chunk 168
consumer-1  | [11:38:02.579471] [Consumer] Received I_4! Decrypted request for chunk 169
gateway-1   | [11:38:02.595270] [Gateway] Proxied chunk 208 back to Producer
gateway-1   | [11:38:02.595597] [Gateway] Received I_3: 938nI0gNE0upMkh...
gateway-1   | [11:38:02.595647] [Gateway] Decrypted I_3 -> session: session-12345, chunk: 218
gateway-1   | [11:38:02.595665] [Gateway] Forwarding I_4 to Consumer: /local/consumer1/upload/938nI0gNE0upMkhVw3TWPzwI1wfB0lvcN6tEhgb1mrJ_5U3z0T8_PDkLGgv0
gateway-1   | [11:38:02.595692] [Gateway] Received I_3: yCdkVTNvgz51Ysb...
gateway-1   | [11:38:02.595701] [Gateway] Decrypted I_3 -> session: session-12345, chunk: 219
gateway-1   | [11:38:02.595709] [Gateway] Forwarding I_4 to Consumer: /local/consumer1/upload/yCdkVTNvgz51YsbG9wdcFHBcrhmVcbPw5jV5AcWklOKwocBu1zS7mvCdXxEK
gateway-1   | [11:38:02.595727] [Gateway] Received I_3: uy2gFLAORoD8dUX...
gateway-1   | [11:38:02.595735] [Gateway] Decrypted I_3 -> session: session-12345, chunk: 220
consumer-1  | [11:38:02.579552] [Consumer] Sending Data D_4 for chunk 169
consumer-1  | [11:38:02.579594] [Consumer] Received I_4! Decrypted request for chunk 170
gateway-1   | [11:38:02.595742] [Gateway] Forwarding I_4 to Consumer: /local/consumer1/upload/uy2gFLAORoD8dUXv5zHkNGAiV_yYhykaXnbYhucfh39c51yRv6XJ-eUOehah
gateway-1   | [11:38:02.595859] [Gateway] Received I_3: U184C2VBawOg8E6...
gateway-1   | [11:38:02.595905] [Gateway] Decrypted I_3 -> session: session-12345, chunk: 221
gateway-1   | [11:38:02.595923] [Gateway] Forwarding I_4 to Consumer: /local/consumer1/upload/U184C2VBawOg8E6qPZ1rmfzGeIJ1qggVhUh9ijbAoKZiyN4Y13GRq-8ojqyU
gateway-1   | [11:38:02.596134] [Gateway] Received I_3: ejUlE8U4_q79mDs...
gateway-1   | [11:38:02.596178] [Gateway] Decrypted I_3 -> session: session-12345, chunk: 222
gateway-1   | [11:38:02.596195] [Gateway] Forwarding I_4 to Consumer: /local/consumer1/upload/ejUlE8U4_q79mDsP7egKV8glRJIzlvfeK3QDBe1VP-PRqQDogpsNKvFRn9RK
gateway-1   | [11:38:02.596237] [Gateway] Proxied chunk 209 back to Producer
gateway-1   | [11:38:02.596347] [Gateway] Received I_3: -QJ1gUe2ONzPQ2-...
gateway-1   | [11:38:02.596378] [Gateway] Decrypted I_3 -> session: session-12345, chunk: 223
gateway-1   | [11:38:02.596391] [Gateway] Forwarding I_4 to Consumer: /local/consumer1/upload/-QJ1gUe2ONzPQ2-zPAw2A9qu_ZXxcyC3JT5LbGk2Uu2GOdb2bB1toZ_pQS-8
gateway-1   | [11:38:02.596405] [Gateway] Received I_3: 38w78A1ElJhMQkL...
gateway-1   | [11:38:02.596413] [Gateway] Decrypted I_3 -> session: session-12345, chunk: 224
gateway-1   | [11:38:02.596421] [Gateway] Forwarding I_4 to Consumer: /local/consumer1/upload/38w78A1ElJhMQkL0GQrG9iTMGR7LHuBzW66lNA6rG8hcZ9fkbybmrVC1Y4Qf
gateway-1   | [11:38:02.596430] [Gateway] Received I_3: pKcWy0oZg8kuE-r...
gateway-1   | [11:38:02.596438] [Gateway] Decrypted I_3 -> session: session-12345, chunk: 225
gateway-1   | [11:38:02.596445] [Gateway] Forwarding I_4 to Consumer: /local/consumer1/upload/pKcWy0oZg8kuE-rMIIMCGNC7IHdutwO5C-5Lvv0DeB0jrm3P18bmy69fLUxJ
gateway-1   | [11:38:02.596475] [Gateway] Received I_3: eAH3Tg6IUVMKAV-...
gateway-1   | [11:38:02.596483] [Gateway] Decrypted I_3 -> session: session-12345, chunk: 226
gateway-1   | [11:38:02.596491] [Gateway] Forwarding I_4 to Consumer: /local/consumer1/upload/eAH3Tg6IUVMKAV-WLo0-aRnK0ySfg2D1baWjDSuPc8CwFxfkki_eXmapDF1R
gateway-1   | [11:38:02.596506] [Gateway] Received I_3: 56x-RWnNf6u4bO6...
gateway-1   | [11:38:02.596514] [Gateway] Decrypted I_3 -> session: session-12345, chunk: 227
gateway-1   | [11:38:02.596521] [Gateway] Forwarding I_4 to Consumer: /local/consumer1/upload/56x-RWnNf6u4bO6Ma-GmCTV3tNHF4E6zxwXn1f4Pp2Ari5XFTXaePPeNTi_R
gateway-1   | [11:38:02.596987] [Gateway] Received I_3: mABtakzc5pMVMTe...
gateway-1   | [11:38:02.597066] [Gateway] Decrypted I_3 -> session: session-12345, chunk: 228
gateway-1   | [11:38:02.597100] [Gateway] Forwarding I_4 to Consumer: /local/consumer1/upload/mABtakzc5pMVMTeWf0HgpO8bghKmlvionhiuuycMaqhVVtvXp2yQNkY8VvTA
gateway-1   | [11:38:02.597361] [Gateway] Proxied chunk 210 back to Producer
gateway-1   | [11:38:02.597576] [Gateway] Received I_3: 2kbcZ-NxQcyHN_d...
gateway-1   | [11:38:02.597618] [Gateway] Decrypted I_3 -> session: session-12345, chunk: 229
gateway-1   | [11:38:02.597633] [Gateway] Forwarding I_4 to Consumer: /local/consumer1/upload/2kbcZ-NxQcyHN_dWDks-Mup4CfI5WpM-ZSn9acN0MBU3XPz_NpzZKRqLzUzI
gateway-1   | [11:38:02.598778] [Gateway] Received I_3: ce9acoLkPcOkNSv...
consumer-1  | [11:38:02.579678] [Consumer] Sending Data D_4 for chunk 170
gateway-1   | [11:38:02.598891] [Gateway] Decrypted I_3 -> session: session-12345, chunk: 230
gateway-1   | [11:38:02.598967] [Gateway] Forwarding I_4 to Consumer: /local/consumer1/upload/ce9acoLkPcOkNSvE3ygnrqFOihXjO05NAX666ZYFXlEzKEM3JJlTwEujlq2U
gateway-1   | [11:38:02.599021] [Gateway] Proxied chunk 211 back to Producer
consumer-1  | [11:38:02.579718] [Consumer] Received I_4! Decrypted request for chunk 171
consumer-1  | [11:38:02.579784] [Consumer] Sending Data D_4 for chunk 171
consumer-1  | [11:38:02.579820] [Consumer] Received I_4! Decrypted request for chunk 172
consumer-1  | [11:38:02.579885] [Consumer] Sending Data D_4 for chunk 172
consumer-1  | [11:38:02.579973] [Consumer] Received I_4! Decrypted request for chunk 173
consumer-1  | [11:38:02.580090] [Consumer] Sending Data D_4 for chunk 173
consumer-1  | [11:38:02.580136] [Consumer] Received I_4! Decrypted request for chunk 174
consumer-1  | [11:38:02.580203] [Consumer] Sending Data D_4 for chunk 174
consumer-1  | [11:38:02.580330] [Consumer] Received I_4! Decrypted request for chunk 175
consumer-1  | [11:38:02.580479] [Consumer] Sending Data D_4 for chunk 175
consumer-1  | [11:38:02.580534] [Consumer] Received I_4! Decrypted request for chunk 176
consumer-1  | [11:38:02.580652] [Consumer] Sending Data D_4 for chunk 176
consumer-1  | [11:38:02.580764] [Consumer] Received I_4! Decrypted request for chunk 177
consumer-1  | [11:38:02.580876] [Consumer] Sending Data D_4 for chunk 177
consumer-1  | [11:38:02.582791] [Consumer] Received I_4! Decrypted request for chunk 178
consumer-1  | [11:38:02.583059] [Consumer] Sending Data D_4 for chunk 178
consumer-1  | [11:38:02.584186] [Consumer] Received I_4! Decrypted request for chunk 179
consumer-1  | [11:38:02.584429] [Consumer] Sending Data D_4 for chunk 179
consumer-1  | [11:38:02.584744] [Consumer] Received I_4! Decrypted request for chunk 180
consumer-1  | [11:38:02.584963] [Consumer] Sending Data D_4 for chunk 180
consumer-1  | [11:38:02.585066] [Consumer] Received I_4! Decrypted request for chunk 181
consumer-1  | [11:38:02.585269] [Consumer] Sending Data D_4 for chunk 181
consumer-1  | [11:38:02.585353] [Consumer] Received I_4! Decrypted request for chunk 182
consumer-1  | [11:38:02.585499] [Consumer] Sending Data D_4 for chunk 182
consumer-1  | [11:38:02.585588] [Consumer] Received I_4! Decrypted request for chunk 183
consumer-1  | [11:38:02.585671] [Consumer] Sending Data D_4 for chunk 183
consumer-1  | [11:38:02.586286] [Consumer] Received I_4! Decrypted request for chunk 184
consumer-1  | [11:38:02.586514] [Consumer] Sending Data D_4 for chunk 184
consumer-1  | [11:38:02.587657] [Consumer] Received I_4! Decrypted request for chunk 185
gateway-1   | [11:38:02.599639] [Gateway] Proxied chunk 212 back to Producer
gateway-1   | [11:38:02.599804] [Gateway] Proxied chunk 213 back to Producer
gateway-1   | [11:38:02.599997] [Gateway] Proxied chunk 214 back to Producer
gateway-1   | [11:38:02.600416] [Gateway] Proxied chunk 215 back to Producer
consumer-1  | [11:38:02.587893] [Consumer] Sending Data D_4 for chunk 185
consumer-1  | [11:38:02.588096] [Consumer] Received I_4! Decrypted request for chunk 186
consumer-1  | [11:38:02.588313] [Consumer] Sending Data D_4 for chunk 186
consumer-1  | [11:38:02.588423] [Consumer] Received I_4! Decrypted request for chunk 187
consumer-1  | [11:38:02.588627] [Consumer] Sending Data D_4 for chunk 187
consumer-1  | [11:38:02.588683] [Consumer] Received I_4! Decrypted request for chunk 188
consumer-1  | [11:38:02.588828] [Consumer] Sending Data D_4 for chunk 188
consumer-1  | [11:38:02.588928] [Consumer] Received I_4! Decrypted request for chunk 189
consumer-1  | [11:38:02.589135] [Consumer] Sending Data D_4 for chunk 189
consumer-1  | [11:38:02.589329] [Consumer] Received I_4! Decrypted request for chunk 190
consumer-1  | [11:38:02.589477] [Consumer] Sending Data D_4 for chunk 190
consumer-1  | [11:38:02.589528] [Consumer] Received I_4! Decrypted request for chunk 191
consumer-1  | [11:38:02.589603] [Consumer] Sending Data D_4 for chunk 191
consumer-1  | [11:38:02.589647] [Consumer] Received I_4! Decrypted request for chunk 192
consumer-1  | [11:38:02.589714] [Consumer] Sending Data D_4 for chunk 192
consumer-1  | [11:38:02.589752] [Consumer] Received I_4! Decrypted request for chunk 193
consumer-1  | [11:38:02.589817] [Consumer] Sending Data D_4 for chunk 193
consumer-1  | [11:38:02.589858] [Consumer] Received I_4! Decrypted request for chunk 194
consumer-1  | [11:38:02.589925] [Consumer] Sending Data D_4 for chunk 194
consumer-1  | [11:38:02.589947] [Consumer] Received I_4! Decrypted request for chunk 195
consumer-1  | [11:38:02.590005] [Consumer] Sending Data D_4 for chunk 195
consumer-1  | [11:38:02.590082] [Consumer] Received I_4! Decrypted request for chunk 196
consumer-1  | [11:38:02.590151] [Consumer] Sending Data D_4 for chunk 196
consumer-1  | [11:38:02.590191] [Consumer] Received I_4! Decrypted request for chunk 197
consumer-1  | [11:38:02.590274] [Consumer] Sending Data D_4 for chunk 197
consumer-1  | [11:38:02.590326] [Consumer] Received I_4! Decrypted request for chunk 198
consumer-1  | [11:38:02.590391] [Consumer] Sending Data D_4 for chunk 198
consumer-1  | [11:38:02.590449] [Consumer] Received I_4! Decrypted request for chunk 199
consumer-1  | [11:38:02.590551] [Consumer] Sending Data D_4 for chunk 199
consumer-1  | [11:38:02.590606] [Consumer] Received I_4! Decrypted request for chunk 200
gateway-1   | [11:38:02.600595] [Gateway] Received I_3: xmFNvJww2dQg9pT...
gateway-1   | [11:38:02.600660] [Gateway] Decrypted I_3 -> session: session-12345, chunk: 231
gateway-1   | [11:38:02.600685] [Gateway] Forwarding I_4 to Consumer: /local/consumer1/upload/xmFNvJww2dQg9pT38Gbg7qql81HgF4S3A8Ohw6cChmHyH9PwqueayPTBBTUW
gateway-1   | [11:38:02.600707] [Gateway] Proxied chunk 216 back to Producer
gateway-1   | [11:38:02.600806] [Gateway] Proxied chunk 217 back to Producer
gateway-1   | [11:38:02.600947] [Gateway] Proxied chunk 218 back to Producer
gateway-1   | [11:38:02.601057] [Gateway] Proxied chunk 219 back to Producer
gateway-1   | [11:38:02.601223] [Gateway] Proxied chunk 220 back to Producer
gateway-1   | [11:38:02.601333] [Gateway] Proxied chunk 221 back to Producer
gateway-1   | [11:38:02.601399] [Gateway] Proxied chunk 222 back to Producer
gateway-1   | [11:38:02.601454] [Gateway] Proxied chunk 223 back to Producer
gateway-1   | [11:38:02.601501] [Gateway] Proxied chunk 224 back to Producer
gateway-1   | [11:38:02.601575] [Gateway] Proxied chunk 225 back to Producer
gateway-1   | [11:38:02.601634] [Gateway] Received I_3: w1ZHNcpfczKDUTd...
gateway-1   | [11:38:02.601663] [Gateway] Decrypted I_3 -> session: session-12345, chunk: 232
gateway-1   | [11:38:02.601681] [Gateway] Forwarding I_4 to Consumer: /local/consumer1/upload/w1ZHNcpfczKDUTdCmiYO_MbtuV-58aodBtTymr6QediyZAZt9bR67skHc8fB
gateway-1   | [11:38:02.601696] [Gateway] Proxied chunk 226 back to Producer
gateway-1   | [11:38:02.601760] [Gateway] Proxied chunk 227 back to Producer
gateway-1   | [11:38:02.601835] [Gateway] Proxied chunk 228 back to Producer
gateway-1   | [11:38:02.601946] [Gateway] Received I_3: qDzrhMsYBW0LfTN...
gateway-1   | [11:38:02.601968] [Gateway] Decrypted I_3 -> session: session-12345, chunk: 233
gateway-1   | [11:38:02.602002] [Gateway] Forwarding I_4 to Consumer: /local/consumer1/upload/qDzrhMsYBW0LfTNJr-fSdr4xFzC_UR3W5-azoi042c0-0J0UmpP0gtfjchKt
gateway-1   | [11:38:02.602021] [Gateway] Proxied chunk 229 back to Producer
gateway-1   | [11:38:02.602097] [Gateway] Proxied chunk 230 back to Producer
gateway-1   | [11:38:02.602266] [Gateway] Received I_3: iGX8vUzvFhjrUFn...
gateway-1   | [11:38:02.602315] [Gateway] Decrypted I_3 -> session: session-12345, chunk: 234
gateway-1   | [11:38:02.602335] [Gateway] Forwarding I_4 to Consumer: /local/consumer1/upload/iGX8vUzvFhjrUFnmHgIIWN1gs8-JOtCpeB6H_PpjfWNt5BWLUR579blayMnM
gateway-1   | [11:38:02.602354] [Gateway] Received I_3: vKuGNxZfgp-JoRG...
gateway-1   | [11:38:02.602367] [Gateway] Decrypted I_3 -> session: session-12345, chunk: 235
gateway-1   | [11:38:02.602401] [Gateway] Forwarding I_4 to Consumer: /local/consumer1/upload/vKuGNxZfgp-JoRGwttuppLSSL9C0FnnAaP4VpF_H_jn-wG1N7c2B4QCkYvxl
gateway-1   | [11:38:02.602435] [Gateway] Proxied chunk 231 back to Producer
gateway-1   | [11:38:02.603173] [Gateway] Received I_3: j6wAfmeF-RICrB8...
gateway-1   | [11:38:02.603270] [Gateway] Decrypted I_3 -> session: session-12345, chunk: 236
gateway-1   | [11:38:02.603347] [Gateway] Forwarding I_4 to Consumer: /local/consumer1/upload/j6wAfmeF-RICrB88bqoXINzp3iloBR0tRAm5Iwm9QlEjS9IE7AzSrLlAxOCp
gateway-1   | [11:38:02.603700] [Gateway] Proxied chunk 232 back to Producer
gateway-1   | [11:38:02.603815] [Gateway] Received I_3: 0EyQmnkk6iGir79...
gateway-1   | [11:38:02.603838] [Gateway] Decrypted I_3 -> session: session-12345, chunk: 237
gateway-1   | [11:38:02.603853] [Gateway] Forwarding I_4 to Consumer: /local/consumer1/upload/0EyQmnkk6iGir79QNXZL6hZBiOcDenR-HpOe5ylGMAMuIrZwV1lMoe8XJHtv
consumer-1  | [11:38:02.590673] [Consumer] Sending Data D_4 for chunk 200
consumer-1  | [11:38:02.590721] [Consumer] Received I_4! Decrypted request for chunk 201
consumer-1  | [11:38:02.590803] [Consumer] Sending Data D_4 for chunk 201
consumer-1  | [11:38:02.590851] [Consumer] Received I_4! Decrypted request for chunk 202
consumer-1  | [11:38:02.590917] [Consumer] Sending Data D_4 for chunk 202
consumer-1  | [11:38:02.590941] [Consumer] Received I_4! Decrypted request for chunk 203
consumer-1  | [11:38:02.590998] [Consumer] Sending Data D_4 for chunk 203
consumer-1  | [11:38:02.591043] [Consumer] Received I_4! Decrypted request for chunk 204
consumer-1  | [11:38:02.591127] [Consumer] Sending Data D_4 for chunk 204
consumer-1  | [11:38:02.591296] [Consumer] Received I_4! Decrypted request for chunk 205
consumer-1  | [11:38:02.591525] [Consumer] Sending Data D_4 for chunk 205
consumer-1  | [11:38:02.592131] [Consumer] Received I_4! Decrypted request for chunk 206
consumer-1  | [11:38:02.592352] [Consumer] Sending Data D_4 for chunk 206
consumer-1  | [11:38:02.593983] [Consumer] Received I_4! Decrypted request for chunk 207
consumer-1  | [11:38:02.594220] [Consumer] Sending Data D_4 for chunk 207
consumer-1  | [11:38:02.594385] [Consumer] Received I_4! Decrypted request for chunk 208
consumer-1  | [11:38:02.594591] [Consumer] Sending Data D_4 for chunk 208
consumer-1  | [11:38:02.594688] [Consumer] Received I_4! Decrypted request for chunk 209
consumer-1  | [11:38:02.594849] [Consumer] Sending Data D_4 for chunk 209
consumer-1  | [11:38:02.594958] [Consumer] Received I_4! Decrypted request for chunk 210
consumer-1  | [11:38:02.595139] [Consumer] Sending Data D_4 for chunk 210
consumer-1  | [11:38:02.595194] [Consumer] Received I_4! Decrypted request for chunk 211
consumer-1  | [11:38:02.595268] [Consumer] Sending Data D_4 for chunk 211
consumer-1  | [11:38:02.595289] [Consumer] Received I_4! Decrypted request for chunk 212
consumer-1  | [11:38:02.595371] [Consumer] Sending Data D_4 for chunk 212
consumer-1  | [11:38:02.595411] [Consumer] Received I_4! Decrypted request for chunk 213
consumer-1  | [11:38:02.595477] [Consumer] Sending Data D_4 for chunk 213
consumer-1  | [11:38:02.595496] [Consumer] Received I_4! Decrypted request for chunk 214
consumer-1  | [11:38:02.595551] [Consumer] Sending Data D_4 for chunk 214
consumer-1  | [11:38:02.595589] [Consumer] Received I_4! Decrypted request for chunk 215
consumer-1  | [11:38:02.595654] [Consumer] Sending Data D_4 for chunk 215
consumer-1  | [11:38:02.596154] [Consumer] Received I_4! Decrypted request for chunk 216
consumer-1  | [11:38:02.596439] [Consumer] Sending Data D_4 for chunk 216
consumer-1  | [11:38:02.596556] [Consumer] Received I_4! Decrypted request for chunk 217
consumer-1  | [11:38:02.596724] [Consumer] Sending Data D_4 for chunk 217
consumer-1  | [11:38:02.596900] [Consumer] Received I_4! Decrypted request for chunk 218
consumer-1  | [11:38:02.597181] [Consumer] Sending Data D_4 for chunk 218
consumer-1  | [11:38:02.597295] [Consumer] Received I_4! Decrypted request for chunk 219
consumer-1  | [11:38:02.597537] [Consumer] Sending Data D_4 for chunk 219
consumer-1  | [11:38:02.597607] [Consumer] Received I_4! Decrypted request for chunk 220
consumer-1  | [11:38:02.597699] [Consumer] Sending Data D_4 for chunk 220
consumer-1  | [11:38:02.597804] [Consumer] Received I_4! Decrypted request for chunk 221
consumer-1  | [11:38:02.598108] [Consumer] Sending Data D_4 for chunk 221
consumer-1  | [11:38:02.598168] [Consumer] Received I_4! Decrypted request for chunk 222
consumer-1  | [11:38:02.598248] [Consumer] Sending Data D_4 for chunk 222
consumer-1  | [11:38:02.598290] [Consumer] Received I_4! Decrypted request for chunk 223
consumer-1  | [11:38:02.598357] [Consumer] Sending Data D_4 for chunk 223
consumer-1  | [11:38:02.598376] [Consumer] Received I_4! Decrypted request for chunk 224
consumer-1  | [11:38:02.598456] [Consumer] Sending Data D_4 for chunk 224
consumer-1  | [11:38:02.598479] [Consumer] Received I_4! Decrypted request for chunk 225
consumer-1  | [11:38:02.598535] [Consumer] Sending Data D_4 for chunk 225
consumer-1  | [11:38:02.598574] [Consumer] Received I_4! Decrypted request for chunk 226
consumer-1  | [11:38:02.598636] [Consumer] Sending Data D_4 for chunk 226
consumer-1  | [11:38:02.598762] [Consumer] Received I_4! Decrypted request for chunk 227
consumer-1  | [11:38:02.598888] [Consumer] Sending Data D_4 for chunk 227
consumer-1  | [11:38:02.598934] [Consumer] Received I_4! Decrypted request for chunk 228
consumer-1  | [11:38:02.599007] [Consumer] Sending Data D_4 for chunk 228
consumer-1  | [11:38:02.599152] [Consumer] Received I_4! Decrypted request for chunk 229
consumer-1  | [11:38:02.599256] [Consumer] Sending Data D_4 for chunk 229
consumer-1  | [11:38:02.599321] [Consumer] Received I_4! Decrypted request for chunk 230
consumer-1  | [11:38:02.599446] [Consumer] Sending Data D_4 for chunk 230
consumer-1  | [11:38:02.601548] [Consumer] Received I_4! Decrypted request for chunk 231
consumer-1  | [11:38:02.601798] [Consumer] Sending Data D_4 for chunk 231
consumer-1  | [11:38:02.603055] [Consumer] Received I_4! Decrypted request for chunk 232
consumer-1  | [11:38:02.603197] [Consumer] Sending Data D_4 for chunk 232
consumer-1  | [11:38:02.603303] [Consumer] Received I_4! Decrypted request for chunk 233
consumer-1  | [11:38:02.603725] [Consumer] Sending Data D_4 for chunk 233
consumer-1  | [11:38:02.603844] [Consumer] Received I_4! Decrypted request for chunk 234
consumer-1  | [11:38:02.603975] [Consumer] Sending Data D_4 for chunk 234
consumer-1  | [11:38:02.604007] [Consumer] Received I_4! Decrypted request for chunk 235
consumer-1  | [11:38:02.604073] [Consumer] Sending Data D_4 for chunk 235
consumer-1  | [11:38:02.604143] [Consumer] Received I_4! Decrypted request for chunk 236
consumer-1  | [11:38:02.604213] [Consumer] Sending Data D_4 for chunk 236
consumer-1  | [11:38:02.604232] [Consumer] Received I_4! Decrypted request for chunk 237
consumer-1  | [11:38:02.604287] [Consumer] Sending Data D_4 for chunk 237
consumer-1  | [11:38:02.606446] [Consumer] Received I_4! Decrypted request for chunk 238
consumer-1  | [11:38:02.606751] [Consumer] Sending Data D_4 for chunk 238
gateway-1   | [11:38:02.604581] [Gateway] Proxied chunk 233 back to Producer
gateway-1   | [11:38:02.604804] [Gateway] Proxied chunk 234 back to Producer
gateway-1   | [11:38:02.605047] [Gateway] Proxied chunk 235 back to Producer
gateway-1   | [11:38:02.605173] [Gateway] Proxied chunk 236 back to Producer
gateway-1   | [11:38:02.605234] [Gateway] Proxied chunk 237 back to Producer
gateway-1   | [11:38:02.605311] [Gateway] Received I_3: exvhcc7ZOz2r1-A...
gateway-1   | [11:38:02.605346] [Gateway] Decrypted I_3 -> session: session-12345, chunk: 238
gateway-1   | [11:38:02.605359] [Gateway] Forwarding I_4 to Consumer: /local/consumer1/upload/exvhcc7ZOz2r1-AQcU_0JpvVy3eXGphqh-O6jJ0fVWL-iTXcNO_gVYaURsKc
gateway-1   | [11:38:02.605374] [Gateway] Received I_3: w14tiaXmTlJJMNN...
gateway-1   | [11:38:02.605382] [Gateway] Decrypted I_3 -> session: session-12345, chunk: 239
gateway-1   | [11:38:02.605390] [Gateway] Forwarding I_4 to Consumer: /local/consumer1/upload/w14tiaXmTlJJMNNf4NKHsUJZ4wpnOqVByFO2hudkjJJXaaTVqMUL8xvzph-R
gateway-1   | [11:38:02.605400] [Gateway] Received I_3: 7JUOwCdv9-JLKeq...
gateway-1   | [11:38:02.605411] [Gateway] Decrypted I_3 -> session: session-12345, chunk: 240
gateway-1   | [11:38:02.605418] [Gateway] Forwarding I_4 to Consumer: /local/consumer1/upload/7JUOwCdv9-JLKeqOZvBBsy8WCBeZCWGXAlSsKZJ1dmHNOQToHl91Dp-mV-k8
gateway-1   | [11:38:02.605478] [Gateway] Received I_3: 2OVuF8737--8736...
gateway-1   | [11:38:02.605504] [Gateway] Decrypted I_3 -> session: session-12345, chunk: 241
gateway-1   | [11:38:02.605515] [Gateway] Forwarding I_4 to Consumer: /local/consumer1/upload/2OVuF8737--8736nhkKqykM-upY8xUJSY0ggKKe2yL-hBebRs5FeNsjCxGGm
gateway-1   | [11:38:02.605527] [Gateway] Received I_3: irgpGcVQrNWQ1i2...
gateway-1   | [11:38:02.605534] [Gateway] Decrypted I_3 -> session: session-12345, chunk: 242
consumer-1  | [11:38:02.606823] [Consumer] Received I_4! Decrypted request for chunk 239
consumer-1  | [11:38:02.607010] [Consumer] Sending Data D_4 for chunk 239
consumer-1  | [11:38:02.607109] [Consumer] Received I_4! Decrypted request for chunk 240
consumer-1  | [11:38:02.607308] [Consumer] Sending Data D_4 for chunk 240
consumer-1  | [11:38:02.607361] [Consumer] Received I_4! Decrypted request for chunk 241
consumer-1  | [11:38:02.607457] [Consumer] Sending Data D_4 for chunk 241
consumer-1  | [11:38:02.607481] [Consumer] Received I_4! Decrypted request for chunk 242
consumer-1  | [11:38:02.607547] [Consumer] Sending Data D_4 for chunk 242
consumer-1  | [11:38:02.607564] [Consumer] Received I_4! Decrypted request for chunk 243
consumer-1  | [11:38:02.607619] [Consumer] Sending Data D_4 for chunk 243
consumer-1  | [11:38:02.607635] [Consumer] Received I_4! Decrypted request for chunk 244
consumer-1  | [11:38:02.607688] [Consumer] Sending Data D_4 for chunk 244
consumer-1  | [11:38:02.607705] [Consumer] Received I_4! Decrypted request for chunk 245
consumer-1  | [11:38:02.607758] [Consumer] Sending Data D_4 for chunk 245
consumer-1  | [11:38:02.607774] [Consumer] Received I_4! Decrypted request for chunk 246
consumer-1  | [11:38:02.607826] [Consumer] Sending Data D_4 for chunk 246
consumer-1  | [11:38:02.607842] [Consumer] Received I_4! Decrypted request for chunk 247
consumer-1  | [11:38:02.607895] [Consumer] Sending Data D_4 for chunk 247
consumer-1  | [11:38:02.607911] [Consumer] Received I_4! Decrypted request for chunk 248
consumer-1  | [11:38:02.607963] [Consumer] Sending Data D_4 for chunk 248
consumer-1  | [11:38:02.607979] [Consumer] Received I_4! Decrypted request for chunk 249
consumer-1  | [11:38:02.608030] [Consumer] Sending Data D_4 for chunk 249
consumer-1  | [11:38:02.608046] [Consumer] Received I_4! Decrypted request for chunk 250
consumer-1  | [11:38:02.608096] [Consumer] Sending Data D_4 for chunk 250
consumer-1  | [11:38:02.608111] [Consumer] Received I_4! Decrypted request for chunk 251
consumer-1  | [11:38:02.608163] [Consumer] Sending Data D_4 for chunk 251
consumer-1  | [11:38:02.608178] [Consumer] Received I_4! Decrypted request for chunk 252
consumer-1  | [11:38:02.608229] [Consumer] Sending Data D_4 for chunk 252
consumer-1  | [11:38:02.608244] [Consumer] Received I_4! Decrypted request for chunk 253
consumer-1  | [11:38:02.608297] [Consumer] Sending Data D_4 for chunk 253
consumer-1  | [11:38:02.608312] [Consumer] Received I_4! Decrypted request for chunk 254
gateway-1   | [11:38:02.605542] [Gateway] Forwarding I_4 to Consumer: /local/consumer1/upload/irgpGcVQrNWQ1i2dF01iWTt6U8rb_SLtdG59QXzu788X1Au4Z7YW5WTfxMak
gateway-1   | [11:38:02.605551] [Gateway] Received I_3: P74hC3quYPIrNqP...
gateway-1   | [11:38:02.605575] [Gateway] Decrypted I_3 -> session: session-12345, chunk: 243
gateway-1   | [11:38:02.605587] [Gateway] Forwarding I_4 to Consumer: /local/consumer1/upload/P74hC3quYPIrNqPevKIKIRGJzpHPTXvVbgbe7rLynu-X6wKKWlHRDRh5WCcD
gateway-1   | [11:38:02.605612] [Gateway] Received I_3: S-Mh2OZln7k1FgX...
gateway-1   | [11:38:02.605624] [Gateway] Decrypted I_3 -> session: session-12345, chunk: 244
gateway-1   | [11:38:02.605648] [Gateway] Forwarding I_4 to Consumer: /local/consumer1/upload/S-Mh2OZln7k1FgXW0XSJsFWUDqmMnDUzOUud05tfiqFK73zh32KywIW1RbKG
gateway-1   | [11:38:02.605661] [Gateway] Received I_3: KsVAXKNL1coo05_...
gateway-1   | [11:38:02.605672] [Gateway] Decrypted I_3 -> session: session-12345, chunk: 245
gateway-1   | [11:38:02.605679] [Gateway] Forwarding I_4 to Consumer: /local/consumer1/upload/KsVAXKNL1coo05_NlafVZ3YuzYXeRWUEMH0-bpP200ybPzQLdO3dg-EolvL6
gateway-1   | [11:38:02.605689] [Gateway] Received I_3: riTiE9xBqQJnYTu...
gateway-1   | [11:38:02.605700] [Gateway] Decrypted I_3 -> session: session-12345, chunk: 246
gateway-1   | [11:38:02.605708] [Gateway] Forwarding I_4 to Consumer: /local/consumer1/upload/riTiE9xBqQJnYTuANlRuKSEHGghsj1XHbyzpOw9gnhbSywck9kYSMJWBdt9b
gateway-1   | [11:38:02.605718] [Gateway] Received I_3: CP8G-4BriuPO6zy...
gateway-1   | [11:38:02.605725] [Gateway] Decrypted I_3 -> session: session-12345, chunk: 247
gateway-1   | [11:38:02.605732] [Gateway] Forwarding I_4 to Consumer: /local/consumer1/upload/CP8G-4BriuPO6zyKPE1pHXZCO1DkV02uPsJBcsl-qmX07wI6B_UeUpi1C6dg
gateway-1   | [11:38:02.605741] [Gateway] Received I_3: 4FHuEC823vaRXkO...
gateway-1   | [11:38:02.605752] [Gateway] Decrypted I_3 -> session: session-12345, chunk: 248
gateway-1   | [11:38:02.605761] [Gateway] Forwarding I_4 to Consumer: /local/consumer1/upload/4FHuEC823vaRXkOeIABZrNAqXir9ubWChJa6tbxE63pTPMx2HYkrV2TeRxOD
gateway-1   | [11:38:02.605788] [Gateway] Received I_3: GoKMqOkGHsaWPxH...
gateway-1   | [11:38:02.605801] [Gateway] Decrypted I_3 -> session: session-12345, chunk: 249
gateway-1   | [11:38:02.605812] [Gateway] Forwarding I_4 to Consumer: /local/consumer1/upload/GoKMqOkGHsaWPxHzWbW69PAAAJb5-8BogM6m36o_VfWzOOOWGzGj80FEO1iM
gateway-1   | [11:38:02.605823] [Gateway] Received I_3: l6BvvM8jed9jrlx...
gateway-1   | [11:38:02.605832] [Gateway] Decrypted I_3 -> session: session-12345, chunk: 250
gateway-1   | [11:38:02.605840] [Gateway] Forwarding I_4 to Consumer: /local/consumer1/upload/l6BvvM8jed9jrlxGdHZPVXSu7ogigt-lkzLcLHxBpxHjlM0jZRYMgHEMEhKH
gateway-1   | [11:38:02.605867] [Gateway] Received I_3: eMNU6K1yvido3_2...
gateway-1   | [11:38:02.605879] [Gateway] Decrypted I_3 -> session: session-12345, chunk: 251
gateway-1   | [11:38:02.605891] [Gateway] Forwarding I_4 to Consumer: /local/consumer1/upload/eMNU6K1yvido3_2tOuGjHNbRAcH0oh1KfgQHuLdr3z5T-dTrxC0JeTUbmOMY
gateway-1   | [11:38:02.605903] [Gateway] Received I_3: rlGtUS66XUbJzoI...
gateway-1   | [11:38:02.605925] [Gateway] Decrypted I_3 -> session: session-12345, chunk: 252
gateway-1   | [11:38:02.605938] [Gateway] Forwarding I_4 to Consumer: /local/consumer1/upload/rlGtUS66XUbJzoIpbC16zCJRASzg15mz0v-FT6gHS77i2hEulW6hKHWiFgt7
gateway-1   | [11:38:02.606004] [Gateway] Received I_3: I-JCWdQrAyvQaRC...
gateway-1   | [11:38:02.606029] [Gateway] Decrypted I_3 -> session: session-12345, chunk: 253
gateway-1   | [11:38:02.606042] [Gateway] Forwarding I_4 to Consumer: /local/consumer1/upload/I-JCWdQrAyvQaRCJxSV99foRT2djrA-e-Ye2Ie_crX7XheNGd0UXfUo1cuby
gateway-1   | [11:38:02.606651] [Gateway] Received I_3: C8V0TtFPXGzblGJ...
gateway-1   | [11:38:02.606700] [Gateway] Decrypted I_3 -> session: session-12345, chunk: 254
gateway-1   | [11:38:02.606719] [Gateway] Forwarding I_4 to Consumer: /local/consumer1/upload/C8V0TtFPXGzblGJTrTP3DAR36mBDSxUG0gFmeb34XLyuZHZT1PlEbQGBHWtq
gateway-1   | [11:38:02.606843] [Gateway] Received I_3: OfITAtzr0Kf699Y...
gateway-1   | [11:38:02.606862] [Gateway] Decrypted I_3 -> session: session-12345, chunk: 255
gateway-1   | [11:38:02.606877] [Gateway] Forwarding I_4 to Consumer: /local/consumer1/upload/OfITAtzr0Kf699YDPWrvCH-LhudjjKfGWxcGj_lkoTo6RmJPe7_l8M-nvoG5
gateway-1   | [11:38:02.607035] [Gateway] Received I_3: 8ioaVBFPJYLLEFA...
gateway-1   | [11:38:02.607065] [Gateway] Decrypted I_3 -> session: session-12345, chunk: 256
gateway-1   | [11:38:02.607080] [Gateway] Forwarding I_4 to Consumer: /local/consumer1/upload/8ioaVBFPJYLLEFAa7pYLaHhMV_MNuNGhTNgBO0W6H0u1O62aDwywCD-52j39
gateway-1   | [11:38:02.607389] [Gateway] Proxied chunk 238 back to Producer
gateway-1   | [11:38:02.607552] [Gateway] Received I_3: 9LdM_TjDLaKjN--...
consumer-1  | [11:38:02.608363] [Consumer] Sending Data D_4 for chunk 254
consumer-1  | [11:38:02.608469] [Consumer] Received I_4! Decrypted request for chunk 255
consumer-1  | [11:38:02.608559] [Consumer] Sending Data D_4 for chunk 255
consumer-1  | [11:38:02.608583] [Consumer] Received I_4! Decrypted request for chunk 256
consumer-1  | [11:38:02.608664] [Consumer] Sending Data D_4 for chunk 256
consumer-1  | [11:38:02.608705] [Consumer] Received I_4! Decrypted request for chunk 257
consumer-1  | [11:38:02.608768] [Consumer] Sending Data D_4 for chunk 257
consumer-1  | [11:38:02.608823] [Consumer] Received I_4! Decrypted request for chunk 258
consumer-1  | [11:38:02.608888] [Consumer] Sending Data D_4 for chunk 258
consumer-1  | [11:38:02.611812] [Consumer] Received I_4! Decrypted request for chunk 259
consumer-1  | [11:38:02.611957] [Consumer] Sending Data D_4 for chunk 259
consumer-1  | [11:38:02.612711] [Consumer] Received I_4! Decrypted request for chunk 260
consumer-1  | [11:38:02.613174] [Consumer] Sending Data D_4 for chunk 260
consumer-1  | [11:38:02.613230] [Consumer] Received I_4! Decrypted request for chunk 261
consumer-1  | [11:38:02.613330] [Consumer] Sending Data D_4 for chunk 261
gateway-1   | [11:38:02.607588] [Gateway] Decrypted I_3 -> session: session-12345, chunk: 257
gateway-1   | [11:38:02.607603] [Gateway] Forwarding I_4 to Consumer: /local/consumer1/upload/9LdM_TjDLaKjN--dUZ7cU33cLUVZvsOSkr5qqHyv9cwE5BFgTkKbou48iLcg
gateway-1   | [11:38:02.608343] [Gateway] Received I_3: T8ODgeq0dcVSohs...
gateway-1   | [11:38:02.608384] [Gateway] Decrypted I_3 -> session: session-12345, chunk: 258
gateway-1   | [11:38:02.608401] [Gateway] Forwarding I_4 to Consumer: /local/consumer1/upload/T8ODgeq0dcVSohsrQQd18cFXakpo7OABzwWRlZ5aDYQmovZRJjlRSP-Uzvte
gateway-1   | [11:38:02.608639] [Gateway] Proxied chunk 239 back to Producer
gateway-1   | [11:38:02.609072] [Gateway] Proxied chunk 240 back to Producer
gateway-1   | [11:38:02.609275] [Gateway] Proxied chunk 241 back to Producer
gateway-1   | [11:38:02.609376] [Gateway] Proxied chunk 242 back to Producer
gateway-1   | [11:38:02.609474] [Gateway] Proxied chunk 243 back to Producer
gateway-1   | [11:38:02.609685] [Gateway] Proxied chunk 244 back to Producer
gateway-1   | [11:38:02.609794] [Gateway] Proxied chunk 245 back to Producer
gateway-1   | [11:38:02.610057] [Gateway] Received I_3: SqdeIC7rTEWKIsl...
gateway-1   | [11:38:02.610150] [Gateway] Decrypted I_3 -> session: session-12345, chunk: 259
gateway-1   | [11:38:02.610248] [Gateway] Forwarding I_4 to Consumer: /local/consumer1/upload/SqdeIC7rTEWKIslSArBiNj8thll0tHSfD_ZGH8d83aFeXRESscqDU1_glfSv
gateway-1   | [11:38:02.610391] [Gateway] Proxied chunk 246 back to Producer
gateway-1   | [11:38:02.610520] [Gateway] Proxied chunk 247 back to Producer
gateway-1   | [11:38:02.610601] [Gateway] Proxied chunk 248 back to Producer
gateway-1   | [11:38:02.610736] [Gateway] Proxied chunk 249 back to Producer
gateway-1   | [11:38:02.610942] [Gateway] Proxied chunk 250 back to Producer
gateway-1   | [11:38:02.611084] [Gateway] Proxied chunk 251 back to Producer
gateway-1   | [11:38:02.611182] [Gateway] Proxied chunk 252 back to Producer
gateway-1   | [11:38:02.611256] [Gateway] Proxied chunk 253 back to Producer
gateway-1   | [11:38:02.611327] [Gateway] Proxied chunk 254 back to Producer
gateway-1   | [11:38:02.611395] [Gateway] Proxied chunk 255 back to Producer
consumer-1  | [11:38:02.613449] [Consumer] Received I_4! Decrypted request for chunk 262
consumer-1  | [11:38:02.613819] [Consumer] Sending Data D_4 for chunk 262
consumer-1  | [11:38:02.613897] [Consumer] Received I_4! Decrypted request for chunk 263
consumer-1  | [11:38:02.614028] [Consumer] Sending Data D_4 for chunk 263
consumer-1  | [11:38:02.614084] [Consumer] Received I_4! Decrypted request for chunk 264
consumer-1  | [11:38:02.614160] [Consumer] Sending Data D_4 for chunk 264
consumer-1  | [11:38:02.614239] [Consumer] Received I_4! Decrypted request for chunk 265
consumer-1  | [11:38:02.614385] [Consumer] Sending Data D_4 for chunk 265
consumer-1  | [11:38:02.614436] [Consumer] Received I_4! Decrypted request for chunk 266
consumer-1  | [11:38:02.614507] [Consumer] Sending Data D_4 for chunk 266
consumer-1  | [11:38:02.614527] [Consumer] Received I_4! Decrypted request for chunk 267
consumer-1  | [11:38:02.614590] [Consumer] Sending Data D_4 for chunk 267
consumer-1  | [11:38:02.614633] [Consumer] Received I_4! Decrypted request for chunk 268
consumer-1  | [11:38:02.614722] [Consumer] Sending Data D_4 for chunk 268
consumer-1  | [11:38:02.614757] [Consumer] Received I_4! Decrypted request for chunk 269
consumer-1  | [11:38:02.614842] [Consumer] Sending Data D_4 for chunk 269
consumer-1  | [11:38:02.615004] [Consumer] Received I_4! Decrypted request for chunk 270
consumer-1  | [11:38:02.615182] [Consumer] Sending Data D_4 for chunk 270
consumer-1  | [11:38:02.615701] [Consumer] Received I_4! Decrypted request for chunk 271
consumer-1  | [11:38:02.615897] [Consumer] Sending Data D_4 for chunk 271
gateway-1   | [11:38:02.611463] [Gateway] Proxied chunk 256 back to Producer
gateway-1   | [11:38:02.611512] [Gateway] Proxied chunk 257 back to Producer
gateway-1   | [11:38:02.611641] [Gateway] Proxied chunk 258 back to Producer
gateway-1   | [11:38:02.611721] [Gateway] Received I_3: jnEsNWrfWbXLEFG...
gateway-1   | [11:38:02.611756] [Gateway] Decrypted I_3 -> session: session-12345, chunk: 260
gateway-1   | [11:38:02.611770] [Gateway] Forwarding I_4 to Consumer: /local/consumer1/upload/jnEsNWrfWbXLEFGcRj91L67OVi3Y8LZJVKPnMJ-OEAs3WNBOiDVZel2aggg0
consumer-1  | [11:38:02.616046] [Consumer] Received I_4! Decrypted request for chunk 272
consumer-1  | [11:38:02.616340] [Consumer] Sending Data D_4 for chunk 272
consumer-1  | [11:38:02.617892] [Consumer] Received I_4! Decrypted request for chunk 273
consumer-1  | [11:38:02.618213] [Consumer] Sending Data D_4 for chunk 273
consumer-1  | [11:38:02.618383] [Consumer] Received I_4! Decrypted request for chunk 274
consumer-1  | [11:38:02.618508] [Consumer] Sending Data D_4 for chunk 274
consumer-1  | [11:38:02.618565] [Consumer] Received I_4! Decrypted request for chunk 275
consumer-1  | [11:38:02.618642] [Consumer] Sending Data D_4 for chunk 275
consumer-1  | [11:38:02.618661] [Consumer] Received I_4! Decrypted request for chunk 276
consumer-1  | [11:38:02.618720] [Consumer] Sending Data D_4 for chunk 276
consumer-1  | [11:38:02.619129] [Consumer] Received I_4! Decrypted request for chunk 277
consumer-1  | [11:38:02.619274] [Consumer] Sending Data D_4 for chunk 277
consumer-1  | [11:38:02.619332] [Consumer] Received I_4! Decrypted request for chunk 278
consumer-1  | [11:38:02.619432] [Consumer] Sending Data D_4 for chunk 278
consumer-1  | [11:38:02.619476] [Consumer] Received I_4! Decrypted request for chunk 279
consumer-1  | [11:38:02.619549] [Consumer] Sending Data D_4 for chunk 279
consumer-1  | [11:38:02.619721] [Consumer] Received I_4! Decrypted request for chunk 280
consumer-1  | [11:38:02.619838] [Consumer] Sending Data D_4 for chunk 280
consumer-1  | [11:38:02.620312] [Consumer] Received I_4! Decrypted request for chunk 281
consumer-1  | [11:38:02.620517] [Consumer] Sending Data D_4 for chunk 281
consumer-1  | [11:38:02.620601] [Consumer] Received I_4! Decrypted request for chunk 282
consumer-1  | [11:38:02.620709] [Consumer] Sending Data D_4 for chunk 282
consumer-1  | [11:38:02.620754] [Consumer] Received I_4! Decrypted request for chunk 283
consumer-1  | [11:38:02.620824] [Consumer] Sending Data D_4 for chunk 283
consumer-1  | [11:38:02.620843] [Consumer] Received I_4! Decrypted request for chunk 284
consumer-1  | [11:38:02.620924] [Consumer] Sending Data D_4 for chunk 284
consumer-1  | [11:38:02.621000] [Consumer] Received I_4! Decrypted request for chunk 285
consumer-1  | [11:38:02.621086] [Consumer] Sending Data D_4 for chunk 285
consumer-1  | [11:38:02.621126] [Consumer] Received I_4! Decrypted request for chunk 286
consumer-1  | [11:38:02.621205] [Consumer] Sending Data D_4 for chunk 286
gateway-1   | [11:38:02.611786] [Gateway] Received I_3: cAJ7K9TW86ToZeZ...
gateway-1   | [11:38:02.611794] [Gateway] Decrypted I_3 -> session: session-12345, chunk: 261
gateway-1   | [11:38:02.611802] [Gateway] Forwarding I_4 to Consumer: /local/consumer1/upload/cAJ7K9TW86ToZeZzBD3HNUhlOzgH8mv0LOOyt4EJ8b_K_auRyQctOOa5NImr
gateway-1   | [11:38:02.611810] [Gateway] Received I_3: gtcib1-Bh9Zn6ti...
gateway-1   | [11:38:02.611817] [Gateway] Decrypted I_3 -> session: session-12345, chunk: 262
gateway-1   | [11:38:02.611824] [Gateway] Forwarding I_4 to Consumer: /local/consumer1/upload/gtcib1-Bh9Zn6tiyD7lCRkPXV1ZuvKFkp1KLRsN6IXXpWE643JXPMvQaFHyb
gateway-1   | [11:38:02.611833] [Gateway] Received I_3: _Gd5fHx_3cy-3XZ...
gateway-1   | [11:38:02.611841] [Gateway] Decrypted I_3 -> session: session-12345, chunk: 263
gateway-1   | [11:38:02.611851] [Gateway] Forwarding I_4 to Consumer: /local/consumer1/upload/_Gd5fHx_3cy-3XZibDDv9neTczg7z0ExdDOGw7ISesIR5fnHC2iGpSHC6T5q
gateway-1   | [11:38:02.611860] [Gateway] Received I_3: HQzyDFTNx-846wk...
gateway-1   | [11:38:02.611884] [Gateway] Decrypted I_3 -> session: session-12345, chunk: 264
gateway-1   | [11:38:02.611896] [Gateway] Forwarding I_4 to Consumer: /local/consumer1/upload/HQzyDFTNx-846wkXCkjJjj3yVQLTMar8XdqhD3ujRMG97x5lbVphyBTbmAwo
gateway-1   | [11:38:02.611908] [Gateway] Received I_3: rWZeFO-O9Ip99SF...
gateway-1   | [11:38:02.611916] [Gateway] Decrypted I_3 -> session: session-12345, chunk: 265
gateway-1   | [11:38:02.611924] [Gateway] Forwarding I_4 to Consumer: /local/consumer1/upload/rWZeFO-O9Ip99SF68hCTQRrWi1dBEs0il8kkFpUn2vZDw5Xk7ftabR-75y2c
gateway-1   | [11:38:02.612758] [Gateway] Proxied chunk 259 back to Producer
gateway-1   | [11:38:02.612986] [Gateway] Received I_3: wY4lyA-bT6KUSQw...
gateway-1   | [11:38:02.613025] [Gateway] Decrypted I_3 -> session: session-12345, chunk: 266
gateway-1   | [11:38:02.613040] [Gateway] Forwarding I_4 to Consumer: /local/consumer1/upload/wY4lyA-bT6KUSQwa6yjcnSJzX3KSG4THRc26cPp5_EWovunBkt30EmF9jf4H
gateway-1   | [11:38:02.613335] [Gateway] Received I_3: 6MF-G1Ci5hLxy8m...
gateway-1   | [11:38:02.613435] [Gateway] Decrypted I_3 -> session: session-12345, chunk: 267
gateway-1   | [11:38:02.613513] [Gateway] Forwarding I_4 to Consumer: /local/consumer1/upload/6MF-G1Ci5hLxy8mMmckxHCryqfG3-YJsa67OtPDD_on715wVKrF_659meJ8t
gateway-1   | [11:38:02.614011] [Gateway] Received I_3: 21XXMNnYN3BIh9u...
gateway-1   | [11:38:02.614069] [Gateway] Decrypted I_3 -> session: session-12345, chunk: 268
gateway-1   | [11:38:02.614088] [Gateway] Forwarding I_4 to Consumer: /local/consumer1/upload/21XXMNnYN3BIh9uLt8aMwug8llfODLUMIqkoRe8OT34rlTAYCBniHcAvKm_S
gateway-1   | [11:38:02.614336] [Gateway] Received I_3: FpBOjc0RKu61Qya...
gateway-1   | [11:38:02.614397] [Gateway] Decrypted I_3 -> session: session-12345, chunk: 269
gateway-1   | [11:38:02.614416] [Gateway] Forwarding I_4 to Consumer: /local/consumer1/upload/FpBOjc0RKu61QyaQarqFTLQGPtyhneV3aNe4v2CjVsuBvJ__WbJ6EhoWXol5
gateway-1   | [11:38:02.614447] [Gateway] Received I_3: BrxnmR4c4-otnfZ...
gateway-1   | [11:38:02.614457] [Gateway] Decrypted I_3 -> session: session-12345, chunk: 270
gateway-1   | [11:38:02.614465] [Gateway] Forwarding I_4 to Consumer: /local/consumer1/upload/BrxnmR4c4-otnfZoufz4V1H7SROKPb8bdjNKSenK8O90AiaQF8J2cZBLSbmi
gateway-1   | [11:38:02.614477] [Gateway] Received I_3: Tae0tLhShCoLkN1...
gateway-1   | [11:38:02.614485] [Gateway] Decrypted I_3 -> session: session-12345, chunk: 271
gateway-1   | [11:38:02.614493] [Gateway] Forwarding I_4 to Consumer: /local/consumer1/upload/Tae0tLhShCoLkN15dLnOyiDppSbUORhz2S2_RiE0kCjD46DDZcq9enHhtIr3
gateway-1   | [11:38:02.614503] [Gateway] Received I_3: 4UnZqpLUHdcmf2D...
gateway-1   | [11:38:02.614517] [Gateway] Decrypted I_3 -> session: session-12345, chunk: 272
gateway-1   | [11:38:02.614527] [Gateway] Forwarding I_4 to Consumer: /local/consumer1/upload/4UnZqpLUHdcmf2DBUog3_o8_AhPX1koRHb8h2gv7336GOo41XwGvyQChqqjY
gateway-1   | [11:38:02.614554] [Gateway] Proxied chunk 260 back to Producer
gateway-1   | [11:38:02.615009] [Gateway] Received I_3: o4_FSo8BikGHSyy...
gateway-1   | [11:38:02.615189] [Gateway] Decrypted I_3 -> session: session-12345, chunk: 273
gateway-1   | [11:38:02.615342] [Gateway] Forwarding I_4 to Consumer: /local/consumer1/upload/o4_FSo8BikGHSyyAQpGw9gSg_3-Rf7rHiYGynb_8NQO8U7UzlLiVeBymXwG6
gateway-1   | [11:38:02.615480] [Gateway] Proxied chunk 261 back to Producer
consumer-1  | [11:38:02.621779] [Consumer] Received I_4! Decrypted request for chunk 287
consumer-1  | [11:38:02.622047] [Consumer] Sending Data D_4 for chunk 287
consumer-1  | [11:38:02.622475] [Consumer] Received I_4! Decrypted request for chunk 288
consumer-1  | [11:38:02.622716] [Consumer] Sending Data D_4 for chunk 288
consumer-1  | [11:38:02.622909] [Consumer] Received I_4! Decrypted request for chunk 289
consumer-1  | [11:38:02.623081] [Consumer] Sending Data D_4 for chunk 289
consumer-1  | [11:38:02.623322] [Consumer] Received I_4! Decrypted request for chunk 290
consumer-1  | [11:38:02.623454] [Consumer] Sending Data D_4 for chunk 290
consumer-1  | [11:38:02.624691] [Consumer] Received I_4! Decrypted request for chunk 291
consumer-1  | [11:38:02.624833] [Consumer] Sending Data D_4 for chunk 291
consumer-1  | [11:38:02.624881] [Consumer] Received I_4! Decrypted request for chunk 292
consumer-1  | [11:38:02.624987] [Consumer] Sending Data D_4 for chunk 292
consumer-1  | [11:38:02.625031] [Consumer] Received I_4! Decrypted request for chunk 293
consumer-1  | [11:38:02.625098] [Consumer] Sending Data D_4 for chunk 293
consumer-1  | [11:38:02.625116] [Consumer] Received I_4! Decrypted request for chunk 294
consumer-1  | [11:38:02.625196] [Consumer] Sending Data D_4 for chunk 294
consumer-1  | [11:38:02.625221] [Consumer] Received I_4! Decrypted request for chunk 295
consumer-1  | [11:38:02.625279] [Consumer] Sending Data D_4 for chunk 295
consumer-1  | [11:38:02.625340] [Consumer] Received I_4! Decrypted request for chunk 296
consumer-1  | [11:38:02.625429] [Consumer] Sending Data D_4 for chunk 296
consumer-1  | [11:38:02.625471] [Consumer] Received I_4! Decrypted request for chunk 297
consumer-1  | [11:38:02.625553] [Consumer] Sending Data D_4 for chunk 297
consumer-1  | [11:38:02.625826] [Consumer] Received I_4! Decrypted request for chunk 298
consumer-1  | [11:38:02.625951] [Consumer] Sending Data D_4 for chunk 298
consumer-1  | [11:38:02.626755] [Consumer] Received I_4! Decrypted request for chunk 299
consumer-1  | [11:38:02.626898] [Consumer] Sending Data D_4 for chunk 299
consumer-1  | [11:38:02.627550] [Consumer] Received I_4! Decrypted request for chunk 300
consumer-1  | [11:38:02.627683] [Consumer] Sending Data D_4 for chunk 300
consumer-1  | [11:38:02.627756] [Consumer] Received I_4! Decrypted request for chunk 301
consumer-1  | [11:38:02.627848] [Consumer] Sending Data D_4 for chunk 301
consumer-1  | [11:38:02.628167] [Consumer] Received I_4! Decrypted request for chunk 302
consumer-1  | [11:38:02.628302] [Consumer] Sending Data D_4 for chunk 302
consumer-1  | [11:38:02.628369] [Consumer] Received I_4! Decrypted request for chunk 303
consumer-1  | [11:38:02.628449] [Consumer] Sending Data D_4 for chunk 303
consumer-1  | [11:38:02.628470] [Consumer] Received I_4! Decrypted request for chunk 304
consumer-1  | [11:38:02.628529] [Consumer] Sending Data D_4 for chunk 304
consumer-1  | [11:38:02.628574] [Consumer] Received I_4! Decrypted request for chunk 305
consumer-1  | [11:38:02.628641] [Consumer] Sending Data D_4 for chunk 305
consumer-1  | [11:38:02.628760] [Consumer] Received I_4! Decrypted request for chunk 306
consumer-1  | [11:38:02.628909] [Consumer] Sending Data D_4 for chunk 306
consumer-1  | [11:38:02.628967] [Consumer] Received I_4! Decrypted request for chunk 307
consumer-1  | [11:38:02.629064] [Consumer] Sending Data D_4 for chunk 307
consumer-1  | [11:38:02.629093] [Consumer] Received I_4! Decrypted request for chunk 308
consumer-1  | [11:38:02.629281] [Consumer] Sending Data D_4 for chunk 308
consumer-1  | [11:38:02.629458] [Consumer] Received I_4! Decrypted request for chunk 309
consumer-1  | [11:38:02.629769] [Consumer] Sending Data D_4 for chunk 309
consumer-1  | [11:38:02.629835] [Consumer] Received I_4! Decrypted request for chunk 310
consumer-1  | [11:38:02.630243] [Consumer] Sending Data D_4 for chunk 310
consumer-1  | [11:38:02.630313] [Consumer] Received I_4! Decrypted request for chunk 311
consumer-1  | [11:38:02.630410] [Consumer] Sending Data D_4 for chunk 311
consumer-1  | [11:38:02.630432] [Consumer] Received I_4! Decrypted request for chunk 312
consumer-1  | [11:38:02.630523] [Consumer] Sending Data D_4 for chunk 312
consumer-1  | [11:38:02.630614] [Consumer] Received I_4! Decrypted request for chunk 313
consumer-1  | [11:38:02.630689] [Consumer] Sending Data D_4 for chunk 313
consumer-1  | [11:38:02.630732] [Consumer] Received I_4! Decrypted request for chunk 314
consumer-1  | [11:38:02.630801] [Consumer] Sending Data D_4 for chunk 314
consumer-1  | [11:38:02.630845] [Consumer] Received I_4! Decrypted request for chunk 315
consumer-1  | [11:38:02.630928] [Consumer] Sending Data D_4 for chunk 315
consumer-1  | [11:38:02.630967] [Consumer] Received I_4! Decrypted request for chunk 316
consumer-1  | [11:38:02.631051] [Consumer] Sending Data D_4 for chunk 316
consumer-1  | [11:38:02.631651] [Consumer] Received I_4! Decrypted request for chunk 317
consumer-1  | [11:38:02.631873] [Consumer] Sending Data D_4 for chunk 317
consumer-1  | [11:38:02.631941] [Consumer] Received I_4! Decrypted request for chunk 318
consumer-1  | [11:38:02.632026] [Consumer] Sending Data D_4 for chunk 318
consumer-1  | [11:38:02.632976] [Consumer] Received I_4! Decrypted request for chunk 319
consumer-1  | [11:38:02.633322] [Consumer] Sending Data D_4 for chunk 319
consumer-1  | [11:38:02.633869] [Consumer] Received I_4! Decrypted request for chunk 320
consumer-1  | [11:38:02.634059] [Consumer] Sending Data D_4 for chunk 320
consumer-1  | [11:38:02.634236] [Consumer] Received I_4! Decrypted request for chunk 321
consumer-1  | [11:38:02.634456] [Consumer] Sending Data D_4 for chunk 321
consumer-1  | [11:38:02.634515] [Consumer] Received I_4! Decrypted request for chunk 322
consumer-1  | [11:38:02.634590] [Consumer] Sending Data D_4 for chunk 322
consumer-1  | [11:38:02.634611] [Consumer] Received I_4! Decrypted request for chunk 323
consumer-1  | [11:38:02.634667] [Consumer] Sending Data D_4 for chunk 323
consumer-1  | [11:38:02.634732] [Consumer] Received I_4! Decrypted request for chunk 324
consumer-1  | [11:38:02.634800] [Consumer] Sending Data D_4 for chunk 324
consumer-1  | [11:38:02.635802] [Consumer] Received I_4! Decrypted request for chunk 325
consumer-1  | [11:38:02.635974] [Consumer] Sending Data D_4 for chunk 325
consumer-1  | [11:38:02.636046] [Consumer] Received I_4! Decrypted request for chunk 326
consumer-1  | [11:38:02.636127] [Consumer] Sending Data D_4 for chunk 326
consumer-1  | [11:38:02.636520] [Consumer] Received I_4! Decrypted request for chunk 327
consumer-1  | [11:38:02.636718] [Consumer] Sending Data D_4 for chunk 327
gateway-1   | [11:38:02.615668] [Gateway] Received I_3: o_lq8ZZldTdOW36...
gateway-1   | [11:38:02.615744] [Gateway] Decrypted I_3 -> session: session-12345, chunk: 274
gateway-1   | [11:38:02.615779] [Gateway] Forwarding I_4 to Consumer: /local/consumer1/upload/o_lq8ZZldTdOW36L4Mb2uq4FLjVj5Z1o_oik8w587Y-wNR5H4vimgg-y7S0g
gateway-1   | [11:38:02.615810] [Gateway] Received I_3: IvhPAPzPnrtHU_9...
gateway-1   | [11:38:02.615834] [Gateway] Decrypted I_3 -> session: session-12345, chunk: 275
gateway-1   | [11:38:02.615853] [Gateway] Forwarding I_4 to Consumer: /local/consumer1/upload/IvhPAPzPnrtHU_9SQsFuQqWA85lJIZ6aBMjz9MaFL2DvkABF5hv5zbwr3tnr
gateway-1   | [11:38:02.615875] [Gateway] Proxied chunk 262 back to Producer
gateway-1   | [11:38:02.616065] [Gateway] Received I_3: m0NbURb3ePl4XK7...
gateway-1   | [11:38:02.616142] [Gateway] Decrypted I_3 -> session: session-12345, chunk: 276
gateway-1   | [11:38:02.616269] [Gateway] Forwarding I_4 to Consumer: /local/consumer1/upload/m0NbURb3ePl4XK7Lsui57p3U2ZWwAs4VgH5HkJxBuGdCJPp_E2Wle7NE-kOg
gateway-1   | [11:38:02.616312] [Gateway] Proxied chunk 263 back to Producer
gateway-1   | [11:38:02.616627] [Gateway] Proxied chunk 264 back to Producer
gateway-1   | [11:38:02.616798] [Gateway] Proxied chunk 265 back to Producer
gateway-1   | [11:38:02.616905] [Gateway] Received I_3: b4xYzIvVy9gaePV...
gateway-1   | [11:38:02.616942] [Gateway] Decrypted I_3 -> session: session-12345, chunk: 277
gateway-1   | [11:38:02.616956] [Gateway] Forwarding I_4 to Consumer: /local/consumer1/upload/b4xYzIvVy9gaePVmtLIcmDGGO7j9UQbUMP4kp53EHL5E9A0b0zJBj7rDCCmf
gateway-1   | [11:38:02.616970] [Gateway] Proxied chunk 266 back to Producer
gateway-1   | [11:38:02.617029] [Gateway] Proxied chunk 267 back to Producer
gateway-1   | [11:38:02.617078] [Gateway] Proxied chunk 268 back to Producer
gateway-1   | [11:38:02.617278] [Gateway] Proxied chunk 269 back to Producer
consumer-1  | [11:38:02.636850] [Consumer] Received I_4! Decrypted request for chunk 328
consumer-1  | [11:38:02.637280] [Consumer] Sending Data D_4 for chunk 328
consumer-1  | [11:38:02.637610] [Consumer] Received I_4! Decrypted request for chunk 329
consumer-1  | [11:38:02.637931] [Consumer] Sending Data D_4 for chunk 329
consumer-1  | [11:38:02.638184] [Consumer] Received I_4! Decrypted request for chunk 330
consumer-1  | [11:38:02.638455] [Consumer] Sending Data D_4 for chunk 330
consumer-1  | [11:38:02.638569] [Consumer] Received I_4! Decrypted request for chunk 331
consumer-1  | [11:38:02.638698] [Consumer] Sending Data D_4 for chunk 331
consumer-1  | [11:38:02.639522] [Consumer] Received I_4! Decrypted request for chunk 332
consumer-1  | [11:38:02.639779] [Consumer] Sending Data D_4 for chunk 332
consumer-1  | [11:38:02.640980] [Consumer] Received I_4! Decrypted request for chunk 333
consumer-1  | [11:38:02.641134] [Consumer] Sending Data D_4 for chunk 333
consumer-1  | [11:38:02.641217] [Consumer] Received I_4! Decrypted request for chunk 334
consumer-1  | [11:38:02.641314] [Consumer] Sending Data D_4 for chunk 334
consumer-1  | [11:38:02.641357] [Consumer] Received I_4! Decrypted request for chunk 335
consumer-1  | [11:38:02.641427] [Consumer] Sending Data D_4 for chunk 335
consumer-1  | [11:38:02.641446] [Consumer] Received I_4! Decrypted request for chunk 336
consumer-1  | [11:38:02.641503] [Consumer] Sending Data D_4 for chunk 336
consumer-1  | [11:38:02.641520] [Consumer] Received I_4! Decrypted request for chunk 337
consumer-1  | [11:38:02.641596] [Consumer] Sending Data D_4 for chunk 337
consumer-1  | [11:38:02.641667] [Consumer] Received I_4! Decrypted request for chunk 338
consumer-1  | [11:38:02.641756] [Consumer] Sending Data D_4 for chunk 338
consumer-1  | [11:38:02.641797] [Consumer] Received I_4! Decrypted request for chunk 339
consumer-1  | [11:38:02.641880] [Consumer] Sending Data D_4 for chunk 339
consumer-1  | [11:38:02.641920] [Consumer] Received I_4! Decrypted request for chunk 340
consumer-1  | [11:38:02.641986] [Consumer] Sending Data D_4 for chunk 340
consumer-1  | [11:38:02.642025] [Consumer] Received I_4! Decrypted request for chunk 341
consumer-1  | [11:38:02.642090] [Consumer] Sending Data D_4 for chunk 341
consumer-1  | [11:38:02.642129] [Consumer] Received I_4! Decrypted request for chunk 342
consumer-1  | [11:38:02.642194] [Consumer] Sending Data D_4 for chunk 342
consumer-1  | [11:38:02.642232] [Consumer] Received I_4! Decrypted request for chunk 343
consumer-1  | [11:38:02.642314] [Consumer] Sending Data D_4 for chunk 343
consumer-1  | [11:38:02.642353] [Consumer] Received I_4! Decrypted request for chunk 344
consumer-1  | [11:38:02.642419] [Consumer] Sending Data D_4 for chunk 344
consumer-1  | [11:38:02.642460] [Consumer] Received I_4! Decrypted request for chunk 345
consumer-1  | [11:38:02.642524] [Consumer] Sending Data D_4 for chunk 345
consumer-1  | [11:38:02.642546] [Consumer] Received I_4! Decrypted request for chunk 346
consumer-1  | [11:38:02.642601] [Consumer] Sending Data D_4 for chunk 346
consumer-1  | [11:38:02.642679] [Consumer] Received I_4! Decrypted request for chunk 347
consumer-1  | [11:38:02.642746] [Consumer] Sending Data D_4 for chunk 347
consumer-1  | [11:38:02.642764] [Consumer] Received I_4! Decrypted request for chunk 348
consumer-1  | [11:38:02.642819] [Consumer] Sending Data D_4 for chunk 348
consumer-1  | [11:38:02.642836] [Consumer] Received I_4! Decrypted request for chunk 349
consumer-1  | [11:38:02.642888] [Consumer] Sending Data D_4 for chunk 349
consumer-1  | [11:38:02.642903] [Consumer] Received I_4! Decrypted request for chunk 350
gateway-1   | [11:38:02.617358] [Gateway] Proxied chunk 270 back to Producer
gateway-1   | [11:38:02.617426] [Gateway] Proxied chunk 271 back to Producer
gateway-1   | [11:38:02.617499] [Gateway] Received I_3: f2wiEKbhc4O46Mc...
gateway-1   | [11:38:02.617530] [Gateway] Decrypted I_3 -> session: session-12345, chunk: 278
gateway-1   | [11:38:02.617544] [Gateway] Forwarding I_4 to Consumer: /local/consumer1/upload/f2wiEKbhc4O46McVshwO816DbAhO-4g43R6bz3b3AYMrlLVBQk0eHZLA47_s
gateway-1   | [11:38:02.617558] [Gateway] Received I_3: dkhjU7GiT7a4D1i...
gateway-1   | [11:38:02.617566] [Gateway] Decrypted I_3 -> session: session-12345, chunk: 279
gateway-1   | [11:38:02.617574] [Gateway] Forwarding I_4 to Consumer: /local/consumer1/upload/dkhjU7GiT7a4D1ilwl3xvI5RGClqek-JR1zwZzpKVkNMwpZDH4J1c-xoiChc
gateway-1   | [11:38:02.617647] [Gateway] Proxied chunk 272 back to Producer
gateway-1   | [11:38:02.617724] [Gateway] Received I_3: pZNTem0i4EFc--V...
gateway-1   | [11:38:02.617752] [Gateway] Decrypted I_3 -> session: session-12345, chunk: 280
gateway-1   | [11:38:02.617765] [Gateway] Forwarding I_4 to Consumer: /local/consumer1/upload/pZNTem0i4EFc--V7wsP7ZeN3cSzbkmJ2RWAf1YbXAgkzH6QIGre4pYfpmLt_
gateway-1   | [11:38:02.618717] [Gateway] Proxied chunk 273 back to Producer
gateway-1   | [11:38:02.619321] [Gateway] Received I_3: hCZ0uQNlKBbjihM...
gateway-1   | [11:38:02.619427] [Gateway] Decrypted I_3 -> session: session-12345, chunk: 281
gateway-1   | [11:38:02.619551] [Gateway] Forwarding I_4 to Consumer: /local/consumer1/upload/hCZ0uQNlKBbjihMcCxAjrgvogOxrhHl71lKFjbOw0hBUD08wXh4Ew1T7_3uq
gateway-1   | [11:38:02.619602] [Gateway] Received I_3: aizMrBTPvhpjX7K...
gateway-1   | [11:38:02.619638] [Gateway] Decrypted I_3 -> session: session-12345, chunk: 282
gateway-1   | [11:38:02.619751] [Gateway] Forwarding I_4 to Consumer: /local/consumer1/upload/aizMrBTPvhpjX7KaeAjrV5qStNsyZZhnRicl6WXQUNxka7pv8eIDUApzpawA
gateway-1   | [11:38:02.619796] [Gateway] Received I_3: gU1F2z5EiGp-qIZ...
gateway-1   | [11:38:02.619835] [Gateway] Decrypted I_3 -> session: session-12345, chunk: 283
gateway-1   | [11:38:02.619849] [Gateway] Forwarding I_4 to Consumer: /local/consumer1/upload/gU1F2z5EiGp-qIZ3Io6E08cDttfKj5Ds6bJUT5S0TaZJNDuTdTllColO03SX
gateway-1   | [11:38:02.619863] [Gateway] Proxied chunk 274 back to Producer
gateway-1   | [11:38:02.619981] [Gateway] Received I_3: uBrvaGXMfzxsx8T...
gateway-1   | [11:38:02.620015] [Gateway] Decrypted I_3 -> session: session-12345, chunk: 284
gateway-1   | [11:38:02.620028] [Gateway] Forwarding I_4 to Consumer: /local/consumer1/upload/uBrvaGXMfzxsx8T7AJnfxnyHmDIcyvk4SWehPoE-LFqrNaXONV4-W9xXCZFo
gateway-1   | [11:38:02.620042] [Gateway] Received I_3: q5wH6gd3jV1stIJ...
gateway-1   | [11:38:02.620050] [Gateway] Decrypted I_3 -> session: session-12345, chunk: 285
gateway-1   | [11:38:02.620058] [Gateway] Forwarding I_4 to Consumer: /local/consumer1/upload/q5wH6gd3jV1stIJ3ZY_jR04cgmKoa-JOhg-0nFNfpe6TV32Bx5wCKuSk5m_z
gateway-1   | [11:38:02.620078] [Gateway] Received I_3: zjZVdX7yOkwP7By...
gateway-1   | [11:38:02.620087] [Gateway] Decrypted I_3 -> session: session-12345, chunk: 286
gateway-1   | [11:38:02.620094] [Gateway] Forwarding I_4 to Consumer: /local/consumer1/upload/zjZVdX7yOkwP7ByDEcRf776l_jGxWuJS7pGdRXR1i3z5zzLAEN9a8DIkCaMV
gateway-1   | [11:38:02.620392] [Gateway] Proxied chunk 275 back to Producer
gateway-1   | [11:38:02.620676] [Gateway] Received I_3: V74C0QiXCxW78qa...
consumer-1  | [11:38:02.642955] [Consumer] Sending Data D_4 for chunk 350
consumer-1  | [11:38:02.642971] [Consumer] Received I_4! Decrypted request for chunk 351
consumer-1  | [11:38:02.643024] [Consumer] Sending Data D_4 for chunk 351
consumer-1  | [11:38:02.643085] [Consumer] Received I_4! Decrypted request for chunk 352
consumer-1  | [11:38:02.643148] [Consumer] Sending Data D_4 for chunk 352
consumer-1  | [11:38:02.643950] [Consumer] Received I_4! Decrypted request for chunk 353
consumer-1  | [11:38:02.644192] [Consumer] Sending Data D_4 for chunk 353
consumer-1  | [11:38:02.644361] [Consumer] Received I_4! Decrypted request for chunk 354
consumer-1  | [11:38:02.644539] [Consumer] Sending Data D_4 for chunk 354
consumer-1  | [11:38:02.647112] [Consumer] Received I_4! Decrypted request for chunk 355
gateway-1   | [11:38:02.620760] [Gateway] Decrypted I_3 -> session: session-12345, chunk: 287
gateway-1   | [11:38:02.620796] [Gateway] Forwarding I_4 to Consumer: /local/consumer1/upload/V74C0QiXCxW78qa8QBHNW7i2KtVXwt2kvoJOK997fIMlzn80IXPBD7mgtTEv
gateway-1   | [11:38:02.620824] [Gateway] Proxied chunk 276 back to Producer
gateway-1   | [11:38:02.620969] [Gateway] Received I_3: PgaG4el5OPkK9Rh...
gateway-1   | [11:38:02.621045] [Gateway] Decrypted I_3 -> session: session-12345, chunk: 288
gateway-1   | [11:38:02.621080] [Gateway] Forwarding I_4 to Consumer: /local/consumer1/upload/PgaG4el5OPkK9RhBAaLd5KaGQnO_rTdHJCbtOW-L-GKuXUe3t4TrKrj0D8ag
gateway-1   | [11:38:02.621148] [Gateway] Proxied chunk 277 back to Producer
gateway-1   | [11:38:02.621411] [Gateway] Proxied chunk 278 back to Producer
gateway-1   | [11:38:02.621551] [Gateway] Proxied chunk 279 back to Producer
gateway-1   | [11:38:02.621650] [Gateway] Proxied chunk 280 back to Producer
gateway-1   | [11:38:02.621724] [Gateway] Proxied chunk 281 back to Producer
gateway-1   | [11:38:02.621779] [Gateway] Received I_3: zY4-vUCDzCcb42S...
gateway-1   | [11:38:02.621811] [Gateway] Decrypted I_3 -> session: session-12345, chunk: 289
gateway-1   | [11:38:02.621826] [Gateway] Forwarding I_4 to Consumer: /local/consumer1/upload/zY4-vUCDzCcb42Sp7WfHsZtVgDpz1WEFqH9oQNqYeUyVK25Le6E9O1e_OMAf
gateway-1   | [11:38:02.621840] [Gateway] Proxied chunk 282 back to Producer
gateway-1   | [11:38:02.621946] [Gateway] Proxied chunk 283 back to Producer
gateway-1   | [11:38:02.622021] [Gateway] Proxied chunk 284 back to Producer
gateway-1   | [11:38:02.622069] [Gateway] Proxied chunk 285 back to Producer
gateway-1   | [11:38:02.622114] [Gateway] Proxied chunk 286 back to Producer
gateway-1   | [11:38:02.622775] [Gateway] Received I_3: E-H7G23nxIhTLS1...
gateway-1   | [11:38:02.622837] [Gateway] Decrypted I_3 -> session: session-12345, chunk: 290
gateway-1   | [11:38:02.622856] [Gateway] Forwarding I_4 to Consumer: /local/consumer1/upload/E-H7G23nxIhTLS1mRG-2LmMzDWemqi-TzQOYrR0ZmGNHSKy0LFi6J_6Doy0i
gateway-1   | [11:38:02.622888] [Gateway] Proxied chunk 287 back to Producer
gateway-1   | [11:38:02.623140] [Gateway] Proxied chunk 288 back to Producer
gateway-1   | [11:38:02.623590] [Gateway] Proxied chunk 289 back to Producer
gateway-1   | [11:38:02.623794] [Gateway] Proxied chunk 290 back to Producer
gateway-1   | [11:38:02.623910] [Gateway] Received I_3: K-iaJ4Xx6Eoixhw...
gateway-1   | [11:38:02.623949] [Gateway] Decrypted I_3 -> session: session-12345, chunk: 291
gateway-1   | [11:38:02.624003] [Gateway] Forwarding I_4 to Consumer: /local/consumer1/upload/K-iaJ4Xx6EoixhwzEKJkzpkbZjxnghOD8eTn96hMSGcDx-c0f_IM8WK8wAeD
gateway-1   | [11:38:02.624144] [Gateway] Received I_3: qnng4Tnq1zUVmKJ...
gateway-1   | [11:38:02.624194] [Gateway] Decrypted I_3 -> session: session-12345, chunk: 292
gateway-1   | [11:38:02.624210] [Gateway] Forwarding I_4 to Consumer: /local/consumer1/upload/qnng4Tnq1zUVmKJPzjuR8tMN1AjW7r6DrQJM7fA9BQ9XEBi3bq7A3n2KHY48
gateway-1   | [11:38:02.624239] [Gateway] Received I_3: JBEp5jHwKJrBZQw...
gateway-1   | [11:38:02.624251] [Gateway] Decrypted I_3 -> session: session-12345, chunk: 293
gateway-1   | [11:38:02.624261] [Gateway] Forwarding I_4 to Consumer: /local/consumer1/upload/JBEp5jHwKJrBZQwqgjjWNIrA3QnVQeo_GjxbWhoGMdz1Vdj5sQTrZOfNX4U-
gateway-1   | [11:38:02.624272] [Gateway] Received I_3: wKd5KY_D1HHp3TM...
gateway-1   | [11:38:02.624295] [Gateway] Decrypted I_3 -> session: session-12345, chunk: 294
gateway-1   | [11:38:02.624307] [Gateway] Forwarding I_4 to Consumer: /local/consumer1/upload/wKd5KY_D1HHp3TMF4KDNzGjm6AAqCh0pzfEeZ9UZovvqcmyP2xlQSlaOPSZ2
gateway-1   | [11:38:02.624351] [Gateway] Received I_3: d6feSgna4tMnSMS...
gateway-1   | [11:38:02.624364] [Gateway] Decrypted I_3 -> session: session-12345, chunk: 295
gateway-1   | [11:38:02.624373] [Gateway] Forwarding I_4 to Consumer: /local/consumer1/upload/d6feSgna4tMnSMSzFWAdXfLFeMouRErzpRPuUlRu0QDzTWJQ2fSOmv2AvJHw
gateway-1   | [11:38:02.624419] [Gateway] Received I_3: npV2sJklpwiFZ82...
gateway-1   | [11:38:02.624486] [Gateway] Decrypted I_3 -> session: session-12345, chunk: 296
gateway-1   | [11:38:02.624529] [Gateway] Forwarding I_4 to Consumer: /local/consumer1/upload/npV2sJklpwiFZ825FqR69tgrRxwWBRacj1f_MkhlV8U7eQgnJORfeJOFRWLx
gateway-1   | [11:38:02.624551] [Gateway] Received I_3: sfJL4twIL-qEssf...
gateway-1   | [11:38:02.624572] [Gateway] Decrypted I_3 -> session: session-12345, chunk: 297
gateway-1   | [11:38:02.624580] [Gateway] Forwarding I_4 to Consumer: /local/consumer1/upload/sfJL4twIL-qEssfAefnqROMPUSK6zcH1X0ivAXT4wgANW6JkevnO1XYVTnPA
gateway-1   | [11:38:02.625087] [Gateway] Proxied chunk 291 back to Producer
gateway-1   | [11:38:02.625499] [Gateway] Received I_3: __JosqsaKT8W5JW...
gateway-1   | [11:38:02.625587] [Gateway] Decrypted I_3 -> session: session-12345, chunk: 298
gateway-1   | [11:38:02.625624] [Gateway] Forwarding I_4 to Consumer: /local/consumer1/upload/__JosqsaKT8W5JWVifRFnsVih5KSMfm47pyXc9goKa3pQDVB0U-huoTfx5Oi
consumer-1  | [11:38:02.647349] [Consumer] Sending Data D_4 for chunk 355
consumer-1  | [11:38:02.647689] [Consumer] Received I_4! Decrypted request for chunk 356
consumer-1  | [11:38:02.647942] [Consumer] Sending Data D_4 for chunk 356
consumer-1  | [11:38:02.648107] [Consumer] Received I_4! Decrypted request for chunk 357
consumer-1  | [11:38:02.648325] [Consumer] Sending Data D_4 for chunk 357
consumer-1  | [11:38:02.648482] [Consumer] Received I_4! Decrypted request for chunk 358
consumer-1  | [11:38:02.648646] [Consumer] Sending Data D_4 for chunk 358
consumer-1  | [11:38:02.648707] [Consumer] Received I_4! Decrypted request for chunk 359
consumer-1  | [11:38:02.648853] [Consumer] Sending Data D_4 for chunk 359
consumer-1  | [11:38:02.648901] [Consumer] Received I_4! Decrypted request for chunk 360
consumer-1  | [11:38:02.649127] [Consumer] Sending Data D_4 for chunk 360
consumer-1  | [11:38:02.649215] [Consumer] Received I_4! Decrypted request for chunk 361
consumer-1  | [11:38:02.649317] [Consumer] Sending Data D_4 for chunk 361
consumer-1  | [11:38:02.649342] [Consumer] Received I_4! Decrypted request for chunk 362
consumer-1  | [11:38:02.649405] [Consumer] Sending Data D_4 for chunk 362
consumer-1  | [11:38:02.649490] [Consumer] Received I_4! Decrypted request for chunk 363
consumer-1  | [11:38:02.649583] [Consumer] Sending Data D_4 for chunk 363
consumer-1  | [11:38:02.649609] [Consumer] Received I_4! Decrypted request for chunk 364
consumer-1  | [11:38:02.649668] [Consumer] Sending Data D_4 for chunk 364
gateway-1   | [11:38:02.625674] [Gateway] Proxied chunk 292 back to Producer
gateway-1   | [11:38:02.625924] [Gateway] Received I_3: MrySYnK2ECQvCNY...
gateway-1   | [11:38:02.626019] [Gateway] Decrypted I_3 -> session: session-12345, chunk: 299
gateway-1   | [11:38:02.626054] [Gateway] Forwarding I_4 to Consumer: /local/consumer1/upload/MrySYnK2ECQvCNYqXO5ELttMfPxQ1vKZt-OLRV5Nq0MvGHE3JETuce80yzK8
gateway-1   | [11:38:02.626125] [Gateway] Received I_3: v-ok0euFnUgBCIG...
gateway-1   | [11:38:02.626224] [Gateway] Decrypted I_3 -> session: session-12345, chunk: 300
gateway-1   | [11:38:02.626268] [Gateway] Forwarding I_4 to Consumer: /local/consumer1/upload/v-ok0euFnUgBCIGDGzhSVjcUde_mcSig9Nv0-nsteq98RCiMD7DGswqhTpXT
gateway-1   | [11:38:02.626293] [Gateway] Proxied chunk 293 back to Producer
gateway-1   | [11:38:02.626435] [Gateway] Received I_3: k6RqFYpkZqaWJtZ...
gateway-1   | [11:38:02.626466] [Gateway] Decrypted I_3 -> session: session-12345, chunk: 301
gateway-1   | [11:38:02.626479] [Gateway] Forwarding I_4 to Consumer: /local/consumer1/upload/k6RqFYpkZqaWJtZIxJSxs3x4Im0qBRtgrRTBQ8mpLaiHXHTqA0woQU-XCI1o
gateway-1   | [11:38:02.626492] [Gateway] Proxied chunk 294 back to Producer
gateway-1   | [11:38:02.626558] [Gateway] Received I_3: g-De7yQf2cec0mU...
gateway-1   | [11:38:02.626568] [Gateway] Decrypted I_3 -> session: session-12345, chunk: 302
gateway-1   | [11:38:02.626576] [Gateway] Forwarding I_4 to Consumer: /local/consumer1/upload/g-De7yQf2cec0mU04S398i8nukxTqfqugPbInTixkgGkUPIsZhbbA8oiwppV
gateway-1   | [11:38:02.626585] [Gateway] Proxied chunk 295 back to Producer
gateway-1   | [11:38:02.626637] [Gateway] Received I_3: spZgVRZnXygHQRz...
gateway-1   | [11:38:02.626666] [Gateway] Decrypted I_3 -> session: session-12345, chunk: 303
gateway-1   | [11:38:02.626678] [Gateway] Forwarding I_4 to Consumer: /local/consumer1/upload/spZgVRZnXygHQRzDZU_-xt4Chu5NZ-OMd9Fg8G3_rFedWvPoLNc5HKP4XEu7
gateway-1   | [11:38:02.626689] [Gateway] Proxied chunk 296 back to Producer
gateway-1   | [11:38:02.626744] [Gateway] Received I_3: DaI9e1MIPcxhyoS...
gateway-1   | [11:38:02.626752] [Gateway] Decrypted I_3 -> session: session-12345, chunk: 304
consumer-1  | [11:38:02.649711] [Consumer] Received I_4! Decrypted request for chunk 365
consumer-1  | [11:38:02.649777] [Consumer] Sending Data D_4 for chunk 365
consumer-1  | [11:38:02.649816] [Consumer] Received I_4! Decrypted request for chunk 366
consumer-1  | [11:38:02.649900] [Consumer] Sending Data D_4 for chunk 366
consumer-1  | [11:38:02.650523] [Consumer] Received I_4! Decrypted request for chunk 367
consumer-1  | [11:38:02.650659] [Consumer] Sending Data D_4 for chunk 367
consumer-1  | [11:38:02.650922] [Consumer] Received I_4! Decrypted request for chunk 368
consumer-1  | [11:38:02.651045] [Consumer] Sending Data D_4 for chunk 368
consumer-1  | [11:38:02.651619] [Consumer] Received I_4! Decrypted request for chunk 369
consumer-1  | [11:38:02.651750] [Consumer] Sending Data D_4 for chunk 369
consumer-1  | [11:38:02.651818] [Consumer] Received I_4! Decrypted request for chunk 370
consumer-1  | [11:38:02.651916] [Consumer] Sending Data D_4 for chunk 370
consumer-1  | [11:38:02.651945] [Consumer] Received I_4! Decrypted request for chunk 371
consumer-1  | [11:38:02.652027] [Consumer] Sending Data D_4 for chunk 371
consumer-1  | [11:38:02.652066] [Consumer] Received I_4! Decrypted request for chunk 372
consumer-1  | [11:38:02.652130] [Consumer] Sending Data D_4 for chunk 372
consumer-1  | [11:38:02.652148] [Consumer] Received I_4! Decrypted request for chunk 373
consumer-1  | [11:38:02.652206] [Consumer] Sending Data D_4 for chunk 373
consumer-1  | [11:38:02.652280] [Consumer] Received I_4! Decrypted request for chunk 374
consumer-1  | [11:38:02.652349] [Consumer] Sending Data D_4 for chunk 374
consumer-1  | [11:38:02.652387] [Consumer] Received I_4! Decrypted request for chunk 375
consumer-1  | [11:38:02.652452] [Consumer] Sending Data D_4 for chunk 375
consumer-1  | [11:38:02.652496] [Consumer] Received I_4! Decrypted request for chunk 376
consumer-1  | [11:38:02.652564] [Consumer] Sending Data D_4 for chunk 376
consumer-1  | [11:38:02.653900] [Consumer] Received I_4! Decrypted request for chunk 377
consumer-1  | [11:38:02.654047] [Consumer] Sending Data D_4 for chunk 377
consumer-1  | [11:38:02.654635] [Consumer] Received I_4! Decrypted request for chunk 378
consumer-1  | [11:38:02.654772] [Consumer] Sending Data D_4 for chunk 378
consumer-1  | [11:38:02.655641] [Consumer] Received I_4! Decrypted request for chunk 379
consumer-1  | [11:38:02.655872] [Consumer] Sending Data D_4 for chunk 379
consumer-1  | [11:38:02.656250] [Consumer] Received I_4! Decrypted request for chunk 380
consumer-1  | [11:38:02.656510] [Consumer] Sending Data D_4 for chunk 380
consumer-1  | [11:38:02.656614] [Consumer] Received I_4! Decrypted request for chunk 381
consumer-1  | [11:38:02.656730] [Consumer] Sending Data D_4 for chunk 381
consumer-1  | [11:38:02.656776] [Consumer] Received I_4! Decrypted request for chunk 382
consumer-1  | [11:38:02.656865] [Consumer] Sending Data D_4 for chunk 382
consumer-1  | [11:38:02.656906] [Consumer] Received I_4! Decrypted request for chunk 383
consumer-1  | [11:38:02.656989] [Consumer] Sending Data D_4 for chunk 383
consumer-1  | [11:38:02.657030] [Consumer] Received I_4! Decrypted request for chunk 384
consumer-1  | [11:38:02.657197] [Consumer] Sending Data D_4 for chunk 384
consumer-1  | [11:38:02.657298] [Consumer] Received I_4! Decrypted request for chunk 385
consumer-1  | [11:38:02.657417] [Consumer] Sending Data D_4 for chunk 385
consumer-1  | [11:38:02.657466] [Consumer] Received I_4! Decrypted request for chunk 386
consumer-1  | [11:38:02.657540] [Consumer] Sending Data D_4 for chunk 386
gateway-1   | [11:38:02.626760] [Gateway] Forwarding I_4 to Consumer: /local/consumer1/upload/DaI9e1MIPcxhyoSGA3AfJlcH8Rsp9uTqA_jEQizf2NdofEiIdCRnWRzQmybs
gateway-1   | [11:38:02.626768] [Gateway] Proxied chunk 297 back to Producer
gateway-1   | [11:38:02.626816] [Gateway] Received I_3: 3QUVxT2EoLPY27J...
gateway-1   | [11:38:02.626894] [Gateway] Decrypted I_3 -> session: session-12345, chunk: 305
gateway-1   | [11:38:02.626923] [Gateway] Forwarding I_4 to Consumer: /local/consumer1/upload/3QUVxT2EoLPY27Jk7RmCXDt773aWuvJFBnOAki8FGe1fpXZyM_n3rgzbuBGb
gateway-1   | [11:38:02.626937] [Gateway] Received I_3: SlbFO028oaOlQms...
gateway-1   | [11:38:02.626948] [Gateway] Decrypted I_3 -> session: session-12345, chunk: 306
gateway-1   | [11:38:02.626955] [Gateway] Forwarding I_4 to Consumer: /local/consumer1/upload/SlbFO028oaOlQmspbraYB6zefEZ8rM3SnxyCG73SDo4jDFlFkF6V5g-GsK57
gateway-1   | [11:38:02.626964] [Gateway] Received I_3: EVYzZKtHgmXecE1...
gateway-1   | [11:38:02.626972] [Gateway] Decrypted I_3 -> session: session-12345, chunk: 307
gateway-1   | [11:38:02.626979] [Gateway] Forwarding I_4 to Consumer: /local/consumer1/upload/EVYzZKtHgmXecE1n_b_WQe5kurwiqUM_UYUJc8z5HYHRTdCNRWn2gZrNjo6X
gateway-1   | [11:38:02.626988] [Gateway] Proxied chunk 298 back to Producer
gateway-1   | [11:38:02.627048] [Gateway] Received I_3: NS8onRapK-Xws83...
gateway-1   | [11:38:02.627075] [Gateway] Decrypted I_3 -> session: session-12345, chunk: 308
gateway-1   | [11:38:02.627087] [Gateway] Forwarding I_4 to Consumer: /local/consumer1/upload/NS8onRapK-Xws83xdiv4g3zC8A1pfMqpmEPqGLFxrAd082xyEBJAJY2k2Vna
gateway-1   | [11:38:02.627113] [Gateway] Received I_3: nQmoc3J1f4NCExV...
consumer-1  | [11:38:02.657559] [Consumer] Received I_4! Decrypted request for chunk 387
consumer-1  | [11:38:02.657635] [Consumer] Sending Data D_4 for chunk 387
consumer-1  | [11:38:02.657674] [Consumer] Received I_4! Decrypted request for chunk 388
consumer-1  | [11:38:02.657738] [Consumer] Sending Data D_4 for chunk 388
consumer-1  | [11:38:02.657757] [Consumer] Received I_4! Decrypted request for chunk 389
consumer-1  | [11:38:02.657839] [Consumer] Sending Data D_4 for chunk 389
consumer-1  | [11:38:02.657864] [Consumer] Received I_4! Decrypted request for chunk 390
consumer-1  | [11:38:02.657921] [Consumer] Sending Data D_4 for chunk 390
consumer-1  | [11:38:02.657962] [Consumer] Received I_4! Decrypted request for chunk 391
consumer-1  | [11:38:02.658029] [Consumer] Sending Data D_4 for chunk 391
consumer-1  | [11:38:02.658069] [Consumer] Received I_4! Decrypted request for chunk 392
consumer-1  | [11:38:02.658133] [Consumer] Sending Data D_4 for chunk 392
consumer-1  | [11:38:02.658171] [Consumer] Received I_4! Decrypted request for chunk 393
consumer-1  | [11:38:02.658254] [Consumer] Sending Data D_4 for chunk 393
consumer-1  | [11:38:02.658292] [Consumer] Received I_4! Decrypted request for chunk 394
consumer-1  | [11:38:02.658357] [Consumer] Sending Data D_4 for chunk 394
consumer-1  | [11:38:02.658375] [Consumer] Received I_4! Decrypted request for chunk 395
consumer-1  | [11:38:02.658430] [Consumer] Sending Data D_4 for chunk 395
consumer-1  | [11:38:02.658467] [Consumer] Received I_4! Decrypted request for chunk 396
consumer-1  | [11:38:02.658532] [Consumer] Sending Data D_4 for chunk 396
consumer-1  | [11:38:02.658665] [Consumer] Received I_4! Decrypted request for chunk 397
consumer-1  | [11:38:02.658757] [Consumer] Sending Data D_4 for chunk 397
consumer-1  | [11:38:02.658799] [Consumer] Received I_4! Decrypted request for chunk 398
consumer-1  | [11:38:02.658882] [Consumer] Sending Data D_4 for chunk 398
consumer-1  | [11:38:02.658921] [Consumer] Received I_4! Decrypted request for chunk 399
consumer-1  | [11:38:02.658984] [Consumer] Sending Data D_4 for chunk 399
consumer-1  | [11:38:02.659003] [Consumer] Received I_4! Decrypted request for chunk 400
consumer-1  | [11:38:02.659058] [Consumer] Sending Data D_4 for chunk 400
consumer-1  | [11:38:02.661754] [Consumer] Received I_4! Decrypted request for chunk 401
consumer-1  | [11:38:02.661907] [Consumer] Sending Data D_4 for chunk 401
consumer-1  | [11:38:02.661983] [Consumer] Received I_4! Decrypted request for chunk 402
consumer-1  | [11:38:02.662445] [Consumer] Sending Data D_4 for chunk 402
consumer-1  | [11:38:02.662544] [Consumer] Received I_4! Decrypted request for chunk 403
consumer-1  | [11:38:02.662744] [Consumer] Sending Data D_4 for chunk 403
consumer-1  | [11:38:02.662843] [Consumer] Received I_4! Decrypted request for chunk 404
consumer-1  | [11:38:02.662942] [Consumer] Sending Data D_4 for chunk 404
consumer-1  | [11:38:02.662986] [Consumer] Received I_4! Decrypted request for chunk 405
consumer-1  | [11:38:02.663072] [Consumer] Sending Data D_4 for chunk 405
consumer-1  | [11:38:02.663230] [Consumer] Received I_4! Decrypted request for chunk 406
consumer-1  | [11:38:02.663461] [Consumer] Sending Data D_4 for chunk 406
consumer-1  | [11:38:02.663676] [Consumer] Received I_4! Decrypted request for chunk 407
consumer-1  | [11:38:02.663941] [Consumer] Sending Data D_4 for chunk 407
consumer-1  | [11:38:02.664069] [Consumer] Received I_4! Decrypted request for chunk 408
consumer-1  | [11:38:02.664222] [Consumer] Sending Data D_4 for chunk 408
consumer-1  | [11:38:02.664256] [Consumer] Received I_4! Decrypted request for chunk 409
consumer-1  | [11:38:02.664321] [Consumer] Sending Data D_4 for chunk 409
consumer-1  | [11:38:02.664910] [Consumer] Received I_4! Decrypted request for chunk 410
consumer-1  | [11:38:02.665311] [Consumer] Sending Data D_4 for chunk 410
consumer-1  | [11:38:02.665730] [Consumer] Received I_4! Decrypted request for chunk 411
gateway-1   | [11:38:02.627124] [Gateway] Decrypted I_3 -> session: session-12345, chunk: 309
gateway-1   | [11:38:02.627134] [Gateway] Forwarding I_4 to Consumer: /local/consumer1/upload/nQmoc3J1f4NCExVnOeLC5EHaMzK2mg996ekfLf20JzLELheTyqOiQgjUnVQz
gateway-1   | [11:38:02.627144] [Gateway] Received I_3: WEuHYN8fUFn3S6v...
gateway-1   | [11:38:02.627152] [Gateway] Decrypted I_3 -> session: session-12345, chunk: 310
gateway-1   | [11:38:02.627159] [Gateway] Forwarding I_4 to Consumer: /local/consumer1/upload/WEuHYN8fUFn3S6vHUbJLw0j8Vu56JUx59gYuvB79aN2709q3MxAYLaknJjX3
gateway-1   | [11:38:02.627169] [Gateway] Received I_3: eHKhhOmncw-DKbb...
gateway-1   | [11:38:02.627177] [Gateway] Decrypted I_3 -> session: session-12345, chunk: 311
gateway-1   | [11:38:02.627187] [Gateway] Forwarding I_4 to Consumer: /local/consumer1/upload/eHKhhOmncw-DKbbDA44J1HgWXHWKPXuPfr4RcsBxMzfEngkhpYjfw8u53EOn
gateway-1   | [11:38:02.627271] [Gateway] Received I_3: tMYxbXFZ27Zza5G...
gateway-1   | [11:38:02.627298] [Gateway] Decrypted I_3 -> session: session-12345, chunk: 312
gateway-1   | [11:38:02.627310] [Gateway] Forwarding I_4 to Consumer: /local/consumer1/upload/tMYxbXFZ27Zza5GsOVQ3WRebOvoCnRUh599cGhBnDPQF94tsV1aWpC3Hg8P1
gateway-1   | [11:38:02.627321] [Gateway] Proxied chunk 299 back to Producer
gateway-1   | [11:38:02.628150] [Gateway] Proxied chunk 300 back to Producer
gateway-1   | [11:38:02.628476] [Gateway] Proxied chunk 301 back to Producer
gateway-1   | [11:38:02.628667] [Gateway] Received I_3: 3NF08QRVqpu28CG...
gateway-1   | [11:38:02.628742] [Gateway] Decrypted I_3 -> session: session-12345, chunk: 313
gateway-1   | [11:38:02.628809] [Gateway] Forwarding I_4 to Consumer: /local/consumer1/upload/3NF08QRVqpu28CG2t3csbU8Mwp-lb0Gk6WERE2wvGxAGaNJpHgo_1p6-L165
gateway-1   | [11:38:02.628910] [Gateway] Proxied chunk 302 back to Producer
gateway-1   | [11:38:02.629635] [Gateway] Proxied chunk 303 back to Producer
gateway-1   | [11:38:02.629771] [Gateway] Received I_3: h9Bg6bj-_r82F0M...
consumer-1  | [11:38:02.665958] [Consumer] Sending Data D_4 for chunk 411
consumer-1  | [11:38:02.666338] [Consumer] Received I_4! Decrypted request for chunk 412
consumer-1  | [11:38:02.666574] [Consumer] Sending Data D_4 for chunk 412
consumer-1  | [11:38:02.666644] [Consumer] Received I_4! Decrypted request for chunk 413
gateway-1   | [11:38:02.629797] [Gateway] Decrypted I_3 -> session: session-12345, chunk: 314
consumer-1  | [11:38:02.666740] [Consumer] Sending Data D_4 for chunk 413
gateway-1   | [11:38:02.629809] [Gateway] Forwarding I_4 to Consumer: /local/consumer1/upload/h9Bg6bj-_r82F0MhoDss4lhv4sDOSshxxPYeT-KrpYuPUbkTlAtIXLtnwQTK
gateway-1   | [11:38:02.629832] [Gateway] Received I_3: Y0f4g1AxNXG2EXa...
gateway-1   | [11:38:02.629840] [Gateway] Decrypted I_3 -> session: session-12345, chunk: 315
gateway-1   | [11:38:02.629847] [Gateway] Forwarding I_4 to Consumer: /local/consumer1/upload/Y0f4g1AxNXG2EXaEhUmAnFwNTiQvRACBg1uBeSYTeAMuAHwhbTAWv0nOadjU
gateway-1   | [11:38:02.629856] [Gateway] Received I_3: 6hjuJQSi7u7N-rw...
gateway-1   | [11:38:02.629889] [Gateway] Decrypted I_3 -> session: session-12345, chunk: 316
gateway-1   | [11:38:02.629900] [Gateway] Forwarding I_4 to Consumer: /local/consumer1/upload/6hjuJQSi7u7N-rwxNJ_4btT0oJGRR3Ap-MVpjDh3FpNN49-BSbg081xo_3sh
gateway-1   | [11:38:02.630777] [Gateway] Received I_3: MC8FsskN2d_WYfb...
gateway-1   | [11:38:02.630872] [Gateway] Decrypted I_3 -> session: session-12345, chunk: 317
gateway-1   | [11:38:02.630911] [Gateway] Forwarding I_4 to Consumer: /local/consumer1/upload/MC8FsskN2d_WYfbweUOd-Qh2nE6rJlrDZaYyQZokFS_jaLW4GRtEG-vkdOfD
gateway-1   | [11:38:02.631012] [Gateway] Received I_3: J0B6SALh5Su07Za...
gateway-1   | [11:38:02.631052] [Gateway] Decrypted I_3 -> session: session-12345, chunk: 318
gateway-1   | [11:38:02.631087] [Gateway] Forwarding I_4 to Consumer: /local/consumer1/upload/J0B6SALh5Su07ZaccJxg5zmBSiiwspu9WcBIRX5-92OZwqoZJyZ-sNmCJvMW
gateway-1   | [11:38:02.631117] [Gateway] Proxied chunk 304 back to Producer
gateway-1   | [11:38:02.631314] [Gateway] Received I_3: wDQhbsCClbByJY5...
gateway-1   | [11:38:02.631391] [Gateway] Decrypted I_3 -> session: session-12345, chunk: 319
gateway-1   | [11:38:02.631449] [Gateway] Forwarding I_4 to Consumer: /local/consumer1/upload/wDQhbsCClbByJY57DbnnseQqGwwd3j7e7cLyuyeXRRrOtfu23jhFGDU5NQys
gateway-1   | [11:38:02.631530] [Gateway] Received I_3: 0Ptt6HmNZ5SAuDh...
consumer-1  | [11:38:02.666829] [Consumer] Received I_4! Decrypted request for chunk 414
consumer-1  | [11:38:02.666995] [Consumer] Sending Data D_4 for chunk 414
consumer-1  | [11:38:02.667099] [Consumer] Received I_4! Decrypted request for chunk 415
consumer-1  | [11:38:02.667218] [Consumer] Sending Data D_4 for chunk 415
consumer-1  | [11:38:02.667250] [Consumer] Received I_4! Decrypted request for chunk 416
consumer-1  | [11:38:02.667324] [Consumer] Sending Data D_4 for chunk 416
consumer-1  | [11:38:02.667343] [Consumer] Received I_4! Decrypted request for chunk 417
consumer-1  | [11:38:02.667465] [Consumer] Sending Data D_4 for chunk 417
consumer-1  | [11:38:02.667504] [Consumer] Received I_4! Decrypted request for chunk 418
consumer-1  | [11:38:02.667572] [Consumer] Sending Data D_4 for chunk 418
consumer-1  | [11:38:02.667591] [Consumer] Received I_4! Decrypted request for chunk 419
consumer-1  | [11:38:02.667646] [Consumer] Sending Data D_4 for chunk 419
consumer-1  | [11:38:02.667692] [Consumer] Received I_4! Decrypted request for chunk 420
consumer-1  | [11:38:02.667748] [Consumer] Sending Data D_4 for chunk 420
consumer-1  | [11:38:02.667765] [Consumer] Received I_4! Decrypted request for chunk 421
consumer-1  | [11:38:02.667818] [Consumer] Sending Data D_4 for chunk 421
consumer-1  | [11:38:02.667834] [Consumer] Received I_4! Decrypted request for chunk 422
consumer-1  | [11:38:02.667888] [Consumer] Sending Data D_4 for chunk 422
consumer-1  | [11:38:02.667912] [Consumer] Received I_4! Decrypted request for chunk 423
consumer-1  | [11:38:02.667992] [Consumer] Sending Data D_4 for chunk 423
consumer-1  | [11:38:02.668035] [Consumer] Received I_4! Decrypted request for chunk 424
consumer-1  | [11:38:02.668155] [Consumer] Sending Data D_4 for chunk 424
consumer-1  | [11:38:02.668183] [Consumer] Received I_4! Decrypted request for chunk 425
consumer-1  | [11:38:02.668267] [Consumer] Sending Data D_4 for chunk 425
consumer-1  | [11:38:02.668350] [Consumer] Received I_4! Decrypted request for chunk 426
consumer-1  | [11:38:02.668438] [Consumer] Sending Data D_4 for chunk 426
consumer-1  | [11:38:02.668481] [Consumer] Received I_4! Decrypted request for chunk 427
consumer-1  | [11:38:02.668547] [Consumer] Sending Data D_4 for chunk 427
consumer-1  | [11:38:02.669366] [Consumer] Received I_4! Decrypted request for chunk 428
consumer-1  | [11:38:02.669636] [Consumer] Sending Data D_4 for chunk 428
consumer-1  | [11:38:02.669768] [Consumer] Received I_4! Decrypted request for chunk 429
consumer-1  | [11:38:02.669984] [Consumer] Sending Data D_4 for chunk 429
consumer-1  | [11:38:02.670139] [Consumer] Received I_4! Decrypted request for chunk 430
consumer-1  | [11:38:02.670335] [Consumer] Sending Data D_4 for chunk 430
gateway-1   | [11:38:02.631554] [Gateway] Decrypted I_3 -> session: session-12345, chunk: 320
gateway-1   | [11:38:02.631584] [Gateway] Forwarding I_4 to Consumer: /local/consumer1/upload/0Ptt6HmNZ5SAuDh1bh0btRh2wFdusdbClnJz0vi99XCNXhdus3t6_D9A6Goq
gateway-1   | [11:38:02.631598] [Gateway] Received I_3: i8xICFr1XzSMiTz...
gateway-1   | [11:38:02.631610] [Gateway] Decrypted I_3 -> session: session-12345, chunk: 321
gateway-1   | [11:38:02.631634] [Gateway] Forwarding I_4 to Consumer: /local/consumer1/upload/i8xICFr1XzSMiTzLJXHFewAwT496mZptmUQzHPtcI3k_DSRXwDW72wUoepZw
gateway-1   | [11:38:02.631669] [Gateway] Received I_3: 8_cShmd-37jG_gU...
gateway-1   | [11:38:02.631695] [Gateway] Decrypted I_3 -> session: session-12345, chunk: 322
gateway-1   | [11:38:02.631721] [Gateway] Forwarding I_4 to Consumer: /local/consumer1/upload/8_cShmd-37jG_gUNrP921KqbKCvrt71xS63nuimJRDJVKDAAPdNx12uKHWVi
gateway-1   | [11:38:02.631767] [Gateway] Proxied chunk 305 back to Producer
gateway-1   | [11:38:02.632026] [Gateway] Proxied chunk 306 back to Producer
gateway-1   | [11:38:02.632173] [Gateway] Received I_3: Nl-uH8E2r4fRUUC...
gateway-1   | [11:38:02.632261] [Gateway] Decrypted I_3 -> session: session-12345, chunk: 323
gateway-1   | [11:38:02.632325] [Gateway] Forwarding I_4 to Consumer: /local/consumer1/upload/Nl-uH8E2r4fRUUCdomuQzp9VUsiwCpNiUc1k-xR2xMq3yRpK8bKvC60AzyFp
gateway-1   | [11:38:02.632358] [Gateway] Proxied chunk 307 back to Producer
gateway-1   | [11:38:02.632548] [Gateway] Proxied chunk 308 back to Producer
gateway-1   | [11:38:02.632700] [Gateway] Proxied chunk 309 back to Producer
gateway-1   | [11:38:02.632779] [Gateway] Proxied chunk 310 back to Producer
gateway-1   | [11:38:02.632830] [Gateway] Proxied chunk 311 back to Producer
gateway-1   | [11:38:02.632877] [Gateway] Proxied chunk 312 back to Producer
gateway-1   | [11:38:02.632923] [Gateway] Proxied chunk 313 back to Producer
gateway-1   | [11:38:02.632993] [Gateway] Proxied chunk 314 back to Producer
gateway-1   | [11:38:02.633041] [Gateway] Proxied chunk 315 back to Producer
gateway-1   | [11:38:02.633088] [Gateway] Proxied chunk 316 back to Producer
gateway-1   | [11:38:02.633135] [Gateway] Proxied chunk 317 back to Producer
gateway-1   | [11:38:02.633469] [Gateway] Proxied chunk 318 back to Producer
gateway-1   | [11:38:02.633653] [Gateway] Received I_3: Ucvr-yafbHJ9mUM...
gateway-1   | [11:38:02.633694] [Gateway] Decrypted I_3 -> session: session-12345, chunk: 324
gateway-1   | [11:38:02.633709] [Gateway] Forwarding I_4 to Consumer: /local/consumer1/upload/Ucvr-yafbHJ9mUMKgZqBjkK2Q0It2-lsajkW6QOxCRIrypL5w1yQgA-uxDGa
gateway-1   | [11:38:02.633723] [Gateway] Proxied chunk 319 back to Producer
gateway-1   | [11:38:02.634473] [Gateway] Proxied chunk 320 back to Producer
gateway-1   | [11:38:02.634881] [Gateway] Received I_3: qL1JzD1y5Vz78AE...
gateway-1   | [11:38:02.635065] [Gateway] Decrypted I_3 -> session: session-12345, chunk: 325
gateway-1   | [11:38:02.635106] [Gateway] Forwarding I_4 to Consumer: /local/consumer1/upload/qL1JzD1y5Vz78AExdvnJJGRsLW8o15_Um2PZO64JTf5fkWLhOWw_bWcXJORE
gateway-1   | [11:38:02.635139] [Gateway] Proxied chunk 321 back to Producer
gateway-1   | [11:38:02.635241] [Gateway] Proxied chunk 322 back to Producer
gateway-1   | [11:38:02.635307] [Gateway] Proxied chunk 323 back to Producer
gateway-1   | [11:38:02.635382] [Gateway] Proxied chunk 324 back to Producer
gateway-1   | [11:38:02.635703] [Gateway] Received I_3: _R28iojlahTGTcB...
gateway-1   | [11:38:02.635757] [Gateway] Decrypted I_3 -> session: session-12345, chunk: 326
gateway-1   | [11:38:02.635774] [Gateway] Forwarding I_4 to Consumer: /local/consumer1/upload/_R28iojlahTGTcBLDsjL-XVKZa1gQAtdpYIqYoBAMD9z8aEE2q6FkDL3vAl0
gateway-1   | [11:38:02.635927] [Gateway] Received I_3: wqWjBWayZJFBgxP...
gateway-1   | [11:38:02.636015] [Gateway] Decrypted I_3 -> session: session-12345, chunk: 327
gateway-1   | [11:38:02.636051] [Gateway] Forwarding I_4 to Consumer: /local/consumer1/upload/wqWjBWayZJFBgxPTBR8rbhKjtZN3VMifzT8KqwVbCSaUTMtPvLo0_qVt0R66
gateway-1   | [11:38:02.636296] [Gateway] Received I_3: WJUKb02KnHngX7O...
gateway-1   | [11:38:02.636349] [Gateway] Decrypted I_3 -> session: session-12345, chunk: 328
gateway-1   | [11:38:02.636367] [Gateway] Forwarding I_4 to Consumer: /local/consumer1/upload/WJUKb02KnHngX7OHLhyuYo_h4C7pQaVcs4lYJ5yG2mfwPGH0czh4Z91X62DO
gateway-1   | [11:38:02.636408] [Gateway] Proxied chunk 325 back to Producer
gateway-1   | [11:38:02.636518] [Gateway] Proxied chunk 326 back to Producer
gateway-1   | [11:38:02.637111] [Gateway] Received I_3: QylfuUyvuwui1Vf...
gateway-1   | [11:38:02.637230] [Gateway] Decrypted I_3 -> session: session-12345, chunk: 329
gateway-1   | [11:38:02.637266] [Gateway] Forwarding I_4 to Consumer: /local/consumer1/upload/QylfuUyvuwui1VfHt-q5qcjs4dUeSxFZHu8r7fhiU_HwlUCgCtWM4kSOO1I2
gateway-1   | [11:38:02.637352] [Gateway] Proxied chunk 327 back to Producer
gateway-1   | [11:38:02.637563] [Gateway] Received I_3: 3GX1vKvPpOZvSO1...
gateway-1   | [11:38:02.637610] [Gateway] Decrypted I_3 -> session: session-12345, chunk: 330
gateway-1   | [11:38:02.637625] [Gateway] Forwarding I_4 to Consumer: /local/consumer1/upload/3GX1vKvPpOZvSO1o49RzzV4ARuo3tXeeiSKIGd62jp99sfeol1NzsrEpOpF3
gateway-1   | [11:38:02.637640] [Gateway] Proxied chunk 328 back to Producer
gateway-1   | [11:38:02.637748] [Gateway] Received I_3: -_lK-RAK43Y5Zu9...
gateway-1   | [11:38:02.637778] [Gateway] Decrypted I_3 -> session: session-12345, chunk: 331
gateway-1   | [11:38:02.637791] [Gateway] Forwarding I_4 to Consumer: /local/consumer1/upload/-_lK-RAK43Y5Zu9Rsh3LLuBvK_YTJwT4zYWrs3_506icBSUCaQi3z-sRHSAj
gateway-1   | [11:38:02.638439] [Gateway] Proxied chunk 329 back to Producer
gateway-1   | [11:38:02.638996] [Gateway] Received I_3: ds1Dn_awjK09Ohd...
gateway-1   | [11:38:02.639091] [Gateway] Decrypted I_3 -> session: session-12345, chunk: 332
gateway-1   | [11:38:02.639132] [Gateway] Forwarding I_4 to Consumer: /local/consumer1/upload/ds1Dn_awjK09OhdZWVlzmSFX2W7h_b7336ZNmtIQU0UovRtIPbow0RwJLV_Q
gateway-1   | [11:38:02.639247] [Gateway] Proxied chunk 330 back to Producer
gateway-1   | [11:38:02.639417] [Gateway] Received I_3: lLmcUO2lTqe8FNO...
consumer-1  | [11:38:02.670440] [Consumer] Received I_4! Decrypted request for chunk 431
consumer-1  | [11:38:02.670553] [Consumer] Sending Data D_4 for chunk 431
consumer-1  | [11:38:02.671148] [Consumer] Received I_4! Decrypted request for chunk 432
consumer-1  | [11:38:02.671492] [Consumer] Sending Data D_4 for chunk 432
consumer-1  | [11:38:02.671676] [Consumer] Received I_4! Decrypted request for chunk 433
consumer-1  | [11:38:02.671880] [Consumer] Sending Data D_4 for chunk 433
consumer-1  | [11:38:02.671970] [Consumer] Received I_4! Decrypted request for chunk 434
consumer-1  | [11:38:02.672183] [Consumer] Sending Data D_4 for chunk 434
consumer-1  | [11:38:02.672401] [Consumer] Received I_4! Decrypted request for chunk 435
consumer-1  | [11:38:02.672521] [Consumer] Sending Data D_4 for chunk 435
consumer-1  | [11:38:02.672551] [Consumer] Received I_4! Decrypted request for chunk 436
consumer-1  | [11:38:02.672616] [Consumer] Sending Data D_4 for chunk 436
consumer-1  | [11:38:02.672692] [Consumer] Received I_4! Decrypted request for chunk 437
consumer-1  | [11:38:02.672770] [Consumer] Sending Data D_4 for chunk 437
consumer-1  | [11:38:02.672788] [Consumer] Received I_4! Decrypted request for chunk 438
consumer-1  | [11:38:02.672843] [Consumer] Sending Data D_4 for chunk 438
consumer-1  | [11:38:02.672870] [Consumer] Received I_4! Decrypted request for chunk 439
consumer-1  | [11:38:02.672924] [Consumer] Sending Data D_4 for chunk 439
consumer-1  | [11:38:02.672946] [Consumer] Received I_4! Decrypted request for chunk 440
consumer-1  | [11:38:02.672999] [Consumer] Sending Data D_4 for chunk 440
consumer-1  | [11:38:02.673022] [Consumer] Received I_4! Decrypted request for chunk 441
consumer-1  | [11:38:02.673075] [Consumer] Sending Data D_4 for chunk 441
consumer-1  | [11:38:02.673091] [Consumer] Received I_4! Decrypted request for chunk 442
gateway-1   | [11:38:02.639462] [Gateway] Decrypted I_3 -> session: session-12345, chunk: 333
gateway-1   | [11:38:02.639477] [Gateway] Forwarding I_4 to Consumer: /local/consumer1/upload/lLmcUO2lTqe8FNO9snkHMiPpGhJTXgso7iNbeS6PxacWFAizbEq7RZzM5VnL
gateway-1   | [11:38:02.639507] [Gateway] Received I_3: K_l4dCdbB5pziEG...
gateway-1   | [11:38:02.639520] [Gateway] Decrypted I_3 -> session: session-12345, chunk: 334
gateway-1   | [11:38:02.639530] [Gateway] Forwarding I_4 to Consumer: /local/consumer1/upload/K_l4dCdbB5pziEG_9FQeVlp_mRCYzvHUluSEk4B8tzykx-MoOspTTPztQwkW
gateway-1   | [11:38:02.639540] [Gateway] Received I_3: Sqs1AGS0cipnUT2...
gateway-1   | [11:38:02.639549] [Gateway] Decrypted I_3 -> session: session-12345, chunk: 335
gateway-1   | [11:38:02.639570] [Gateway] Forwarding I_4 to Consumer: /local/consumer1/upload/Sqs1AGS0cipnUT2TjTcA6wAzfmzunA9jKpRTpReOyCdFlQwJtKJDfk8WtZIX
gateway-1   | [11:38:02.639579] [Gateway] Received I_3: IDww37NL-rUdiKJ...
gateway-1   | [11:38:02.639590] [Gateway] Decrypted I_3 -> session: session-12345, chunk: 336
gateway-1   | [11:38:02.639599] [Gateway] Forwarding I_4 to Consumer: /local/consumer1/upload/IDww37NL-rUdiKJ-CIkyY_K9m2K3gQQ0e8ot4O2qoo2UcACkND5Jvtu_5HIh
gateway-1   | [11:38:02.639612] [Gateway] Proxied chunk 331 back to Producer
gateway-1   | [11:38:02.639689] [Gateway] Received I_3: FzpYYZEiPPoLNkO...
gateway-1   | [11:38:02.639761] [Gateway] Decrypted I_3 -> session: session-12345, chunk: 337
gateway-1   | [11:38:02.639816] [Gateway] Forwarding I_4 to Consumer: /local/consumer1/upload/FzpYYZEiPPoLNkOAjCr7cNkVMn2a2ROI-IjKHukYBRawoozsh-d_oCSkrl2E
gateway-1   | [11:38:02.639850] [Gateway] Received I_3: olz9A6hcKjfj7LJ...
gateway-1   | [11:38:02.639874] [Gateway] Decrypted I_3 -> session: session-12345, chunk: 338
gateway-1   | [11:38:02.639893] [Gateway] Forwarding I_4 to Consumer: /local/consumer1/upload/olz9A6hcKjfj7LJIfQKBSbo0J1rVRbi3oYnA5JDhbDq762mJ8DRfqCuSjeVk
gateway-1   | [11:38:02.639915] [Gateway] Received I_3: Ye5Di_TaQrsOWeO...
gateway-1   | [11:38:02.639988] [Gateway] Decrypted I_3 -> session: session-12345, chunk: 339
gateway-1   | [11:38:02.640066] [Gateway] Forwarding I_4 to Consumer: /local/consumer1/upload/Ye5Di_TaQrsOWeOdCE2ujEzTOgnLvYgaOAkVp1W6AmAPFQK2MqB27lYNxu7v
gateway-1   | [11:38:02.640091] [Gateway] Received I_3: k3M6d3n3Mmu5vtw...
gateway-1   | [11:38:02.640129] [Gateway] Decrypted I_3 -> session: session-12345, chunk: 340
gateway-1   | [11:38:02.640159] [Gateway] Forwarding I_4 to Consumer: /local/consumer1/upload/k3M6d3n3Mmu5vtw-oH4vR5fhRDxWOWWWIJk5IU8CRX2IwzLU22ysRL7DSqNs
gateway-1   | [11:38:02.640180] [Gateway] Received I_3: mmlMDMAF04eH2ux...
gateway-1   | [11:38:02.640196] [Gateway] Decrypted I_3 -> session: session-12345, chunk: 341
gateway-1   | [11:38:02.640204] [Gateway] Forwarding I_4 to Consumer: /local/consumer1/upload/mmlMDMAF04eH2uxJ9gjQz6Gfc2TxIzRgZlQdpz1aNJW3OXygObmlb77m-eBC
gateway-1   | [11:38:02.640215] [Gateway] Received I_3: gQRkQN9KSufiUG0...
gateway-1   | [11:38:02.640223] [Gateway] Decrypted I_3 -> session: session-12345, chunk: 342
gateway-1   | [11:38:02.640230] [Gateway] Forwarding I_4 to Consumer: /local/consumer1/upload/gQRkQN9KSufiUG0LUKzTaMKALZwhd3VFX9G4dU_XlWmA312wmt8EfeAHen7-
gateway-1   | [11:38:02.640240] [Gateway] Received I_3: ZPPrBwvnRPY-aoQ...
gateway-1   | [11:38:02.640247] [Gateway] Decrypted I_3 -> session: session-12345, chunk: 343
gateway-1   | [11:38:02.640254] [Gateway] Forwarding I_4 to Consumer: /local/consumer1/upload/ZPPrBwvnRPY-aoQI9wcbsp52_tW1MWWjHVDM1iBqantioYlcSNR6auLCkCpU
gateway-1   | [11:38:02.640264] [Gateway] Received I_3: xZDRP5G8akig2ZJ...
gateway-1   | [11:38:02.640272] [Gateway] Decrypted I_3 -> session: session-12345, chunk: 344
gateway-1   | [11:38:02.640279] [Gateway] Forwarding I_4 to Consumer: /local/consumer1/upload/xZDRP5G8akig2ZJdkRF7GuvUGZ62_h-0HVVPZj01ezsWgz-B2LD3u_b6YhHK
gateway-1   | [11:38:02.640368] [Gateway] Received I_3: cSVBbuTf4Hf7u4s...
gateway-1   | [11:38:02.640395] [Gateway] Decrypted I_3 -> session: session-12345, chunk: 345
gateway-1   | [11:38:02.640406] [Gateway] Forwarding I_4 to Consumer: /local/consumer1/upload/cSVBbuTf4Hf7u4sfpXsls7BqgF_wLgdPx6CDXXmVtfRF_h3hsqlHAn23jgHL
gateway-1   | [11:38:02.640419] [Gateway] Received I_3: J84VF5KVqenqvzQ...
gateway-1   | [11:38:02.640428] [Gateway] Decrypted I_3 -> session: session-12345, chunk: 346
gateway-1   | [11:38:02.640438] [Gateway] Forwarding I_4 to Consumer: /local/consumer1/upload/J84VF5KVqenqvzQSBqQ5ZGafwafa2sawWovahSPXVDnMsif_tzyx020oAVtd
gateway-1   | [11:38:02.640450] [Gateway] Received I_3: BHIOXqXo_wEPdbm...
gateway-1   | [11:38:02.640458] [Gateway] Decrypted I_3 -> session: session-12345, chunk: 347
gateway-1   | [11:38:02.640465] [Gateway] Forwarding I_4 to Consumer: /local/consumer1/upload/BHIOXqXo_wEPdbmgTP4XHwzIrpTYV56dOn2o-AOF_RxWcnYH9xM_dtq6wMj9
gateway-1   | [11:38:02.640475] [Gateway] Received I_3: 4QS9qWr2KBGlFQX...
gateway-1   | [11:38:02.640482] [Gateway] Decrypted I_3 -> session: session-12345, chunk: 348
consumer-1  | [11:38:02.673143] [Consumer] Sending Data D_4 for chunk 442
consumer-1  | [11:38:02.673201] [Consumer] Received I_4! Decrypted request for chunk 443
consumer-1  | [11:38:02.673265] [Consumer] Sending Data D_4 for chunk 443
consumer-1  | [11:38:02.673791] [Consumer] Received I_4! Decrypted request for chunk 444
consumer-1  | [11:38:02.673913] [Consumer] Sending Data D_4 for chunk 444
consumer-1  | [11:38:02.673945] [Consumer] Received I_4! Decrypted request for chunk 445
consumer-1  | [11:38:02.674005] [Consumer] Sending Data D_4 for chunk 445
consumer-1  | [11:38:02.674022] [Consumer] Received I_4! Decrypted request for chunk 446
consumer-1  | [11:38:02.674076] [Consumer] Sending Data D_4 for chunk 446
consumer-1  | [11:38:02.674975] [Consumer] Received I_4! Decrypted request for chunk 447
consumer-1  | [11:38:02.675346] [Consumer] Sending Data D_4 for chunk 447
consumer-1  | [11:38:02.675429] [Consumer] Received I_4! Decrypted request for chunk 448
consumer-1  | [11:38:02.675521] [Consumer] Sending Data D_4 for chunk 448
consumer-1  | [11:38:02.675566] [Consumer] Received I_4! Decrypted request for chunk 449
consumer-1  | [11:38:02.675634] [Consumer] Sending Data D_4 for chunk 449
consumer-1  | [11:38:02.675673] [Consumer] Received I_4! Decrypted request for chunk 450
consumer-1  | [11:38:02.675736] [Consumer] Sending Data D_4 for chunk 450
consumer-1  | [11:38:02.675799] [Consumer] Received I_4! Decrypted request for chunk 451
consumer-1  | [11:38:02.675882] [Consumer] Sending Data D_4 for chunk 451
gateway-1   | [11:38:02.640489] [Gateway] Forwarding I_4 to Consumer: /local/consumer1/upload/4QS9qWr2KBGlFQXmtaEVP3Y_l-nUgnc96Sp0peHpf-HSghhls0L-7Ru92Axl
gateway-1   | [11:38:02.640500] [Gateway] Proxied chunk 332 back to Producer
gateway-1   | [11:38:02.640594] [Gateway] Received I_3: iEZ-nufPsK8J19Y...
gateway-1   | [11:38:02.640625] [Gateway] Decrypted I_3 -> session: session-12345, chunk: 349
gateway-1   | [11:38:02.640639] [Gateway] Forwarding I_4 to Consumer: /local/consumer1/upload/iEZ-nufPsK8J19YkV3gbBlkmOY4keGQVOa9wpWBfEXs1NRCgn8kpSlNaffA4
gateway-1   | [11:38:02.641445] [Gateway] Received I_3: LCuMvCwDUZwCHZ5...
gateway-1   | [11:38:02.641493] [Gateway] Decrypted I_3 -> session: session-12345, chunk: 350
gateway-1   | [11:38:02.641511] [Gateway] Forwarding I_4 to Consumer: /local/consumer1/upload/LCuMvCwDUZwCHZ5fcvD7rxlPS4WzQ1es9ZvJGNn-Ba3v96_m14gidxIsjb7A
gateway-1   | [11:38:02.641529] [Gateway] Proxied chunk 333 back to Producer
gateway-1   | [11:38:02.641711] [Gateway] Received I_3: 35kBIrffQZSIho7...
gateway-1   | [11:38:02.641750] [Gateway] Decrypted I_3 -> session: session-12345, chunk: 351
gateway-1   | [11:38:02.641766] [Gateway] Forwarding I_4 to Consumer: /local/consumer1/upload/35kBIrffQZSIho7yLlJv3uwaLSzR82VSNu7nIbS6VLaDwbhIueqP9JOu_Xy_
gateway-1   | [11:38:02.642214] [Gateway] Proxied chunk 334 back to Producer
gateway-1   | [11:38:02.642507] [Gateway] Received I_3: ENI7yxdznRqrsDN...
gateway-1   | [11:38:02.642573] [Gateway] Decrypted I_3 -> session: session-12345, chunk: 352
gateway-1   | [11:38:02.642605] [Gateway] Forwarding I_4 to Consumer: /local/consumer1/upload/ENI7yxdznRqrsDNJKs43EYN5YoJDEtsjJx76nH3QNzZ0qN8_oYwGeM4vLXZE
gateway-1   | [11:38:02.642879] [Gateway] Proxied chunk 335 back to Producer
gateway-1   | [11:38:02.643152] [Gateway] Received I_3: uEELW-Ceho-1dPk...
gateway-1   | [11:38:02.643232] [Gateway] Decrypted I_3 -> session: session-12345, chunk: 353
gateway-1   | [11:38:02.643304] [Gateway] Forwarding I_4 to Consumer: /local/consumer1/upload/uEELW-Ceho-1dPkD5U6B2q6Pv2t2fhhegk7mRuL4YhR7CvAumgTmWn_9aDa8
gateway-1   | [11:38:02.643533] [Gateway] Proxied chunk 336 back to Producer
gateway-1   | [11:38:02.643689] [Gateway] Received I_3: KyFs-GVmjgTsoxI...
gateway-1   | [11:38:02.643729] [Gateway] Decrypted I_3 -> session: session-12345, chunk: 354
gateway-1   | [11:38:02.643744] [Gateway] Forwarding I_4 to Consumer: /local/consumer1/upload/KyFs-GVmjgTsoxIPEFllRdVWcc6oFqKyyVVrCQ0Syf-w5R1IbYmxRq3C8PVX
gateway-1   | [11:38:02.643758] [Gateway] Proxied chunk 337 back to Producer
gateway-1   | [11:38:02.643854] [Gateway] Proxied chunk 338 back to Producer
gateway-1   | [11:38:02.643942] [Gateway] Proxied chunk 339 back to Producer
consumer-1  | [11:38:02.675939] [Consumer] Received I_4! Decrypted request for chunk 452
consumer-1  | [11:38:02.676019] [Consumer] Sending Data D_4 for chunk 452
consumer-1  | [11:38:02.676042] [Consumer] Received I_4! Decrypted request for chunk 453
consumer-1  | [11:38:02.676098] [Consumer] Sending Data D_4 for chunk 453
consumer-1  | [11:38:02.676138] [Consumer] Received I_4! Decrypted request for chunk 454
consumer-1  | [11:38:02.676203] [Consumer] Sending Data D_4 for chunk 454
consumer-1  | [11:38:02.677078] [Consumer] Received I_4! Decrypted request for chunk 455
consumer-1  | [11:38:02.677340] [Consumer] Sending Data D_4 for chunk 455
gateway-1   | [11:38:02.644001] [Gateway] Proxied chunk 340 back to Producer
consumer-1  | [11:38:02.677477] [Consumer] Received I_4! Decrypted request for chunk 456
consumer-1  | [11:38:02.677700] [Consumer] Sending Data D_4 for chunk 456
gateway-1   | [11:38:02.644412] [Gateway] Proxied chunk 341 back to Producer
consumer-1  | [11:38:02.677761] [Consumer] Received I_4! Decrypted request for chunk 457
gateway-1   | [11:38:02.644794] [Gateway] Proxied chunk 342 back to Producer
consumer-1  | [11:38:02.677965] [Consumer] Sending Data D_4 for chunk 457
gateway-1   | [11:38:02.645084] [Gateway] Received I_3: a81lCMMx6yLf4wr...
consumer-1  | [11:38:02.678959] [Consumer] Received I_4! Decrypted request for chunk 458
consumer-1  | [11:38:02.679114] [Consumer] Sending Data D_4 for chunk 458
consumer-1  | [11:38:02.679464] [Consumer] Received I_4! Decrypted request for chunk 459
consumer-1  | [11:38:02.679692] [Consumer] Sending Data D_4 for chunk 459
consumer-1  | [11:38:02.679865] [Consumer] Received I_4! Decrypted request for chunk 460
consumer-1  | [11:38:02.680114] [Consumer] Sending Data D_4 for chunk 460
consumer-1  | [11:38:02.680224] [Consumer] Received I_4! Decrypted request for chunk 461
consumer-1  | [11:38:02.680492] [Consumer] Sending Data D_4 for chunk 461
consumer-1  | [11:38:02.680547] [Consumer] Received I_4! Decrypted request for chunk 462
consumer-1  | [11:38:02.680645] [Consumer] Sending Data D_4 for chunk 462
consumer-1  | [11:38:02.680681] [Consumer] Received I_4! Decrypted request for chunk 463
consumer-1  | [11:38:02.680750] [Consumer] Sending Data D_4 for chunk 463
consumer-1  | [11:38:02.680768] [Consumer] Received I_4! Decrypted request for chunk 464
consumer-1  | [11:38:02.680824] [Consumer] Sending Data D_4 for chunk 464
consumer-1  | [11:38:02.680840] [Consumer] Received I_4! Decrypted request for chunk 465
consumer-1  | [11:38:02.680893] [Consumer] Sending Data D_4 for chunk 465
consumer-1  | [11:38:02.680909] [Consumer] Received I_4! Decrypted request for chunk 466
consumer-1  | [11:38:02.680961] [Consumer] Sending Data D_4 for chunk 466
consumer-1  | [11:38:02.680977] [Consumer] Received I_4! Decrypted request for chunk 467
consumer-1  | [11:38:02.681069] [Consumer] Sending Data D_4 for chunk 467
consumer-1  | [11:38:02.681094] [Consumer] Received I_4! Decrypted request for chunk 468
consumer-1  | [11:38:02.681183] [Consumer] Sending Data D_4 for chunk 468
consumer-1  | [11:38:02.681210] [Consumer] Received I_4! Decrypted request for chunk 469
gateway-1   | [11:38:02.645187] [Gateway] Decrypted I_3 -> session: session-12345, chunk: 355
consumer-1  | [11:38:02.681301] [Consumer] Sending Data D_4 for chunk 469
gateway-1   | [11:38:02.645223] [Gateway] Forwarding I_4 to Consumer: /local/consumer1/upload/a81lCMMx6yLf4wrarGTpKIFe7XZ0GUcknf5_-PPLW7L8bBXWUXkRWtRwjDyn
consumer-1  | [11:38:02.681343] [Consumer] Received I_4! Decrypted request for chunk 470
gateway-1   | [11:38:02.645294] [Gateway] Proxied chunk 343 back to Producer
consumer-1  | [11:38:02.681410] [Consumer] Sending Data D_4 for chunk 470
gateway-1   | [11:38:02.645567] [Gateway] Proxied chunk 344 back to Producer
consumer-1  | [11:38:02.681760] [Consumer] Received I_4! Decrypted request for chunk 471
gateway-1   | [11:38:02.645875] [Gateway] Proxied chunk 345 back to Producer
consumer-1  | [11:38:02.681892] [Consumer] Sending Data D_4 for chunk 471
gateway-1   | [11:38:02.645996] [Gateway] Proxied chunk 346 back to Producer
consumer-1  | [11:38:02.681942] [Consumer] Received I_4! Decrypted request for chunk 472
gateway-1   | [11:38:02.646078] [Gateway] Proxied chunk 347 back to Producer
consumer-1  | [11:38:02.682011] [Consumer] Sending Data D_4 for chunk 472
gateway-1   | [11:38:02.646155] [Gateway] Received I_3: uxoZrf8DEAnYPN-...
consumer-1  | [11:38:02.682053] [Consumer] Received I_4! Decrypted request for chunk 473
gateway-1   | [11:38:02.646189] [Gateway] Decrypted I_3 -> session: session-12345, chunk: 356
consumer-1  | [11:38:02.682117] [Consumer] Sending Data D_4 for chunk 473
consumer-1  | [11:38:02.682183] [Consumer] Received I_4! Decrypted request for chunk 474
consumer-1  | [11:38:02.682266] [Consumer] Sending Data D_4 for chunk 474
consumer-1  | [11:38:02.682306] [Consumer] Received I_4! Decrypted request for chunk 475
consumer-1  | [11:38:02.682370] [Consumer] Sending Data D_4 for chunk 475
consumer-1  | [11:38:02.682900] [Consumer] Received I_4! Decrypted request for chunk 476
consumer-1  | [11:38:02.683033] [Consumer] Sending Data D_4 for chunk 476
consumer-1  | [11:38:02.683118] [Consumer] Received I_4! Decrypted request for chunk 477
consumer-1  | [11:38:02.683213] [Consumer] Sending Data D_4 for chunk 477
consumer-1  | [11:38:02.683254] [Consumer] Received I_4! Decrypted request for chunk 478
consumer-1  | [11:38:02.683345] [Consumer] Sending Data D_4 for chunk 478
consumer-1  | [11:38:02.684057] [Consumer] Received I_4! Decrypted request for chunk 479
consumer-1  | [11:38:02.684196] [Consumer] Sending Data D_4 for chunk 479
consumer-1  | [11:38:02.684943] [Consumer] Received I_4! Decrypted request for chunk 480
consumer-1  | [11:38:02.685265] [Consumer] Sending Data D_4 for chunk 480
consumer-1  | [11:38:02.685453] [Consumer] Received I_4! Decrypted request for chunk 481
consumer-1  | [11:38:02.685618] [Consumer] Sending Data D_4 for chunk 481
consumer-1  | [11:38:02.685683] [Consumer] Received I_4! Decrypted request for chunk 482
consumer-1  | [11:38:02.685761] [Consumer] Sending Data D_4 for chunk 482
consumer-1  | [11:38:02.686283] [Consumer] Received I_4! Decrypted request for chunk 483
consumer-1  | [11:38:02.686430] [Consumer] Sending Data D_4 for chunk 483
consumer-1  | [11:38:02.686463] [Consumer] Received I_4! Decrypted request for chunk 484
consumer-1  | [11:38:02.686528] [Consumer] Sending Data D_4 for chunk 484
consumer-1  | [11:38:02.686590] [Consumer] Received I_4! Decrypted request for chunk 485
consumer-1  | [11:38:02.686742] [Consumer] Sending Data D_4 for chunk 485
consumer-1  | [11:38:02.687541] [Consumer] Received I_4! Decrypted request for chunk 486
consumer-1  | [11:38:02.687685] [Consumer] Sending Data D_4 for chunk 486
consumer-1  | [11:38:02.688545] [Consumer] Received I_4! Decrypted request for chunk 487
consumer-1  | [11:38:02.688678] [Consumer] Sending Data D_4 for chunk 487
consumer-1  | [11:38:02.688840] [Consumer] Received I_4! Decrypted request for chunk 488
gateway-1   | [11:38:02.646216] [Gateway] Forwarding I_4 to Consumer: /local/consumer1/upload/uxoZrf8DEAnYPN-OUQQ6ocaySTnrD3TkjXZ2AWfiYXbXDINmnvNnA9-ypdc_
consumer-1  | [11:38:02.689137] [Consumer] Sending Data D_4 for chunk 488
consumer-1  | [11:38:02.689320] [Consumer] Received I_4! Decrypted request for chunk 489
gateway-1   | [11:38:02.646245] [Gateway] Proxied chunk 348 back to Producer
consumer-1  | [11:38:02.689458] [Consumer] Sending Data D_4 for chunk 489
gateway-1   | [11:38:02.646304] [Gateway] Received I_3: 50W_veLGh8RduDY...
gateway-1   | [11:38:02.646331] [Gateway] Decrypted I_3 -> session: session-12345, chunk: 357
gateway-1   | [11:38:02.646342] [Gateway] Forwarding I_4 to Consumer: /local/consumer1/upload/50W_veLGh8RduDY9W5Bdvk_5JH0gcqwJx-T_VyFMJXQtzN3NwvYBiaLZttCX
gateway-1   | [11:38:02.646354] [Gateway] Proxied chunk 349 back to Producer
gateway-1   | [11:38:02.646408] [Gateway] Received I_3: 5tFf4qJN9MkwQZZ...
gateway-1   | [11:38:02.646434] [Gateway] Decrypted I_3 -> session: session-12345, chunk: 358
gateway-1   | [11:38:02.646445] [Gateway] Forwarding I_4 to Consumer: /local/consumer1/upload/5tFf4qJN9MkwQZZb1TAt_92lj6C75I_XVcnr3r9y9w6r78KiCu9D7CySY474
gateway-1   | [11:38:02.646456] [Gateway] Proxied chunk 350 back to Producer
gateway-1   | [11:38:02.646509] [Gateway] Proxied chunk 351 back to Producer
gateway-1   | [11:38:02.646556] [Gateway] Proxied chunk 352 back to Producer
gateway-1   | [11:38:02.646623] [Gateway] Proxied chunk 353 back to Producer
gateway-1   | [11:38:02.646671] [Gateway] Proxied chunk 354 back to Producer
gateway-1   | [11:38:02.646807] [Gateway] Received I_3: kaExBbEgC6Cet13...
gateway-1   | [11:38:02.646837] [Gateway] Decrypted I_3 -> session: session-12345, chunk: 359
gateway-1   | [11:38:02.646849] [Gateway] Forwarding I_4 to Consumer: /local/consumer1/upload/kaExBbEgC6Cet136GXzomztOIbGjBgtg5dB4mv9g1s9_ASg-g-McjIcQHyWS
gateway-1   | [11:38:02.646861] [Gateway] Received I_3: l2q03K4k7zrB6bQ...
gateway-1   | [11:38:02.646871] [Gateway] Decrypted I_3 -> session: session-12345, chunk: 360
gateway-1   | [11:38:02.646878] [Gateway] Forwarding I_4 to Consumer: /local/consumer1/upload/l2q03K4k7zrB6bQz6F25Qzeotju1EzPbbcsEhD5N8fuyIOsCqTpr4576qJLW
gateway-1   | [11:38:02.646891] [Gateway] Received I_3: 2yEmT1L28U30jW_...
gateway-1   | [11:38:02.646900] [Gateway] Decrypted I_3 -> session: session-12345, chunk: 361
gateway-1   | [11:38:02.646924] [Gateway] Forwarding I_4 to Consumer: /local/consumer1/upload/2yEmT1L28U30jW_O52d9gW6n80Hn2wAC6npqGULBkhR9DXP9AvdXXB8lZSqD
gateway-1   | [11:38:02.646936] [Gateway] Received I_3: YgLr3ruMeq8tSGT...
gateway-1   | [11:38:02.646947] [Gateway] Decrypted I_3 -> session: session-12345, chunk: 362
gateway-1   | [11:38:02.646955] [Gateway] Forwarding I_4 to Consumer: /local/consumer1/upload/YgLr3ruMeq8tSGT07EUcv8mTMPbiJfMLAT2X-mJfU1gdP2hrWxLmIgghrBSV
gateway-1   | [11:38:02.647811] [Gateway] Proxied chunk 355 back to Producer
gateway-1   | [11:38:02.648244] [Gateway] Proxied chunk 356 back to Producer
gateway-1   | [11:38:02.648665] [Gateway] Received I_3: lCqD9aFFfotiTzI...
gateway-1   | [11:38:02.648703] [Gateway] Decrypted I_3 -> session: session-12345, chunk: 363
gateway-1   | [11:38:02.648717] [Gateway] Forwarding I_4 to Consumer: /local/consumer1/upload/lCqD9aFFfotiTzI3GubjYZMuEwQqSVktopxj5viySu-SMvIOaAxlzdLM48UW
gateway-1   | [11:38:02.648734] [Gateway] Received I_3: NN9t9bLYgB17kXQ...
gateway-1   | [11:38:02.648742] [Gateway] Decrypted I_3 -> session: session-12345, chunk: 364
gateway-1   | [11:38:02.648750] [Gateway] Forwarding I_4 to Consumer: /local/consumer1/upload/NN9t9bLYgB17kXQHI2Y0D4MJEhDer_94l5-OTRWrQzFqpITj36eSHem7KQlv
gateway-1   | [11:38:02.648760] [Gateway] Received I_3: sdagH0ME_Na7KwD...
gateway-1   | [11:38:02.648767] [Gateway] Decrypted I_3 -> session: session-12345, chunk: 365
gateway-1   | [11:38:02.648774] [Gateway] Forwarding I_4 to Consumer: /local/consumer1/upload/sdagH0ME_Na7KwDegUvrw133eEFdfnDCkLr1WmAkKX0sShwa-iA1zRbgPh7m
gateway-1   | [11:38:02.648876] [Gateway] Received I_3: R5f35NS2SJxD2X5...
gateway-1   | [11:38:02.648905] [Gateway] Decrypted I_3 -> session: session-12345, chunk: 366
consumer-1  | [11:38:02.689508] [Consumer] Received I_4! Decrypted request for chunk 490
consumer-1  | [11:38:02.689579] [Consumer] Sending Data D_4 for chunk 490
consumer-1  | [11:38:02.689599] [Consumer] Received I_4! Decrypted request for chunk 491
consumer-1  | [11:38:02.689662] [Consumer] Sending Data D_4 for chunk 491
consumer-1  | [11:38:02.689748] [Consumer] Received I_4! Decrypted request for chunk 492
consumer-1  | [11:38:02.689941] [Consumer] Sending Data D_4 for chunk 492
consumer-1  | [11:38:02.690058] [Consumer] Received I_4! Decrypted request for chunk 493
consumer-1  | [11:38:02.690188] [Consumer] Sending Data D_4 for chunk 493
consumer-1  | [11:38:02.690234] [Consumer] Received I_4! Decrypted request for chunk 494
consumer-1  | [11:38:02.690306] [Consumer] Sending Data D_4 for chunk 494
consumer-1  | [11:38:02.690346] [Consumer] Received I_4! Decrypted request for chunk 495
consumer-1  | [11:38:02.690428] [Consumer] Sending Data D_4 for chunk 495
consumer-1  | [11:38:02.690467] [Consumer] Received I_4! Decrypted request for chunk 496
consumer-1  | [11:38:02.690531] [Consumer] Sending Data D_4 for chunk 496
consumer-1  | [11:38:02.690549] [Consumer] Received I_4! Decrypted request for chunk 497
consumer-1  | [11:38:02.690603] [Consumer] Sending Data D_4 for chunk 497
consumer-1  | [11:38:02.690642] [Consumer] Received I_4! Decrypted request for chunk 498
consumer-1  | [11:38:02.690705] [Consumer] Sending Data D_4 for chunk 498
consumer-1  | [11:38:02.690744] [Consumer] Received I_4! Decrypted request for chunk 499
consumer-1  | [11:38:02.690822] [Consumer] Sending Data D_4 for chunk 499
consumer-1  | [11:38:02.690861] [Consumer] Received I_4! Decrypted request for chunk 500
consumer-1  | [11:38:02.690925] [Consumer] Sending Data D_4 for chunk 500
consumer-1  | [11:38:03.191396] [Consumer] All chunks sent. Shutting down.
consumer-1  | 
consumer-1  | === [EVALUATION] Consumer Metrics ===
consumer-1  | Total Packets Exchanged: 1002 {'rx_i': 500, 'tx_i': 1, 'tx_d': 500, 'rx_d': 1}
consumer-1  | 1788176283.192190  INFO: [nfd.Transport] [id=262,local=unix:///run/nfd.sock,remote=fd://31] setState UP -> CLOSING
consumer-1  | 1788176283.192255  INFO: [nfd.Transport] [id=262,local=unix:///run/nfd.sock,remote=fd://31] setState CLOSING -> CLOSED
consumer-1  | 1788176283.192490  INFO: [nfd.FaceTable] Removed face id=262 remote=fd://31 local=unix:///run/nfd.sock
gateway-1   | [11:38:02.648917] [Gateway] Forwarding I_4 to Consumer: /local/consumer1/upload/R5f35NS2SJxD2X5Sko1Y9OwkVLKjQkX9o0V0amlQIsZJgYq9blSzoMa9z6l8
gateway-1   | [11:38:02.649265] [Gateway] Received I_3: CvDCO1kAzsIWvT0...
gateway-1   | [11:38:02.649378] [Gateway] Decrypted I_3 -> session: session-12345, chunk: 367
gateway-1   | [11:38:02.649418] [Gateway] Forwarding I_4 to Consumer: /local/consumer1/upload/CvDCO1kAzsIWvT0HYKMEFKv300v3M-S1AifqAov0ppByzpM4UJa5EgARsXE7
gateway-1   | [11:38:02.649489] [Gateway] Received I_3: sOlc4q3HM66naRL...
gateway-1   | [11:38:02.649528] [Gateway] Decrypted I_3 -> session: session-12345, chunk: 368
gateway-1   | [11:38:02.649555] [Gateway] Forwarding I_4 to Consumer: /local/consumer1/upload/sOlc4q3HM66naRLgyWshEhVBm5g_25eZGLbZlL05GyFsPZWWVP0DDGCUKen3
gateway-1   | [11:38:02.649580] [Gateway] Received I_3: sKpS7-jQXAKHnei...
gateway-1   | [11:38:02.649603] [Gateway] Decrypted I_3 -> session: session-12345, chunk: 369
gateway-1   | [11:38:02.649623] [Gateway] Forwarding I_4 to Consumer: /local/consumer1/upload/sKpS7-jQXAKHneiGd5le5haJu3k4Se1kB7tb5S2wJcAc_YFqc1ZJwBtZCjkx
gateway-1   | [11:38:02.649692] [Gateway] Received I_3: Mp08jKpoUi7R0en...
gateway-1   | [11:38:02.649762] [Gateway] Decrypted I_3 -> session: session-12345, chunk: 370
gateway-1   | [11:38:02.649828] [Gateway] Forwarding I_4 to Consumer: /local/consumer1/upload/Mp08jKpoUi7R0enC7aep2DG1UrSjNXV4wi1mrR2vYrNWdmccGkCOC6IDpPKg
gateway-1   | [11:38:02.649864] [Gateway] Received I_3: rYQ-4lCN6tNrCY9...
gateway-1   | [11:38:02.649940] [Gateway] Decrypted I_3 -> session: session-12345, chunk: 371
gateway-1   | [11:38:02.649975] [Gateway] Forwarding I_4 to Consumer: /local/consumer1/upload/rYQ-4lCN6tNrCY9np3uynmc6UA_fncIEnzOR3IXy3ADbf9Cfw4LhEKyvePs3
gateway-1   | [11:38:02.650138] [Gateway] Received I_3: A9l9HiPB9n48Wb2...
gateway-1   | [11:38:02.650219] [Gateway] Decrypted I_3 -> session: session-12345, chunk: 372
gateway-1   | [11:38:02.650307] [Gateway] Forwarding I_4 to Consumer: /local/consumer1/upload/A9l9HiPB9n48Wb2CQ3Of4ajnYLB34qz0uo2ItJd8FUoQKSOpWsh82k-fS2cM
gateway-1   | [11:38:02.650368] [Gateway] Received I_3: MA_r2pe1zwo8BEr...
gateway-1   | [11:38:02.650404] [Gateway] Decrypted I_3 -> session: session-12345, chunk: 373
gateway-1   | [11:38:02.650417] [Gateway] Forwarding I_4 to Consumer: /local/consumer1/upload/MA_r2pe1zwo8BErEeie2vBktu6bZiydBRal4usOgw7OJYUEt0cb2GJfi3TDQ
gateway-1   | [11:38:02.650446] [Gateway] Received I_3: cGQpGUyfPWJIfmo...
gateway-1   | [11:38:02.650458] [Gateway] Decrypted I_3 -> session: session-12345, chunk: 374
gateway-1   | [11:38:02.650468] [Gateway] Forwarding I_4 to Consumer: /local/consumer1/upload/cGQpGUyfPWJIfmoImfMMCnz1w7ef6iar0s9KbZTEwfYS7ps8A1IUC66Z9OHM
gateway-1   | [11:38:02.650478] [Gateway] Received I_3: o2MHGAoBwKlm7gO...
gateway-1   | [11:38:02.650486] [Gateway] Decrypted I_3 -> session: session-12345, chunk: 375
gateway-1   | [11:38:02.650498] [Gateway] Forwarding I_4 to Consumer: /local/consumer1/upload/o2MHGAoBwKlm7gORNxSf_D0KchDdluJAcdcHRjCXIoVKejXYfd6OBUGen026
gateway-1   | [11:38:02.650509] [Gateway] Received I_3: PfU-aGD40unR5DJ...
gateway-1   | [11:38:02.650532] [Gateway] Decrypted I_3 -> session: session-12345, chunk: 376
gateway-1   | [11:38:02.650544] [Gateway] Forwarding I_4 to Consumer: /local/consumer1/upload/PfU-aGD40unR5DJyW0RHul0LTtMYmCAJDNzuxJamMw9gwgPqYfNLn6OgnFYv
gateway-1   | [11:38:02.650557] [Gateway] Proxied chunk 357 back to Producer
gateway-1   | [11:38:02.650707] [Gateway] Proxied chunk 358 back to Producer
gateway-1   | [11:38:02.650791] [Gateway] Proxied chunk 359 back to Producer
gateway-1   | [11:38:02.650867] [Gateway] Proxied chunk 360 back to Producer
gateway-1   | [11:38:02.650938] [Gateway] Proxied chunk 361 back to Producer
gateway-1   | [11:38:02.650988] [Gateway] Proxied chunk 362 back to Producer
gateway-1   | [11:38:02.651056] [Gateway] Proxied chunk 363 back to Producer
gateway-1   | [11:38:02.651125] [Gateway] Proxied chunk 364 back to Producer
gateway-1   | [11:38:02.651194] [Gateway] Proxied chunk 365 back to Producer
gateway-1   | [11:38:02.651262] [Gateway] Proxied chunk 366 back to Producer
gateway-1   | [11:38:02.651365] [Gateway] Proxied chunk 367 back to Producer
gateway-1   | [11:38:02.651465] [Gateway] Proxied chunk 368 back to Producer
gateway-1   | [11:38:02.652245] [Gateway] Proxied chunk 369 back to Producer
gateway-1   | [11:38:02.652779] [Gateway] Proxied chunk 370 back to Producer
gateway-1   | [11:38:02.653060] [Gateway] Proxied chunk 371 back to Producer
gateway-1   | [11:38:02.653231] [Gateway] Proxied chunk 372 back to Producer
gateway-1   | [11:38:02.653301] [Gateway] Proxied chunk 373 back to Producer
gateway-1   | [11:38:02.653389] [Gateway] Proxied chunk 374 back to Producer
gateway-1   | [11:38:02.653461] [Gateway] Proxied chunk 375 back to Producer
gateway-1   | [11:38:02.653512] [Gateway] Proxied chunk 376 back to Producer
gateway-1   | [11:38:02.653565] [Gateway] Received I_3: qycNBJLFNG9jhiN...
gateway-1   | [11:38:02.653600] [Gateway] Decrypted I_3 -> session: session-12345, chunk: 377
gateway-1   | [11:38:02.653614] [Gateway] Forwarding I_4 to Consumer: /local/consumer1/upload/qycNBJLFNG9jhiNCOmxadCnogCyDHl-YmLtMn5w-sz5qOzwpKc3pMzO5_Aga
gateway-1   | [11:38:02.654274] [Gateway] Received I_3: 5-sCu8D4aSO9rrj...
gateway-1   | [11:38:02.654326] [Gateway] Decrypted I_3 -> session: session-12345, chunk: 378
gateway-1   | [11:38:02.654345] [Gateway] Forwarding I_4 to Consumer: /local/consumer1/upload/5-sCu8D4aSO9rrjnXcYwDv7ikGk4RD34RMGImspGz6XheYB9DhmeCCRzQBpW
gateway-1   | [11:38:02.654402] [Gateway] Proxied chunk 377 back to Producer
gateway-1   | [11:38:02.654983] [Gateway] Received I_3: CbS9X7W-AdWtHpL...
gateway-1   | [11:38:02.655079] [Gateway] Decrypted I_3 -> session: session-12345, chunk: 379
gateway-1   | [11:38:02.655151] [Gateway] Forwarding I_4 to Consumer: /local/consumer1/upload/CbS9X7W-AdWtHpLYIefHUPSmRtoaiEllgwnuKdMS4JIl_bWjS1u-iwOqSqZs
gateway-1   | [11:38:02.655270] [Gateway] Received I_3: SkIQApY1fCpUrXE...
gateway-1   | [11:38:02.655304] [Gateway] Decrypted I_3 -> session: session-12345, chunk: 380
gateway-1   | [11:38:02.655336] [Gateway] Forwarding I_4 to Consumer: /local/consumer1/upload/SkIQApY1fCpUrXEzHTDvVx--A5AE2EHn9bGi-F-WVvDA03250AnGAk-eKuMh
gateway-1   | [11:38:02.655375] [Gateway] Received I_3: MHCA69mETcq-tJV...
gateway-1   | [11:38:02.655388] [Gateway] Decrypted I_3 -> session: session-12345, chunk: 381
gateway-1   | [11:38:02.655400] [Gateway] Forwarding I_4 to Consumer: /local/consumer1/upload/MHCA69mETcq-tJVahN_tET3YghuJyL0sozrjMHEU6VnGsbJa3j4BXL_fDUxM
gateway-1   | [11:38:02.655414] [Gateway] Proxied chunk 378 back to Producer
gateway-1   | [11:38:02.655509] [Gateway] Received I_3: bjqZUwvR8UVIIs-...
gateway-1   | [11:38:02.655521] [Gateway] Decrypted I_3 -> session: session-12345, chunk: 382
gateway-1   | [11:38:02.655529] [Gateway] Forwarding I_4 to Consumer: /local/consumer1/upload/bjqZUwvR8UVIIs-BPGpAymcAdUAAqydAye86G-9nzdhfnZ8wWahmYNCF-W0l
gateway-1   | [11:38:02.655539] [Gateway] Received I_3: WNCWP9Szb2YNxAg...
gateway-1   | [11:38:02.655546] [Gateway] Decrypted I_3 -> session: session-12345, chunk: 383
gateway-1   | [11:38:02.655553] [Gateway] Forwarding I_4 to Consumer: /local/consumer1/upload/WNCWP9Szb2YNxAg630JOR9MFGlOQEUFgrOBSfbLwllcvSfTW0gdTi2wqPMQO
gateway-1   | [11:38:02.655562] [Gateway] Received I_3: JWZ__J8UUB5x41h...
gateway-1   | [11:38:02.655569] [Gateway] Decrypted I_3 -> session: session-12345, chunk: 384
gateway-1   | [11:38:02.655576] [Gateway] Forwarding I_4 to Consumer: /local/consumer1/upload/JWZ__J8UUB5x41hkKYDASiKk6jd0p5UZSCUTRKHW_nGGLa28G8L-mKMYNKZe
gateway-1   | [11:38:02.655584] [Gateway] Received I_3: jhGbkDLLvHfToyW...
gateway-1   | [11:38:02.655592] [Gateway] Decrypted I_3 -> session: session-12345, chunk: 385
gateway-1   | [11:38:02.655599] [Gateway] Forwarding I_4 to Consumer: /local/consumer1/upload/jhGbkDLLvHfToyWX15X7ZM7g67tupMG8xR6FdIV8Hc9HoJsWPn8KeBtBfBtg
gateway-1   | [11:38:02.655607] [Gateway] Received I_3: lAQ8gz1KCtQm29M...
gateway-1   | [11:38:02.655614] [Gateway] Decrypted I_3 -> session: session-12345, chunk: 386
gateway-1   | [11:38:02.655622] [Gateway] Forwarding I_4 to Consumer: /local/consumer1/upload/lAQ8gz1KCtQm29MRksur1rulhbpCLYdZVJLwDiAhSdqfJxz-yGWByQHgMmnp
gateway-1   | [11:38:02.655630] [Gateway] Received I_3: qGsBEZGe9gKrWQq...
gateway-1   | [11:38:02.655637] [Gateway] Decrypted I_3 -> session: session-12345, chunk: 387
gateway-1   | [11:38:02.655644] [Gateway] Forwarding I_4 to Consumer: /local/consumer1/upload/qGsBEZGe9gKrWQq0LqjnBWw1fhHYMuOYOBIJQwRErmcRvB8MV4yB9JoB_Bzq
gateway-1   | [11:38:02.655653] [Gateway] Received I_3: qhjIgt2mDCdljO8...
gateway-1   | [11:38:02.655661] [Gateway] Decrypted I_3 -> session: session-12345, chunk: 388
gateway-1   | [11:38:02.655667] [Gateway] Forwarding I_4 to Consumer: /local/consumer1/upload/qhjIgt2mDCdljO8Vg-J_IgAmpEhwgLi1IK70O-TPc6VPWXlITcKZOrEsUgTC
gateway-1   | [11:38:02.655677] [Gateway] Received I_3: P3m4MsrhlY6b5a_...
gateway-1   | [11:38:02.655684] [Gateway] Decrypted I_3 -> session: session-12345, chunk: 389
gateway-1   | [11:38:02.655691] [Gateway] Forwarding I_4 to Consumer: /local/consumer1/upload/P3m4MsrhlY6b5a_u7bKsXta2TPaj8f9F6mLtNxiZh81I6rjM6AO7QvWt7Ki-
gateway-1   | [11:38:02.655700] [Gateway] Received I_3: NyLH_j905TT10mI...
gateway-1   | [11:38:02.655706] [Gateway] Decrypted I_3 -> session: session-12345, chunk: 390
gateway-1   | [11:38:02.655713] [Gateway] Forwarding I_4 to Consumer: /local/consumer1/upload/NyLH_j905TT10mIhffe95BMNcCSFiw6uRUpWU60mzdIJP_5rTlH13RI3YzW4
gateway-1   | [11:38:02.655722] [Gateway] Received I_3: cN0eyXBzK-rISy9...
gateway-1   | [11:38:02.655729] [Gateway] Decrypted I_3 -> session: session-12345, chunk: 391
gateway-1   | [11:38:02.655736] [Gateway] Forwarding I_4 to Consumer: /local/consumer1/upload/cN0eyXBzK-rISy9YuVprD5BBlUlISuraEUR5jTo2lX9S8IoZwuPY8gDq541N
gateway-1   | [11:38:02.655787] [Gateway] Received I_3: b15ar7czmnYmvrO...
gateway-1   | [11:38:02.655795] [Gateway] Decrypted I_3 -> session: session-12345, chunk: 392
gateway-1   | [11:38:02.655802] [Gateway] Forwarding I_4 to Consumer: /local/consumer1/upload/b15ar7czmnYmvrOVKo0mAWvE1RPKgx9VXPkDgy0xmF07YPYEazjE2rYEKT34
gateway-1   | [11:38:02.655811] [Gateway] Received I_3: mh--iB6t1mDrVQs...
gateway-1   | [11:38:02.655818] [Gateway] Decrypted I_3 -> session: session-12345, chunk: 393
gateway-1   | [11:38:02.655825] [Gateway] Forwarding I_4 to Consumer: /local/consumer1/upload/mh--iB6t1mDrVQs8P5ZRE2-7tF0D28G87MAlWB-6aPTjasROZy7E02VLkZHK
gateway-1   | [11:38:02.655834] [Gateway] Received I_3: YdAKpA6z-Tscy75...
gateway-1   | [11:38:02.655841] [Gateway] Decrypted I_3 -> session: session-12345, chunk: 394
gateway-1   | [11:38:02.655848] [Gateway] Forwarding I_4 to Consumer: /local/consumer1/upload/YdAKpA6z-Tscy75BjCeo1rI4n_rRc2iD6ApzjjNvpEGAxBAc6cp1dwetk_Uu
gateway-1   | [11:38:02.655868] [Gateway] Received I_3: yg09jHVCBPzEUo8...
gateway-1   | [11:38:02.655876] [Gateway] Decrypted I_3 -> session: session-12345, chunk: 395
gateway-1   | [11:38:02.655883] [Gateway] Forwarding I_4 to Consumer: /local/consumer1/upload/yg09jHVCBPzEUo8LR0ZkjaC__e77fGZAbJ-dgPxkCMuKpbc03WgL8iA4yCPD
gateway-1   | [11:38:02.655892] [Gateway] Received I_3: jbG5j2d4m0yxiN0...
gateway-1   | [11:38:02.655899] [Gateway] Decrypted I_3 -> session: session-12345, chunk: 396
gateway-1   | [11:38:02.655908] [Gateway] Forwarding I_4 to Consumer: /local/consumer1/upload/jbG5j2d4m0yxiN0nKws6S5ssnBj4fJSE_aTJ8xZTmH3NolYiCuC4qP50Zm7o
gateway-1   | [11:38:02.656082] [Gateway] Received I_3: aT3N5Z1pk8toCCY...
gateway-1   | [11:38:02.656196] [Gateway] Decrypted I_3 -> session: session-12345, chunk: 397
gateway-1   | [11:38:02.656232] [Gateway] Forwarding I_4 to Consumer: /local/consumer1/upload/aT3N5Z1pk8toCCYYltFpqFwwScT8PVcZzJ8CgqxxEuoD_lP5sUzRj6W44ioX
gateway-1   | [11:38:02.656406] [Gateway] Proxied chunk 379 back to Producer
gateway-1   | [11:38:02.656892] [Gateway] Proxied chunk 380 back to Producer
gateway-1   | [11:38:02.657032] [Gateway] Received I_3: RbzwYRY8ODd1i6i...
gateway-1   | [11:38:02.657053] [Gateway] Decrypted I_3 -> session: session-12345, chunk: 398
gateway-1   | [11:38:02.657064] [Gateway] Forwarding I_4 to Consumer: /local/consumer1/upload/RbzwYRY8ODd1i6isQI2BR6WdsXMUEobnT1Po5th63w9qpU8yyNpfyHuKXoOL
gateway-1   | [11:38:02.657907] [Gateway] Received I_3: J53NbTdyNLJHDJg...
gateway-1   | [11:38:02.657999] [Gateway] Decrypted I_3 -> session: session-12345, chunk: 399
gateway-1   | [11:38:02.658035] [Gateway] Forwarding I_4 to Consumer: /local/consumer1/upload/J53NbTdyNLJHDJg-ExGBKNDmf4vr8BqDRfvevwz3YEELRcHnNF49aHsHMIUC
gateway-1   | [11:38:02.658068] [Gateway] Received I_3: iQyMxJNKw3PMUO1...
gateway-1   | [11:38:02.658090] [Gateway] Decrypted I_3 -> session: session-12345, chunk: 400
gateway-1   | [11:38:02.658175] [Gateway] Forwarding I_4 to Consumer: /local/consumer1/upload/iQyMxJNKw3PMUO1ehFJLIS6JDusv2mi-Sz0c05oC_gTjT3e6M96OfeY2DrtE
gateway-1   | [11:38:02.658845] [Gateway] Proxied chunk 381 back to Producer
gateway-1   | [11:38:02.659301] [Gateway] Proxied chunk 382 back to Producer
gateway-1   | [11:38:02.659450] [Gateway] Proxied chunk 383 back to Producer
gateway-1   | [11:38:02.659544] [Gateway] Proxied chunk 384 back to Producer
gateway-1   | [11:38:02.659621] [Gateway] Proxied chunk 385 back to Producer
gateway-1   | [11:38:02.659672] [Gateway] Proxied chunk 386 back to Producer
gateway-1   | [11:38:02.659742] [Gateway] Proxied chunk 387 back to Producer
gateway-1   | [11:38:02.659811] [Gateway] Proxied chunk 388 back to Producer
gateway-1   | [11:38:02.659881] [Gateway] Proxied chunk 389 back to Producer
gateway-1   | [11:38:02.659982] [Gateway] Proxied chunk 390 back to Producer
gateway-1   | [11:38:02.660044] [Gateway] Proxied chunk 391 back to Producer
gateway-1   | [11:38:02.660092] [Gateway] Proxied chunk 392 back to Producer
gateway-1   | [11:38:02.660138] [Gateway] Proxied chunk 393 back to Producer
gateway-1   | [11:38:02.660186] [Gateway] Proxied chunk 394 back to Producer
gateway-1   | [11:38:02.660232] [Gateway] Proxied chunk 395 back to Producer
gateway-1   | [11:38:02.660277] [Gateway] Proxied chunk 396 back to Producer
gateway-1   | [11:38:02.660349] [Gateway] Proxied chunk 397 back to Producer
gateway-1   | [11:38:02.660400] [Gateway] Proxied chunk 398 back to Producer
gateway-1   | [11:38:02.660459] [Gateway] Proxied chunk 399 back to Producer
gateway-1   | [11:38:02.660537] [Gateway] Proxied chunk 400 back to Producer
gateway-1   | [11:38:02.660655] [Gateway] Received I_3: dDtfJd0jiKNXe14...
gateway-1   | [11:38:02.660691] [Gateway] Decrypted I_3 -> session: session-12345, chunk: 401
gateway-1   | [11:38:02.660705] [Gateway] Forwarding I_4 to Consumer: /local/consumer1/upload/dDtfJd0jiKNXe14wbZWBspc-1-orRdeu-YBKOPyntTXz3VnyjORQbsGiAFY_
gateway-1   | [11:38:02.660722] [Gateway] Received I_3: neo0BtP6Fw9_BOI...
gateway-1   | [11:38:02.660745] [Gateway] Decrypted I_3 -> session: session-12345, chunk: 402
gateway-1   | [11:38:02.660771] [Gateway] Forwarding I_4 to Consumer: /local/consumer1/upload/neo0BtP6Fw9_BOIUYcXpXhjG9im7orxLD3y12SvGgCT-eX0GDTkWUgfpuSLW
gateway-1   | [11:38:02.660822] [Gateway] Received I_3: hPA8ytESYlN6tgD...
gateway-1   | [11:38:02.660847] [Gateway] Decrypted I_3 -> session: session-12345, chunk: 403
gateway-1   | [11:38:02.660859] [Gateway] Forwarding I_4 to Consumer: /local/consumer1/upload/hPA8ytESYlN6tgDwRjj1xzZ2yj2qpeGaf4f-2HU62T0k7eMxlx0mYXQv7CTF
gateway-1   | [11:38:02.661708] [Gateway] Received I_3: buVShjiYaruxMQV...
gateway-1   | [11:38:02.661757] [Gateway] Decrypted I_3 -> session: session-12345, chunk: 404
gateway-1   | [11:38:02.661774] [Gateway] Forwarding I_4 to Consumer: /local/consumer1/upload/buVShjiYaruxMQVG6U9pjiCy2lzDLq6RDkFRTndGueEFSybgteu1QuHp_-Zm
gateway-1   | [11:38:02.661961] [Gateway] Received I_3: 6az31x4c8lLOgu4...
gateway-1   | [11:38:02.662051] [Gateway] Decrypted I_3 -> session: session-12345, chunk: 405
gateway-1   | [11:38:02.662127] [Gateway] Forwarding I_4 to Consumer: /local/consumer1/upload/6az31x4c8lLOgu4CT3zjQJxtGtdZrq5fsatKN_LLec7EZL6kYJIfhPVHIjHF
gateway-1   | [11:38:02.662188] [Gateway] Received I_3: CHBboaEAkc5sRQp...
gateway-1   | [11:38:02.662244] [Gateway] Decrypted I_3 -> session: session-12345, chunk: 406
gateway-1   | [11:38:02.662316] [Gateway] Forwarding I_4 to Consumer: /local/consumer1/upload/CHBboaEAkc5sRQp4N7Y4F0TXeciYD2-3PwKLOncdLiN1Uz_eWFCq46-QKBWU
gateway-1   | [11:38:02.662352] [Gateway] Received I_3: GUXG2jR9jhHZgvT...
gateway-1   | [11:38:02.662421] [Gateway] Decrypted I_3 -> session: session-12345, chunk: 407
gateway-1   | [11:38:02.662462] [Gateway] Forwarding I_4 to Consumer: /local/consumer1/upload/GUXG2jR9jhHZgvTHxVcZqbQU1u5aAfqECVxL9jaihYs1_8LPwbSI1q42EcMf
gateway-1   | [11:38:02.662484] [Gateway] Received I_3: HyqcAEeGbviilvN...
gateway-1   | [11:38:02.662511] [Gateway] Decrypted I_3 -> session: session-12345, chunk: 408
gateway-1   | [11:38:02.662524] [Gateway] Forwarding I_4 to Consumer: /local/consumer1/upload/HyqcAEeGbviilvNmDZ6poVOme2vC9--ADQAAlz8N8r87JJM5dBtB0KpVfKna
gateway-1   | [11:38:02.662571] [Gateway] Proxied chunk 401 back to Producer
gateway-1   | [11:38:02.663028] [Gateway] Received I_3: ldQNpZdAJeNaVmK...
gateway-1   | [11:38:02.663084] [Gateway] Decrypted I_3 -> session: session-12345, chunk: 409
gateway-1   | [11:38:02.663114] [Gateway] Forwarding I_4 to Consumer: /local/consumer1/upload/ldQNpZdAJeNaVmKChKhnZr8IkrZIe5zQuIF6uUxViBRIHiGyvKOZidFMSGSG
gateway-1   | [11:38:02.663242] [Gateway] Proxied chunk 402 back to Producer
gateway-1   | [11:38:02.663857] [Gateway] Proxied chunk 403 back to Producer
gateway-1   | [11:38:02.664358] [Gateway] Received I_3: H6AQI_du7NJKD0O...
gateway-1   | [11:38:02.664405] [Gateway] Decrypted I_3 -> session: session-12345, chunk: 410
gateway-1   | [11:38:02.664422] [Gateway] Forwarding I_4 to Consumer: /local/consumer1/upload/H6AQI_du7NJKD0O49xfAsddw9AdEtQHW2x1t7e3r1_-H2m-exlpYgU7mAyKG
gateway-1   | [11:38:02.664650] [Gateway] Proxied chunk 404 back to Producer
gateway-1   | [11:38:02.664816] [Gateway] Proxied chunk 405 back to Producer
gateway-1   | [11:38:02.664906] [Gateway] Proxied chunk 406 back to Producer
gateway-1   | [11:38:02.664990] [Gateway] Proxied chunk 407 back to Producer
gateway-1   | [11:38:02.665079] [Gateway] Proxied chunk 408 back to Producer
gateway-1   | [11:38:02.665166] [Gateway] Proxied chunk 409 back to Producer
gateway-1   | [11:38:02.665250] [Gateway] Received I_3: y_oYJok_T0Ti--7...
gateway-1   | [11:38:02.665287] [Gateway] Decrypted I_3 -> session: session-12345, chunk: 411
gateway-1   | [11:38:02.665302] [Gateway] Forwarding I_4 to Consumer: /local/consumer1/upload/y_oYJok_T0Ti--7rdyRKp40AFbiYfEGhfvtJ1wynU68_zqxQYXqQPuGPvABA
gateway-1   | [11:38:02.665724] [Gateway] Received I_3: mFlaxc0_2gwowK6...
gateway-1   | [11:38:02.665772] [Gateway] Decrypted I_3 -> session: session-12345, chunk: 412
gateway-1   | [11:38:02.665789] [Gateway] Forwarding I_4 to Consumer: /local/consumer1/upload/mFlaxc0_2gwowK6PJp6ak6ScXK0ccdfVmmYhi3E1dLePLmBYAeh9BDnyBeom
gateway-1   | [11:38:02.665805] [Gateway] Proxied chunk 410 back to Producer
gateway-1   | [11:38:02.665903] [Gateway] Received I_3: m62ZmvcX_zDqRht...
gateway-1   | [11:38:02.665937] [Gateway] Decrypted I_3 -> session: session-12345, chunk: 413
gateway-1   | [11:38:02.665951] [Gateway] Forwarding I_4 to Consumer: /local/consumer1/upload/m62ZmvcX_zDqRht5FKUxYyEzDEWAWFWg4--ZYmgbAuypNpcquuZqJKsBJOV9
gateway-1   | [11:38:02.665964] [Gateway] Received I_3: xncPe9FEZ6RR6cp...
gateway-1   | [11:38:02.665974] [Gateway] Decrypted I_3 -> session: session-12345, chunk: 414
gateway-1   | [11:38:02.665985] [Gateway] Forwarding I_4 to Consumer: /local/consumer1/upload/xncPe9FEZ6RR6cps4XB6-eIlW36QoJy-Y3cYjCoa3eriOJpT9vfdebHeVAKw
gateway-1   | [11:38:02.666075] [Gateway] Received I_3: xtkvn0bXwOAsq2T...
gateway-1   | [11:38:02.666125] [Gateway] Decrypted I_3 -> session: session-12345, chunk: 415
gateway-1   | [11:38:02.666142] [Gateway] Forwarding I_4 to Consumer: /local/consumer1/upload/xtkvn0bXwOAsq2TYG6OQWjuH8ZRKoe9meveB5MvKGDOIgZVWKBCJ0lk2jWXJ
gateway-1   | [11:38:02.666265] [Gateway] Received I_3: LhCr78ENGmwvGGc...
gateway-1   | [11:38:02.666297] [Gateway] Decrypted I_3 -> session: session-12345, chunk: 416
gateway-1   | [11:38:02.666310] [Gateway] Forwarding I_4 to Consumer: /local/consumer1/upload/LhCr78ENGmwvGGc_q7U_fBjgo7sa_dSNPGyBaGECnm9-Bc9HyN5L5WS8Bmxn
gateway-1   | [11:38:02.666335] [Gateway] Proxied chunk 411 back to Producer
gateway-1   | [11:38:02.666424] [Gateway] Received I_3: CAYN4qaNFx2cM9Z...
gateway-1   | [11:38:02.666435] [Gateway] Decrypted I_3 -> session: session-12345, chunk: 417
gateway-1   | [11:38:02.666443] [Gateway] Forwarding I_4 to Consumer: /local/consumer1/upload/CAYN4qaNFx2cM9Z9RkEGicPSNGOUDH-3T9b0Q68l3l3S55tC7LOOs8gIApT_
gateway-1   | [11:38:02.666453] [Gateway] Received I_3: JJIyYnBMCnnuggp...
gateway-1   | [11:38:02.666460] [Gateway] Decrypted I_3 -> session: session-12345, chunk: 418
gateway-1   | [11:38:02.666467] [Gateway] Forwarding I_4 to Consumer: /local/consumer1/upload/JJIyYnBMCnnuggpmMdWbdNQlZleaMOx0bizmJFBFwjzt9iXmUgJ9g50KuRrY
gateway-1   | [11:38:02.666476] [Gateway] Received I_3: 909mGQh5ANMWTcD...
gateway-1   | [11:38:02.666484] [Gateway] Decrypted I_3 -> session: session-12345, chunk: 419
gateway-1   | [11:38:02.666491] [Gateway] Forwarding I_4 to Consumer: /local/consumer1/upload/909mGQh5ANMWTcDv75ZHidTcTLdkZ1DFl2HyEYKAUn1SutV9jf4hQFR3R-Xk
gateway-1   | [11:38:02.666500] [Gateway] Received I_3: hK167pee_uFklx6...
gateway-1   | [11:38:02.666508] [Gateway] Decrypted I_3 -> session: session-12345, chunk: 420
gateway-1   | [11:38:02.666515] [Gateway] Forwarding I_4 to Consumer: /local/consumer1/upload/hK167pee_uFklx6xlOm5ajQQNzWCQ1ByDh05oTQfUxyOCQKZotse87g8Oxn4
gateway-1   | [11:38:02.666524] [Gateway] Received I_3: _zvOudN1ksRiFyZ...
gateway-1   | [11:38:02.666532] [Gateway] Decrypted I_3 -> session: session-12345, chunk: 421
gateway-1   | [11:38:02.666539] [Gateway] Forwarding I_4 to Consumer: /local/consumer1/upload/_zvOudN1ksRiFyZIKrJKnRXi5seuJphkVkMbHNii4uGGiKqjPk7Q6Z2FfQT7
gateway-1   | [11:38:02.666569] [Gateway] Received I_3: trqa1txT7Jd06hl...
gateway-1   | [11:38:02.666577] [Gateway] Decrypted I_3 -> session: session-12345, chunk: 422
gateway-1   | [11:38:02.666584] [Gateway] Forwarding I_4 to Consumer: /local/consumer1/upload/trqa1txT7Jd06hlyIHp4_CjwkmZzwY-zfOSA6yevdS1wy2YO9PUnMmY9e3dT
gateway-1   | [11:38:02.666594] [Gateway] Received I_3: JzA8jvt6sfv8VLl...
gateway-1   | [11:38:02.666601] [Gateway] Decrypted I_3 -> session: session-12345, chunk: 423
gateway-1   | [11:38:02.666609] [Gateway] Forwarding I_4 to Consumer: /local/consumer1/upload/JzA8jvt6sfv8VLl7jQnPIwTs15MWjSxsEmhCXwACQeGeZNzi8a0D3crg6-ot
gateway-1   | [11:38:02.666618] [Gateway] Received I_3: SyZ0Fafa2qdiTux...
gateway-1   | [11:38:02.666625] [Gateway] Decrypted I_3 -> session: session-12345, chunk: 424
gateway-1   | [11:38:02.666632] [Gateway] Forwarding I_4 to Consumer: /local/consumer1/upload/SyZ0Fafa2qdiTux5RukIpJuO7X85rrHsC82b2K8pVJb5E-nq1LdGPEfA-NFX
gateway-1   | [11:38:02.666641] [Gateway] Received I_3: iN_BxREZNGKjpMA...
gateway-1   | [11:38:02.666648] [Gateway] Decrypted I_3 -> session: session-12345, chunk: 425
gateway-1   | [11:38:02.666655] [Gateway] Forwarding I_4 to Consumer: /local/consumer1/upload/iN_BxREZNGKjpMAQbhv7L0WEY3s69ZTu6yP-fxy_S1QdwRwCuViIQ_zCTRKV
gateway-1   | [11:38:02.666664] [Gateway] Received I_3: pXylQ6ALWILU63O...
gateway-1   | [11:38:02.666671] [Gateway] Decrypted I_3 -> session: session-12345, chunk: 426
gateway-1   | [11:38:02.666678] [Gateway] Forwarding I_4 to Consumer: /local/consumer1/upload/pXylQ6ALWILU63OErJJ_nkktf99S5quok6-IUoQZwnjT3oZWUAI9AzfzbPuN
gateway-1   | [11:38:02.666704] [Gateway] Received I_3: -_aWzomET-kYRpv...
gateway-1   | [11:38:02.666711] [Gateway] Decrypted I_3 -> session: session-12345, chunk: 427
gateway-1   | [11:38:02.666719] [Gateway] Forwarding I_4 to Consumer: /local/consumer1/upload/-_aWzomET-kYRpvdjvnuZpkhn8wlHB153Q2BzzVlDVigkjECjBnpRK9lJAzv
gateway-1   | [11:38:02.667769] [Gateway] Proxied chunk 412 back to Producer
gateway-1   | [11:38:02.667993] [Gateway] Received I_3: KY5W0jEp9QKVXJs...
gateway-1   | [11:38:02.668034] [Gateway] Decrypted I_3 -> session: session-12345, chunk: 428
gateway-1   | [11:38:02.668057] [Gateway] Forwarding I_4 to Consumer: /local/consumer1/upload/KY5W0jEp9QKVXJsx5eB4cUzB9uLTDKb0_CRu3RxAmJvoCE4U72Uc997rw1MP
gateway-1   | [11:38:02.668223] [Gateway] Received I_3: _X_EWZJeS06y4Zs...
gateway-1   | [11:38:02.668298] [Gateway] Decrypted I_3 -> session: session-12345, chunk: 429
gateway-1   | [11:38:02.668363] [Gateway] Forwarding I_4 to Consumer: /local/consumer1/upload/_X_EWZJeS06y4ZsroLBJJJANgBzNE9rjfzhpaDJL79MQIx7ZVou39jxIvJ8o
gateway-1   | [11:38:02.668411] [Gateway] Proxied chunk 413 back to Producer
gateway-1   | [11:38:02.668516] [Gateway] Received I_3: 2ATFCY7yuSvDmy_...
gateway-1   | [11:38:02.668553] [Gateway] Decrypted I_3 -> session: session-12345, chunk: 430
gateway-1   | [11:38:02.668567] [Gateway] Forwarding I_4 to Consumer: /local/consumer1/upload/2ATFCY7yuSvDmy_UOYeVKsTgUSEwKJ4ww_tnZA658sldHOMXEsfuJ45RLMh_
gateway-1   | [11:38:02.668581] [Gateway] Received I_3: P1R32n5MrLsWwqM...
gateway-1   | [11:38:02.668590] [Gateway] Decrypted I_3 -> session: session-12345, chunk: 431
gateway-1   | [11:38:02.668597] [Gateway] Forwarding I_4 to Consumer: /local/consumer1/upload/P1R32n5MrLsWwqMbtuDW8Vivk6S2Kkvc9d-pMZ16Mq7VV_fcmnTau1U6ahO2
gateway-1   | [11:38:02.668648] [Gateway] Proxied chunk 414 back to Producer
gateway-1   | [11:38:02.669217] [Gateway] Proxied chunk 415 back to Producer
gateway-1   | [11:38:02.669473] [Gateway] Proxied chunk 416 back to Producer
gateway-1   | [11:38:02.669663] [Gateway] Proxied chunk 417 back to Producer
gateway-1   | [11:38:02.669761] [Gateway] Proxied chunk 418 back to Producer
gateway-1   | [11:38:02.669834] [Gateway] Proxied chunk 419 back to Producer
gateway-1   | [11:38:02.669901] [Gateway] Proxied chunk 420 back to Producer
gateway-1   | [11:38:02.669950] [Gateway] Proxied chunk 421 back to Producer
gateway-1   | [11:38:02.670024] [Gateway] Received I_3: 6t3Ag7nI2IiDSOh...
gateway-1   | [11:38:02.670061] [Gateway] Decrypted I_3 -> session: session-12345, chunk: 432
gateway-1   | [11:38:02.670076] [Gateway] Forwarding I_4 to Consumer: /local/consumer1/upload/6t3Ag7nI2IiDSOhwgd0crGKcSOylDFKE91ZSoF1kpTrJxKxuHT4ojUnrDqzb
gateway-1   | [11:38:02.670091] [Gateway] Proxied chunk 422 back to Producer
gateway-1   | [11:38:02.670198] [Gateway] Proxied chunk 423 back to Producer
gateway-1   | [11:38:02.670276] [Gateway] Proxied chunk 424 back to Producer
gateway-1   | [11:38:02.670345] [Gateway] Proxied chunk 425 back to Producer
gateway-1   | [11:38:02.670415] [Gateway] Proxied chunk 426 back to Producer
gateway-1   | [11:38:02.670468] [Gateway] Proxied chunk 427 back to Producer
gateway-1   | [11:38:02.670540] [Gateway] Received I_3: m2nLjfPWp5lk-S7...
gateway-1   | [11:38:02.670571] [Gateway] Decrypted I_3 -> session: session-12345, chunk: 433
gateway-1   | [11:38:02.670584] [Gateway] Forwarding I_4 to Consumer: /local/consumer1/upload/m2nLjfPWp5lk-S74sU_Jk9cJ1BdtnVgFLP4XvocJA5pe7HVveuN2gqPnERrc
gateway-1   | [11:38:02.670598] [Gateway] Received I_3: oPpVtXWLNJ5dE4Z...
gateway-1   | [11:38:02.670606] [Gateway] Decrypted I_3 -> session: session-12345, chunk: 434
gateway-1   | [11:38:02.670617] [Gateway] Forwarding I_4 to Consumer: /local/consumer1/upload/oPpVtXWLNJ5dE4Zyt_4Z_8oCO1VZSTcFQ5xKrjBg9mqPcVG5aO23LBlR4X24
gateway-1   | [11:38:02.671266] [Gateway] Proxied chunk 428 back to Producer
gateway-1   | [11:38:02.671391] [Gateway] Proxied chunk 429 back to Producer
gateway-1   | [11:38:02.671485] [Gateway] Received I_3: i4iPyqRD7n4Ja4_...
gateway-1   | [11:38:02.671524] [Gateway] Decrypted I_3 -> session: session-12345, chunk: 435
gateway-1   | [11:38:02.671536] [Gateway] Forwarding I_4 to Consumer: /local/consumer1/upload/i4iPyqRD7n4Ja4_TiQwgUYZnJ5UA1Mwei2eH3aGYyjuTZo8-QgdaUTWfvw9x
gateway-1   | [11:38:02.671550] [Gateway] Proxied chunk 430 back to Producer
gateway-1   | [11:38:02.671607] [Gateway] Proxied chunk 431 back to Producer
gateway-1   | [11:38:02.671720] [Gateway] Received I_3: _9FkD68R2W3cGL2...
gateway-1   | [11:38:02.671752] [Gateway] Decrypted I_3 -> session: session-12345, chunk: 436
gateway-1   | [11:38:02.671764] [Gateway] Forwarding I_4 to Consumer: /local/consumer1/upload/_9FkD68R2W3cGL2m1rbLNmAnYQQbYKWHeGeTG4M8WVdcyl0xRcginCBsoWmS
gateway-1   | [11:38:02.671891] [Gateway] Proxied chunk 432 back to Producer
gateway-1   | [11:38:02.672168] [Gateway] Received I_3: ES6SyoPblmd7Vbx...
gateway-1   | [11:38:02.672215] [Gateway] Decrypted I_3 -> session: session-12345, chunk: 437
gateway-1   | [11:38:02.672231] [Gateway] Forwarding I_4 to Consumer: /local/consumer1/upload/ES6SyoPblmd7Vbxr8h2sGy8eYqJOc0h97arMEEzflxuVBfvIleN-_U9PT7NR
gateway-1   | [11:38:02.672257] [Gateway] Received I_3: PTKCpgvePiK8DQv...
gateway-1   | [11:38:02.672266] [Gateway] Decrypted I_3 -> session: session-12345, chunk: 438
gateway-1   | [11:38:02.672275] [Gateway] Forwarding I_4 to Consumer: /local/consumer1/upload/PTKCpgvePiK8DQv5MUO74nKRelZg6z82xCFRZGuEGR0uwc9xLXpN8FrkAWLu
gateway-1   | [11:38:02.672284] [Gateway] Received I_3: Ro9WYgYi0j_joEo...
gateway-1   | [11:38:02.672292] [Gateway] Decrypted I_3 -> session: session-12345, chunk: 439
gateway-1   | [11:38:02.672299] [Gateway] Forwarding I_4 to Consumer: /local/consumer1/upload/Ro9WYgYi0j_joEoRrlI0Pc90PgUZAqexG4PBXq_hF0WK76MwEKa9rdqeW9ot
gateway-1   | [11:38:02.672308] [Gateway] Received I_3: Z0P0Ploeo7yX1vB...
gateway-1   | [11:38:02.672316] [Gateway] Decrypted I_3 -> session: session-12345, chunk: 440
gateway-1   | [11:38:02.672323] [Gateway] Forwarding I_4 to Consumer: /local/consumer1/upload/Z0P0Ploeo7yX1vBfTlHo-aZvADQi0uBVhfWX-jXNlXH7T7SoqSegFH9nkJ52
gateway-1   | [11:38:02.672364] [Gateway] Received I_3: pzBFGVOMcD2-9eW...
gateway-1   | [11:38:02.672389] [Gateway] Decrypted I_3 -> session: session-12345, chunk: 441
gateway-1   | [11:38:02.672400] [Gateway] Forwarding I_4 to Consumer: /local/consumer1/upload/pzBFGVOMcD2-9eW6yB7BJR4lSEvc1NGAjN5_AbP0XyfCtZNCdPboz7r7eEPg
gateway-1   | [11:38:02.672412] [Gateway] Received I_3: Bp_aUA9Fj9Rhi-u...
gateway-1   | [11:38:02.672420] [Gateway] Decrypted I_3 -> session: session-12345, chunk: 442
gateway-1   | [11:38:02.672431] [Gateway] Forwarding I_4 to Consumer: /local/consumer1/upload/Bp_aUA9Fj9Rhi-u7n2c4cNfutOBVJsCtdYmexTQO4haYdn19JYsy6hlKEp_Z
gateway-1   | [11:38:02.672442] [Gateway] Received I_3: 9aAKW_3xORL8UI9...
gateway-1   | [11:38:02.672466] [Gateway] Decrypted I_3 -> session: session-12345, chunk: 443
gateway-1   | [11:38:02.672478] [Gateway] Forwarding I_4 to Consumer: /local/consumer1/upload/9aAKW_3xORL8UI9YOftp_tnc_TEIULEUwMHjjLrCuzwL4532BGjfOrSnj30Y
gateway-1   | [11:38:02.672566] [Gateway] Received I_3: HfRILVY8PFbmXDu...
gateway-1   | [11:38:02.672582] [Gateway] Decrypted I_3 -> session: session-12345, chunk: 444
gateway-1   | [11:38:02.672593] [Gateway] Forwarding I_4 to Consumer: /local/consumer1/upload/HfRILVY8PFbmXDuQH0fX-dIX2h581uR8lGDXNQeUkPn5xEe3S8m_zQjEsGOm
gateway-1   | [11:38:02.672630] [Gateway] Received I_3: 3Mr2DjbRNQFZB-E...
gateway-1   | [11:38:02.672655] [Gateway] Decrypted I_3 -> session: session-12345, chunk: 445
gateway-1   | [11:38:02.672667] [Gateway] Forwarding I_4 to Consumer: /local/consumer1/upload/3Mr2DjbRNQFZB-EVZdKheARVCyIhTUGpwF73XhebfYNF0AV2td4BcI0H7W7g
gateway-1   | [11:38:02.673177] [Gateway] Proxied chunk 433 back to Producer
gateway-1   | [11:38:02.673396] [Gateway] Received I_3: 8JxZxtyxJBo26nI...
gateway-1   | [11:38:02.673509] [Gateway] Decrypted I_3 -> session: session-12345, chunk: 446
gateway-1   | [11:38:02.673538] [Gateway] Forwarding I_4 to Consumer: /local/consumer1/upload/8JxZxtyxJBo26nI86N6tvXISf2naA9mxwveVxjzzKwND2PDLuj6YYL78ByfI
gateway-1   | [11:38:02.673590] [Gateway] Proxied chunk 434 back to Producer
gateway-1   | [11:38:02.673701] [Gateway] Received I_3: lAbJ1H6dfSxsy54...
gateway-1   | [11:38:02.673735] [Gateway] Decrypted I_3 -> session: session-12345, chunk: 447
gateway-1   | [11:38:02.673749] [Gateway] Forwarding I_4 to Consumer: /local/consumer1/upload/lAbJ1H6dfSxsy54IPw0E-JTUxoMFacTnUZ4pudsLi5pw7p2zbRQwyjLiaRgQ
gateway-1   | [11:38:02.673763] [Gateway] Proxied chunk 435 back to Producer
gateway-1   | [11:38:02.673829] [Gateway] Received I_3: egc3WgHlUfUrCLJ...
gateway-1   | [11:38:02.673857] [Gateway] Decrypted I_3 -> session: session-12345, chunk: 448
gateway-1   | [11:38:02.673870] [Gateway] Forwarding I_4 to Consumer: /local/consumer1/upload/egc3WgHlUfUrCLJY5eRbSWJmVpRmxKqcAIC5eSdTl6I0dfTkQcop5ibq4fFG
gateway-1   | [11:38:02.673881] [Gateway] Proxied chunk 436 back to Producer
gateway-1   | [11:38:02.673938] [Gateway] Received I_3: tmSxFC_q9wPmzz5...
gateway-1   | [11:38:02.673965] [Gateway] Decrypted I_3 -> session: session-12345, chunk: 449
gateway-1   | [11:38:02.673977] [Gateway] Forwarding I_4 to Consumer: /local/consumer1/upload/tmSxFC_q9wPmzz5e42NoBy-59hfhA0G1BeeiY5xX0lGi9Dfpjs0eXnh71m-8
gateway-1   | [11:38:02.674038] [Gateway] Proxied chunk 437 back to Producer
gateway-1   | [11:38:02.674097] [Gateway] Received I_3: c0eEMKUuvouWmec...
gateway-1   | [11:38:02.674125] [Gateway] Decrypted I_3 -> session: session-12345, chunk: 450
gateway-1   | [11:38:02.674137] [Gateway] Forwarding I_4 to Consumer: /local/consumer1/upload/c0eEMKUuvouWmeceKKxYMPh9nfyN0aPY1i5rWZGjZgmhYUJ1JCiF-TQBjTDn
gateway-1   | [11:38:02.674148] [Gateway] Proxied chunk 438 back to Producer
gateway-1   | [11:38:02.674206] [Gateway] Received I_3: 1IUm3O-talxb-oH...
gateway-1   | [11:38:02.674260] [Gateway] Decrypted I_3 -> session: session-12345, chunk: 451
gateway-1   | [11:38:02.674282] [Gateway] Forwarding I_4 to Consumer: /local/consumer1/upload/1IUm3O-talxb-oHVOydsduR2HOcXQIGvuCRIYwJwBBXfwYKLU6-Pa5Vt9n86
gateway-1   | [11:38:02.674309] [Gateway] Proxied chunk 439 back to Producer
gateway-1   | [11:38:02.674375] [Gateway] Received I_3: qhRAHtPHuesvmzo...
gateway-1   | [11:38:02.674388] [Gateway] Decrypted I_3 -> session: session-12345, chunk: 452
gateway-1   | [11:38:02.674398] [Gateway] Forwarding I_4 to Consumer: /local/consumer1/upload/qhRAHtPHuesvmzo-nxoRYx1esj77Pq6D5g2KwjDcpb1_NdBrtlWJ1fV3RpTz
gateway-1   | [11:38:02.674407] [Gateway] Proxied chunk 440 back to Producer
gateway-1   | [11:38:02.674457] [Gateway] Proxied chunk 441 back to Producer
gateway-1   | [11:38:02.674530] [Gateway] Proxied chunk 442 back to Producer
gateway-1   | [11:38:02.674580] [Gateway] Proxied chunk 443 back to Producer
gateway-1   | [11:38:02.674704] [Gateway] Proxied chunk 444 back to Producer
gateway-1   | [11:38:02.674784] [Gateway] Received I_3: k2bMFe84FMFRWQl...
gateway-1   | [11:38:02.674799] [Gateway] Decrypted I_3 -> session: session-12345, chunk: 453
gateway-1   | [11:38:02.674808] [Gateway] Forwarding I_4 to Consumer: /local/consumer1/upload/k2bMFe84FMFRWQlMViNPx7sA8BapbmK9-V23uCOo4C4-WDCdIiRa-KMiQVhM
gateway-1   | [11:38:02.674819] [Gateway] Proxied chunk 445 back to Producer
gateway-1   | [11:38:02.674891] [Gateway] Proxied chunk 446 back to Producer
gateway-1   | [11:38:02.675670] [Gateway] Received I_3: pznUsg0zHCr578H...
gateway-1   | [11:38:02.675742] [Gateway] Decrypted I_3 -> session: session-12345, chunk: 454
gateway-1   | [11:38:02.675760] [Gateway] Forwarding I_4 to Consumer: /local/consumer1/upload/pznUsg0zHCr578HciMEw2hfdLXWWMK3pBhapFp5zbZRq9F1Rc1I6msiglUo4
gateway-1   | [11:38:02.675792] [Gateway] Proxied chunk 447 back to Producer
gateway-1   | [11:38:02.676269] [Gateway] Proxied chunk 448 back to Producer
gateway-1   | [11:38:02.676450] [Gateway] Received I_3: Etl5S-_GMVFFa2c...
gateway-1   | [11:38:02.676476] [Gateway] Decrypted I_3 -> session: session-12345, chunk: 455
gateway-1   | [11:38:02.676488] [Gateway] Forwarding I_4 to Consumer: /local/consumer1/upload/Etl5S-_GMVFFa2c364dNJVPIEZuNZ6d4gh3l8IGAmhiABDeLsgCZ9hs0K4M6
gateway-1   | [11:38:02.676502] [Gateway] Received I_3: dSY6H8SAkuL6Ej9...
gateway-1   | [11:38:02.676509] [Gateway] Decrypted I_3 -> session: session-12345, chunk: 456
gateway-1   | [11:38:02.676517] [Gateway] Forwarding I_4 to Consumer: /local/consumer1/upload/dSY6H8SAkuL6Ej9fn7LnwZQN6N5gjSxOK44mT0_3i4-BSiMkV4ANjvH6Lv-S
gateway-1   | [11:38:02.676631] [Gateway] Proxied chunk 449 back to Producer
gateway-1   | [11:38:02.676772] [Gateway] Received I_3: A2bLzxklFHMxgxp...
gateway-1   | [11:38:02.676812] [Gateway] Decrypted I_3 -> session: session-12345, chunk: 457
gateway-1   | [11:38:02.676827] [Gateway] Forwarding I_4 to Consumer: /local/consumer1/upload/A2bLzxklFHMxgxpzyaIFlEWCA4A14LMw1cnTMN340zvr52CPI1Rmdk9rEC7_
gateway-1   | [11:38:02.677070] [Gateway] Proxied chunk 450 back to Producer
gateway-1   | [11:38:02.677335] [Gateway] Received I_3: GSIHycecUauLouE...
gateway-1   | [11:38:02.677422] [Gateway] Decrypted I_3 -> session: session-12345, chunk: 458
gateway-1   | [11:38:02.677500] [Gateway] Forwarding I_4 to Consumer: /local/consumer1/upload/GSIHycecUauLouEvWovIQNbu22Js1CMl6Zl6Y5kvBCJxbGNjs7whJQYBroiT
gateway-1   | [11:38:02.677649] [Gateway] Proxied chunk 451 back to Producer
gateway-1   | [11:38:02.677854] [Gateway] Received I_3: zLGRrzVMmrYX_aL...
gateway-1   | [11:38:02.677941] [Gateway] Decrypted I_3 -> session: session-12345, chunk: 459
gateway-1   | [11:38:02.678017] [Gateway] Forwarding I_4 to Consumer: /local/consumer1/upload/zLGRrzVMmrYX_aLfusiYF7vdO2d47rIdeIuo9LeBcHb9S6ETioeO0rEfvb98
gateway-1   | [11:38:02.678052] [Gateway] Proxied chunk 452 back to Producer
gateway-1   | [11:38:02.678209] [Gateway] Received I_3: r3vHtH5-WmQwCXB...
gateway-1   | [11:38:02.678259] [Gateway] Decrypted I_3 -> session: session-12345, chunk: 460
gateway-1   | [11:38:02.678273] [Gateway] Forwarding I_4 to Consumer: /local/consumer1/upload/r3vHtH5-WmQwCXB8xHCbr3tq525msigT5Y8QVhqCi1RAYTy-e8QSLXIEBNZV
gateway-1   | [11:38:02.678289] [Gateway] Proxied chunk 453 back to Producer
gateway-1   | [11:38:02.678357] [Gateway] Proxied chunk 454 back to Producer
gateway-1   | [11:38:02.678413] [Gateway] Received I_3: vD3CpZQ_f-ofwT4...
gateway-1   | [11:38:02.678443] [Gateway] Decrypted I_3 -> session: session-12345, chunk: 461
gateway-1   | [11:38:02.678455] [Gateway] Forwarding I_4 to Consumer: /local/consumer1/upload/vD3CpZQ_f-ofwT4BXvCAVZ29HnsrVQAmDt6LuLt9k2PwvVIHZ8PRM0nsTr4U
gateway-1   | [11:38:02.678468] [Gateway] Received I_3: 9_yVk8r3p3LWkeT...
gateway-1   | [11:38:02.678476] [Gateway] Decrypted I_3 -> session: session-12345, chunk: 462
gateway-1   | [11:38:02.678483] [Gateway] Forwarding I_4 to Consumer: /local/consumer1/upload/9_yVk8r3p3LWkeTHrdjdDWw5NCKZ7ipFSd44QhvydJ6yP8Ou9gSq9gWjYerk
gateway-1   | [11:38:02.678492] [Gateway] Received I_3: 7HLYpavQdU02hpK...
gateway-1   | [11:38:02.678499] [Gateway] Decrypted I_3 -> session: session-12345, chunk: 463
gateway-1   | [11:38:02.678506] [Gateway] Forwarding I_4 to Consumer: /local/consumer1/upload/7HLYpavQdU02hpKCjL4pvhu2LHk6wEC2DdVs6JnlNRcGhJao-A1S5_blkQyE
gateway-1   | [11:38:02.678558] [Gateway] Received I_3: qI49GyaS3AxwERX...
gateway-1   | [11:38:02.678587] [Gateway] Decrypted I_3 -> session: session-12345, chunk: 464
gateway-1   | [11:38:02.678599] [Gateway] Forwarding I_4 to Consumer: /local/consumer1/upload/qI49GyaS3AxwERXfuUkro8qC9PUs7dskHm4kbv-g4eERtvoanvacroAl3Zf2
gateway-1   | [11:38:02.678612] [Gateway] Received I_3: G57la2Bzm27U-0w...
gateway-1   | [11:38:02.678621] [Gateway] Decrypted I_3 -> session: session-12345, chunk: 465
gateway-1   | [11:38:02.678629] [Gateway] Forwarding I_4 to Consumer: /local/consumer1/upload/G57la2Bzm27U-0w8dpJJ4vClindeTikuf0LPYdmuw_Llx5NmY7Iw3MhwtWdE
gateway-1   | [11:38:02.678638] [Gateway] Received I_3: x0730obXgvb1wla...
gateway-1   | [11:38:02.678646] [Gateway] Decrypted I_3 -> session: session-12345, chunk: 466
gateway-1   | [11:38:02.678657] [Gateway] Forwarding I_4 to Consumer: /local/consumer1/upload/x0730obXgvb1wlaRPSp8fjvRUybfjehJCb00pJM9nQ4jafwa4cCgoK5yBYgk
gateway-1   | [11:38:02.678684] [Gateway] Received I_3: QJ7r5HW82Wx8UIB...
gateway-1   | [11:38:02.678709] [Gateway] Decrypted I_3 -> session: session-12345, chunk: 467
gateway-1   | [11:38:02.678722] [Gateway] Forwarding I_4 to Consumer: /local/consumer1/upload/QJ7r5HW82Wx8UIBTYTF2_1jRAxkAiHbg0YEYS3hGMTjhgISsqkHSnu094Oak
gateway-1   | [11:38:02.678734] [Gateway] Received I_3: aiVw0ct8myDG_9o...
gateway-1   | [11:38:02.678766] [Gateway] Decrypted I_3 -> session: session-12345, chunk: 468
gateway-1   | [11:38:02.678790] [Gateway] Forwarding I_4 to Consumer: /local/consumer1/upload/aiVw0ct8myDG_9ojvar3TcN1wmZPrABPzMWf7hBT5wyQaDfB3c_cRfq1X1a1
gateway-1   | [11:38:02.678804] [Gateway] Received I_3: -tdR7jy30kfnGGH...
gateway-1   | [11:38:02.678815] [Gateway] Decrypted I_3 -> session: session-12345, chunk: 469
gateway-1   | [11:38:02.678824] [Gateway] Forwarding I_4 to Consumer: /local/consumer1/upload/-tdR7jy30kfnGGHD8WDEavf_YG25aCQk8ywO0R5HN7dPeH64WZD_Od0-SvZj
gateway-1   | [11:38:02.678834] [Gateway] Proxied chunk 455 back to Producer
gateway-1   | [11:38:02.678899] [Gateway] Proxied chunk 456 back to Producer
gateway-1   | [11:38:02.679015] [Gateway] Proxied chunk 457 back to Producer
gateway-1   | [11:38:02.679079] [Gateway] Received I_3: nGdEAbwVlDzAJXe...
gateway-1   | [11:38:02.679108] [Gateway] Decrypted I_3 -> session: session-12345, chunk: 470
gateway-1   | [11:38:02.679121] [Gateway] Forwarding I_4 to Consumer: /local/consumer1/upload/nGdEAbwVlDzAJXe1RsQSQznnc6TF75rVROgZxiZWQ9bzB9qCKOfPswyKezG3
gateway-1   | [11:38:02.679811] [Gateway] Proxied chunk 458 back to Producer
gateway-1   | [11:38:02.680151] [Gateway] Received I_3: 75Z-5janqcCMrfz...
gateway-1   | [11:38:02.680241] [Gateway] Decrypted I_3 -> session: session-12345, chunk: 471
gateway-1   | [11:38:02.680283] [Gateway] Forwarding I_4 to Consumer: /local/consumer1/upload/75Z-5janqcCMrfzLyUdPJVEANopBEabHZ3QXrOZMC2e38QXv318n4XQ3FXx3
gateway-1   | [11:38:02.680356] [Gateway] Proxied chunk 459 back to Producer
gateway-1   | [11:38:02.680718] [Gateway] Received I_3: YitnKAcAWPGQNWy...
gateway-1   | [11:38:02.680812] [Gateway] Decrypted I_3 -> session: session-12345, chunk: 472
gateway-1   | [11:38:02.680838] [Gateway] Forwarding I_4 to Consumer: /local/consumer1/upload/YitnKAcAWPGQNWyuFsaGGd2ULWGntUxuayNnOjwwL6vjlmURmvRaEdzHBIa3
gateway-1   | [11:38:02.680974] [Gateway] Received I_3: 1g9iorUO9Us7FWc...
gateway-1   | [11:38:02.681020] [Gateway] Decrypted I_3 -> session: session-12345, chunk: 473
gateway-1   | [11:38:02.681037] [Gateway] Forwarding I_4 to Consumer: /local/consumer1/upload/1g9iorUO9Us7FWcq6KWK8v7PdDN2x8FCmBvwH1RR09GixsFYu5VTWLOu2I6m
gateway-1   | [11:38:02.681206] [Gateway] Received I_3: 2RXNeKvD8rocrll...
gateway-1   | [11:38:02.681381] [Gateway] Decrypted I_3 -> session: session-12345, chunk: 474
gateway-1   | [11:38:02.681464] [Gateway] Forwarding I_4 to Consumer: /local/consumer1/upload/2RXNeKvD8rocrllAEeb8ayBElsUlf9k-9zzOFP-RvDjMDAfQdi9_0CeYclz8
gateway-1   | [11:38:02.681502] [Gateway] Received I_3: nYUhPic6hMiICub...
gateway-1   | [11:38:02.681539] [Gateway] Decrypted I_3 -> session: session-12345, chunk: 475
gateway-1   | [11:38:02.681552] [Gateway] Forwarding I_4 to Consumer: /local/consumer1/upload/nYUhPic6hMiICub9xVn_Tkc-XMIpr1Xjrg67i65nMc5CesR1ptm4ff6ijnbu
gateway-1   | [11:38:02.681614] [Gateway] Received I_3: 5rysYqzSm7wHcLt...
gateway-1   | [11:38:02.681628] [Gateway] Decrypted I_3 -> session: session-12345, chunk: 476
gateway-1   | [11:38:02.681638] [Gateway] Forwarding I_4 to Consumer: /local/consumer1/upload/5rysYqzSm7wHcLt3UVYugU3vchjCaf1Zgcac4iFDSyLgiqspEUcKm_AyQjVW
gateway-1   | [11:38:02.681649] [Gateway] Received I_3: X1zAKGR_oHVSvUp...
gateway-1   | [11:38:02.681657] [Gateway] Decrypted I_3 -> session: session-12345, chunk: 477
gateway-1   | [11:38:02.681665] [Gateway] Forwarding I_4 to Consumer: /local/consumer1/upload/X1zAKGR_oHVSvUpogPo-QxoeSvobcjRNsUbXpIOUOdVksJ7PwYqMNJLS56sr
gateway-1   | [11:38:02.681674] [Gateway] Received I_3: TkRo2MTSzQSASgb...
gateway-1   | [11:38:02.681681] [Gateway] Decrypted I_3 -> session: session-12345, chunk: 478
gateway-1   | [11:38:02.681688] [Gateway] Forwarding I_4 to Consumer: /local/consumer1/upload/TkRo2MTSzQSASgbWj3es2vmWhwcY9udzClobs5ue88-wHY5rErbaJWO4g8Ut
gateway-1   | [11:38:02.682327] [Gateway] Proxied chunk 460 back to Producer
gateway-1   | [11:38:02.682552] [Gateway] Received I_3: 5hHLo4WKj8yT6eu...
gateway-1   | [11:38:02.682691] [Gateway] Decrypted I_3 -> session: session-12345, chunk: 479
gateway-1   | [11:38:02.682734] [Gateway] Forwarding I_4 to Consumer: /local/consumer1/upload/5hHLo4WKj8yT6eu-kzI2qbpzYbxVvI1tQukbHGGjJLtaBaEJH7LnTG-rEEoz
gateway-1   | [11:38:02.682800] [Gateway] Proxied chunk 461 back to Producer
gateway-1   | [11:38:02.682889] [Gateway] Proxied chunk 462 back to Producer
gateway-1   | [11:38:02.682966] [Gateway] Proxied chunk 463 back to Producer
gateway-1   | [11:38:02.683016] [Gateway] Proxied chunk 464 back to Producer
gateway-1   | [11:38:02.683107] [Gateway] Proxied chunk 465 back to Producer
gateway-1   | [11:38:02.683179] [Gateway] Proxied chunk 466 back to Producer
gateway-1   | [11:38:02.683228] [Gateway] Proxied chunk 467 back to Producer
gateway-1   | [11:38:02.683274] [Gateway] Proxied chunk 468 back to Producer
gateway-1   | [11:38:02.683320] [Gateway] Proxied chunk 469 back to Producer
gateway-1   | [11:38:02.683388] [Gateway] Proxied chunk 470 back to Producer
gateway-1   | [11:38:02.683460] [Gateway] Proxied chunk 471 back to Producer
gateway-1   | [11:38:02.683510] [Gateway] Proxied chunk 472 back to Producer
gateway-1   | [11:38:02.683583] [Gateway] Proxied chunk 473 back to Producer
gateway-1   | [11:38:02.683710] [Gateway] Proxied chunk 474 back to Producer
gateway-1   | [11:38:02.683766] [Gateway] Proxied chunk 475 back to Producer
gateway-1   | [11:38:02.683918] [Gateway] Proxied chunk 476 back to Producer
gateway-1   | [11:38:02.684011] [Gateway] Proxied chunk 477 back to Producer
gateway-1   | [11:38:02.684087] [Gateway] Proxied chunk 478 back to Producer
gateway-1   | [11:38:02.684147] [Gateway] Received I_3: jc0bwHuK27afhFQ...
gateway-1   | [11:38:02.684181] [Gateway] Decrypted I_3 -> session: session-12345, chunk: 480
gateway-1   | [11:38:02.684195] [Gateway] Forwarding I_4 to Consumer: /local/consumer1/upload/jc0bwHuK27afhFQouXGb8cL1L7oUT-UdBiQIogqYW8Z3GeJtDw06mRH7Mbwk
gateway-1   | [11:38:02.684809] [Gateway] Proxied chunk 479 back to Producer
gateway-1   | [11:38:02.684959] [Gateway] Received I_3: 7Gbum9bUp_304iC...
gateway-1   | [11:38:02.684982] [Gateway] Decrypted I_3 -> session: session-12345, chunk: 481
gateway-1   | [11:38:02.685009] [Gateway] Forwarding I_4 to Consumer: /local/consumer1/upload/7Gbum9bUp_304iCct2uZ_MYsY-KIDJMmtxD_OGfpJ9ZwaFcKJiEdCzfDSUR1
gateway-1   | [11:38:02.685055] [Gateway] Received I_3: BAaYWgEbXozBanE...
gateway-1   | [11:38:02.685068] [Gateway] Decrypted I_3 -> session: session-12345, chunk: 482
gateway-1   | [11:38:02.685078] [Gateway] Forwarding I_4 to Consumer: /local/consumer1/upload/BAaYWgEbXozBanE4kNI8Kf4Own_BQppctAq3bPgoXyHjYCA87mO-ldLkCO9j
gateway-1   | [11:38:02.685576] [Gateway] Received I_3: aRLqAhaoeeSrcZ3...
gateway-1   | [11:38:02.685651] [Gateway] Decrypted I_3 -> session: session-12345, chunk: 483
gateway-1   | [11:38:02.685672] [Gateway] Forwarding I_4 to Consumer: /local/consumer1/upload/aRLqAhaoeeSrcZ3Eu0gkstPyMzhic_dQ2zyxrIS9ehELMxBWIhFOmNW1KnDB
gateway-1   | [11:38:02.685710] [Gateway] Received I_3: DHGlQyz1Xcga0c9...
gateway-1   | [11:38:02.685726] [Gateway] Decrypted I_3 -> session: session-12345, chunk: 484
gateway-1   | [11:38:02.685736] [Gateway] Forwarding I_4 to Consumer: /local/consumer1/upload/DHGlQyz1Xcga0c9wA2m3oL20kC7E1AwFQtO347VVW8jhZdw_84YCKgW_RuDP
gateway-1   | [11:38:02.685751] [Gateway] Received I_3: norWndtGmAXbkB1...
gateway-1   | [11:38:02.685764] [Gateway] Decrypted I_3 -> session: session-12345, chunk: 485
gateway-1   | [11:38:02.685775] [Gateway] Forwarding I_4 to Consumer: /local/consumer1/upload/norWndtGmAXbkB1OniQXFtC_YuiMop-US8k0WsG1Qacj--f6iXbfEuaNvlU_
gateway-1   | [11:38:02.685788] [Gateway] Proxied chunk 480 back to Producer
gateway-1   | [11:38:02.686308] [Gateway] Proxied chunk 481 back to Producer
gateway-1   | [11:38:02.686551] [Gateway] Proxied chunk 482 back to Producer
gateway-1   | [11:38:02.686690] [Gateway] Received I_3: ahKHbOzGkTTQ7cm...
gateway-1   | [11:38:02.686713] [Gateway] Decrypted I_3 -> session: session-12345, chunk: 486
gateway-1   | [11:38:02.686786] [Gateway] Forwarding I_4 to Consumer: /local/consumer1/upload/ahKHbOzGkTTQ7cmDlDNxkAYRcv9TanrM30a82KI2eqQYCkQYzaV3Cr7X-Q4n
gateway-1   | [11:38:02.686890] [Gateway] Received I_3: 4gk6PpWsbxVGpUH...
gateway-1   | [11:38:02.686956] [Gateway] Decrypted I_3 -> session: session-12345, chunk: 487
gateway-1   | [11:38:02.687056] [Gateway] Forwarding I_4 to Consumer: /local/consumer1/upload/4gk6PpWsbxVGpUHk3BctjYdKQ7ESCMt0vuLWITzj0FhJrZEKDCgYcO7yfVLq
gateway-1   | [11:38:02.687108] [Gateway] Received I_3: XDL77TJIGuMYdys...
gateway-1   | [11:38:02.687136] [Gateway] Decrypted I_3 -> session: session-12345, chunk: 488
gateway-1   | [11:38:02.687150] [Gateway] Forwarding I_4 to Consumer: /local/consumer1/upload/XDL77TJIGuMYdys-OvKQZP2nZP81TUdTiB7UzY5vT7W1ajgvuibpGhCMgzty
gateway-1   | [11:38:02.687161] [Gateway] Received I_3: yYQyx3k4nenQYBR...
gateway-1   | [11:38:02.687170] [Gateway] Decrypted I_3 -> session: session-12345, chunk: 489
gateway-1   | [11:38:02.687177] [Gateway] Forwarding I_4 to Consumer: /local/consumer1/upload/yYQyx3k4nenQYBRVJfdnUGhC8qxCOJW6XSZ558TKdfZ9gvxBOdO2m1mU-uk2
gateway-1   | [11:38:02.687237] [Gateway] Received I_3: _bCkTSXI1W7Tdm-...
gateway-1   | [11:38:02.687251] [Gateway] Decrypted I_3 -> session: session-12345, chunk: 490
gateway-1   | [11:38:02.687260] [Gateway] Forwarding I_4 to Consumer: /local/consumer1/upload/_bCkTSXI1W7Tdm-XUDHdisw1dDLSM9oEaScuITvzm1kiTFQMZtq1-EtGLGaa
gateway-1   | [11:38:02.687270] [Gateway] Received I_3: FG-B_Qmicqxblww...
gateway-1   | [11:38:02.687278] [Gateway] Decrypted I_3 -> session: session-12345, chunk: 491
gateway-1   | [11:38:02.687286] [Gateway] Forwarding I_4 to Consumer: /local/consumer1/upload/FG-B_Qmicqxblwwd96OxK8Ml0HoRC9KOzg6RPR1rYp0Vjs6B7dNaRyG-OYz7
gateway-1   | [11:38:02.687301] [Gateway] Proxied chunk 483 back to Producer
gateway-1   | [11:38:02.687421] [Gateway] Received I_3: u9QsCLesTNvM4rX...
gateway-1   | [11:38:02.687437] [Gateway] Decrypted I_3 -> session: session-12345, chunk: 492
gateway-1   | [11:38:02.687446] [Gateway] Forwarding I_4 to Consumer: /local/consumer1/upload/u9QsCLesTNvM4rXoNK6qNXFUnt6Ym-AcXe6iQPi6vrrYxpp82sSGQ61pN4hn
gateway-1   | [11:38:02.687458] [Gateway] Received I_3: _r_mVt6bULF8ycb...
gateway-1   | [11:38:02.687529] [Gateway] Decrypted I_3 -> session: session-12345, chunk: 493
gateway-1   | [11:38:02.687641] [Gateway] Forwarding I_4 to Consumer: /local/consumer1/upload/_r_mVt6bULF8ycbKt8i3terEjMflMGw_wzmpqwh_Qu-2D0lXooYKm3fxcHKm
gateway-1   | [11:38:02.687725] [Gateway] Proxied chunk 484 back to Producer
gateway-1   | [11:38:02.687919] [Gateway] Received I_3: AzTTkqw2vA0ByCu...
gateway-1   | [11:38:02.687967] [Gateway] Decrypted I_3 -> session: session-12345, chunk: 494
gateway-1   | [11:38:02.687982] [Gateway] Forwarding I_4 to Consumer: /local/consumer1/upload/AzTTkqw2vA0ByCu87skVQSu6NByHSAYs-KAwEfVVEs_NnvBocxfI2WHtkzhe
gateway-1   | [11:38:02.687998] [Gateway] Received I_3: 1famnwl0w-liTWG...
gateway-1   | [11:38:02.688006] [Gateway] Decrypted I_3 -> session: session-12345, chunk: 495
gateway-1   | [11:38:02.688014] [Gateway] Forwarding I_4 to Consumer: /local/consumer1/upload/1famnwl0w-liTWGm0AjE1Uta9zsHhMPNN8DVL32MFx3gJ0Zx9_ooBi7-fyY_
gateway-1   | [11:38:02.688024] [Gateway] Received I_3: AfnecKSD54CKoGu...
gateway-1   | [11:38:02.688036] [Gateway] Decrypted I_3 -> session: session-12345, chunk: 496
gateway-1   | [11:38:02.688047] [Gateway] Forwarding I_4 to Consumer: /local/consumer1/upload/AfnecKSD54CKoGu7brJ4Q9RKz8HMly8ADMD9X6I81_OPm3R3zn5kUap6Lbp1
gateway-1   | [11:38:02.688061] [Gateway] Received I_3: lhmwR11TTgztKYV...
gateway-1   | [11:38:02.688071] [Gateway] Decrypted I_3 -> session: session-12345, chunk: 497
gateway-1   | [11:38:02.688095] [Gateway] Forwarding I_4 to Consumer: /local/consumer1/upload/lhmwR11TTgztKYVr-ZzvEe5XfM4zy1U8XYcMQZaJ90IoOxMH6i4giocASSKt
gateway-1   | [11:38:02.688109] [Gateway] Received I_3: SjFmRU0phBEOTGl...
gateway-1   | [11:38:02.688133] [Gateway] Decrypted I_3 -> session: session-12345, chunk: 498
gateway-1   | [11:38:02.688146] [Gateway] Forwarding I_4 to Consumer: /local/consumer1/upload/SjFmRU0phBEOTGlrrAwAX1ZTzCvdg2-IK1R7sbQoEzaZFgHbdKfbHRw4e2CC
gateway-1   | [11:38:02.688172] [Gateway] Received I_3: HY02VsoTavxg9Wj...
gateway-1   | [11:38:02.688197] [Gateway] Decrypted I_3 -> session: session-12345, chunk: 499
gateway-1   | [11:38:02.688222] [Gateway] Forwarding I_4 to Consumer: /local/consumer1/upload/HY02VsoTavxg9WjSWCG6CL5pEHiean65E694Z7JbnfYUPDq_vc_Mg8G9sqNE
gateway-1   | [11:38:02.688236] [Gateway] Proxied chunk 485 back to Producer
gateway-1   | [11:38:02.688395] [Gateway] Received I_3: ipCEo-MhXE3Iboo...
gateway-1   | [11:38:02.688425] [Gateway] Decrypted I_3 -> session: session-12345, chunk: 500
gateway-1   | [11:38:02.688437] [Gateway] Forwarding I_4 to Consumer: /local/consumer1/upload/ipCEo-MhXE3Ibood2C_A6-GdIo-H9wek-Kic-DywvHY54s5Hj-eoFYevabMr
gateway-1   | [11:38:02.688449] [Gateway] Proxied chunk 486 back to Producer
gateway-1   | [11:38:02.689051] [Gateway] Proxied chunk 487 back to Producer
gateway-1   | [11:38:02.690056] [Gateway] Proxied chunk 488 back to Producer
gateway-1   | [11:38:02.691302] [Gateway] Proxied chunk 489 back to Producer
gateway-1   | [11:38:02.691460] [Gateway] Proxied chunk 490 back to Producer
gateway-1   | [11:38:02.691545] [Gateway] Proxied chunk 491 back to Producer
gateway-1   | [11:38:02.691631] [Gateway] Proxied chunk 492 back to Producer
gateway-1   | [11:38:02.691702] [Gateway] Proxied chunk 493 back to Producer
gateway-1   | [11:38:02.691873] [Gateway] Proxied chunk 494 back to Producer
gateway-1   | [11:38:02.692000] [Gateway] Proxied chunk 495 back to Producer
gateway-1   | [11:38:02.692060] [Gateway] Proxied chunk 496 back to Producer
gateway-1   | [11:38:02.692163] [Gateway] Proxied chunk 497 back to Producer
gateway-1   | [11:38:02.692234] [Gateway] Proxied chunk 498 back to Producer
gateway-1   | [11:38:02.692303] [Gateway] Proxied chunk 499 back to Producer
gateway-1   | [11:38:02.692352] [Gateway] Proxied chunk 500 back to Producer
